{
    "name": "root",
    "gauges": {
        "TrafficLightBrain.Policy.Entropy.mean": {
            "value": 4.227000713348389,
            "min": 4.097353458404541,
            "max": 4.342196464538574,
            "count": 7
        },
        "TrafficLightBrain.Policy.Entropy.sum": {
            "value": 6873.103515625,
            "min": 4381.2763671875,
            "max": 7191.498046875,
            "count": 7
        },
        "TrafficLightBrain.Step.mean": {
            "value": 1045482.0,
            "min": 1036472.0,
            "max": 1045482.0,
            "count": 7
        },
        "TrafficLightBrain.Step.sum": {
            "value": 1045482.0,
            "min": 1036472.0,
            "max": 1045482.0,
            "count": 7
        },
        "TrafficLightBrain.Policy.ExtrinsicValueEstimate.mean": {
            "value": -12.554335594177246,
            "min": -47.59003829956055,
            "max": -12.554335594177246,
            "count": 7
        },
        "TrafficLightBrain.Policy.ExtrinsicValueEstimate.sum": {
            "value": -364.07574462890625,
            "min": -757.9397583007812,
            "max": -364.07574462890625,
            "count": 7
        },
        "TrafficLightBrain.Environment.EpisodeLength.mean": {
            "value": 107.0625,
            "min": 99.0,
            "max": 107.0625,
            "count": 7
        },
        "TrafficLightBrain.Environment.EpisodeLength.sum": {
            "value": 1713.0,
            "min": 198.0,
            "max": 1891.0,
            "count": 7
        },
        "TrafficLightBrain.Environment.CumulativeReward.mean": {
            "value": -70.99080110998715,
            "min": -78.00843708331769,
            "max": -60.50882339477539,
            "count": 7
        },
        "TrafficLightBrain.Environment.CumulativeReward.sum": {
            "value": -1206.8436188697815,
            "min": -1433.4531092643738,
            "max": -60.50882339477539,
            "count": 7
        },
        "TrafficLightBrain.Policy.ExtrinsicReward.mean": {
            "value": -70.99080110998715,
            "min": -78.00843708331769,
            "max": -60.50882339477539,
            "count": 7
        },
        "TrafficLightBrain.Policy.ExtrinsicReward.sum": {
            "value": -1206.8436188697815,
            "min": -1433.4531092643738,
            "max": -60.50882339477539,
            "count": 7
        },
        "TrafficLightBrain.IsTraining.mean": {
            "value": 1.0,
            "min": 1.0,
            "max": 1.0,
            "count": 7
        },
        "TrafficLightBrain.IsTraining.sum": {
            "value": 1.0,
            "min": 1.0,
            "max": 1.0,
            "count": 7
        },
        "TrafficLightBrain.Losses.PolicyLoss.mean": {
            "value": 0.06614535849075764,
            "min": 0.06614535849075764,
            "max": 0.07172123369916032,
            "count": 4
        },
        "TrafficLightBrain.Losses.PolicyLoss.sum": {
            "value": 0.06614535849075764,
            "min": 0.06614535849075764,
            "max": 0.07172123369916032,
            "count": 4
        },
        "TrafficLightBrain.Losses.ValueLoss.mean": {
            "value": 179.84129985173544,
            "min": 179.84129985173544,
            "max": 222.87093353271484,
            "count": 4
        },
        "TrafficLightBrain.Losses.ValueLoss.sum": {
            "value": 179.84129985173544,
            "min": 179.84129985173544,
            "max": 222.87093353271484,
            "count": 4
        },
        "TrafficLightBrain.Policy.LearningRate.mean": {
            "value": 0.0002608427755524125,
            "min": 0.0002608427755524125,
            "max": 0.0002610787254737625,
            "count": 4
        },
        "TrafficLightBrain.Policy.LearningRate.sum": {
            "value": 0.0002608427755524125,
            "min": 0.0002608427755524125,
            "max": 0.0002610787254737625,
            "count": 4
        },
        "TrafficLightBrain.Policy.Epsilon.mean": {
            "value": 0.18694758749999998,
            "min": 0.18694758749999998,
            "max": 0.18702623750000003,
            "count": 4
        },
        "TrafficLightBrain.Policy.Epsilon.sum": {
            "value": 0.18694758749999998,
            "min": 0.18694758749999998,
            "max": 0.18702623750000003,
            "count": 4
        },
        "TrafficLightBrain.Policy.Beta.mean": {
            "value": 0.00434868461625,
            "min": 0.00434868461625,
            "max": 0.00435260925125,
            "count": 4
        },
        "TrafficLightBrain.Policy.Beta.sum": {
            "value": 0.00434868461625,
            "min": 0.00434868461625,
            "max": 0.00435260925125,
            "count": 4
        }
    },
    "metadata": {
        "timer_format_version": "0.1.0",
        "start_time_seconds": "1753352211",
        "python_version": "3.10.11 (tags/v3.10.11:7d4cc5a, Apr  5 2023, 00:38:17) [MSC v.1929 64 bit (AMD64)]",
        "command_line_arguments": "X:\\PROJECTS\\Traffiko\\venv\\Scripts\\mlagents-learn config.yaml --run-id=0719day2 --torch-device=cuda --resume",
        "mlagents_version": "1.1.0",
        "mlagents_envs_version": "1.1.0",
        "communication_protocol_version": "1.5.0",
        "pytorch_version": "2.7.1+cu128",
        "numpy_version": "1.23.5",
        "end_time_seconds": "1753352523"
    },
    "total": 312.1646767000202,
    "count": 1,
    "self": 0.007671399973332882,
    "children": {
        "run_training.setup": {
            "total": 0.18314199999440461,
            "count": 1,
            "self": 0.18314199999440461
        },
        "TrainerController.start_learning": {
            "total": 311.97386330005247,
            "count": 1,
            "self": 0.15957509528379887,
            "children": {
                "TrainerController._reset_env": {
                    "total": 25.74504579999484,
                    "count": 1,
                    "self": 25.74504579999484
                },
                "TrainerController.advance": {
                    "total": 285.71245100477245,
                    "count": 7307,
                    "self": 0.15609411161858588,
                    "children": {
                        "env_step": {
                            "total": 275.368707796908,
                            "count": 7307,
                            "self": 198.0093498940114,
                            "children": {
                                "SubprocessEnvManager._take_step": {
                                    "total": 77.24328570172656,
                                    "count": 7307,
                                    "self": 0.5719831013120711,
                                    "children": {
                                        "TorchPolicy.evaluate": {
                                            "total": 76.67130260041449,
                                            "count": 7249,
                                            "self": 76.67130260041449
                                        }
                                    }
                                },
                                "workers": {
                                    "total": 0.11607220117002726,
                                    "count": 7306,
                                    "self": 0.0,
                                    "children": {
                                        "worker_root": {
                                            "total": 280.5269600061001,
                                            "count": 7306,
                                            "is_parallel": true,
                                            "self": 99.79881340346765,
                                            "children": {
                                                "steps_from_proto": {
                                                    "total": 0.0006569999968633056,