{
    "name": "root",
    "gauges": {
        "TrafficLightBrain.Policy.Entropy.mean": {
            "value": 0.13444751501083374,
            "min": 0.10072528570890427,
            "max": 0.14997601509094238,
            "count": 37
        },
        "TrafficLightBrain.Policy.Entropy.sum": {
            "value": 194.9488983154297,
            "min": 156.0674591064453,
            "max": 236.82028198242188,
            "count": 37
        },
        "TrafficLightBrain.Environment.EpisodeLength.mean": {
            "value": 57.0,
            "min": 57.0,
            "max": 57.0,
            "count": 37
        },
        "TrafficLightBrain.Environment.EpisodeLength.sum": {
            "value": 1425.0,
            "min": 1425.0,
            "max": 1710.0,
            "count": 37
        },
        "TrafficLightBrain.Step.mean": {
            "value": 557975.0,
            "min": 503977.0,
            "max": 557975.0,
            "count": 37
        },
        "TrafficLightBrain.Step.sum": {
            "value": 557975.0,
            "min": 503977.0,
            "max": 557975.0,
            "count": 37
        },
        "TrafficLightBrain.Policy.ExtrinsicValueEstimate.mean": {
            "value": -109.12267303466797,
            "min": -126.52405548095703,
            "max": -57.03852081298828,
            "count": 37
        },
        "TrafficLightBrain.Policy.ExtrinsicValueEstimate.sum": {
            "value": -2837.189453125,
            "min": -3289.62548828125,
            "max": -1425.9630126953125,
            "count": 37
        },
        "TrafficLightBrain.Environment.CumulativeReward.mean": {
            "value": -28.50246972304124,
            "min": -77.81447773713332,
            "max": -6.201787581810584,
            "count": 37
        },
        "TrafficLightBrain.Environment.CumulativeReward.sum": {
            "value": -741.0642127990723,
            "min": -2023.1764211654663,
            "max": -161.2464771270752,
            "count": 37
        },
        "TrafficLightBrain.Policy.ExtrinsicReward.mean": {
            "value": -28.50246972304124,
            "min": -77.81447773713332,
            "max": -6.201787581810584,
            "count": 37
        },
        "TrafficLightBrain.Policy.ExtrinsicReward.sum": {
            "value": -741.0642127990723,
            "min": -2023.1764211654663,
            "max": -161.2464771270752,
            "count": 37
        },
        "TrafficLightBrain.IsTraining.mean": {
            "value": 1.0,
            "min": 1.0,
            "max": 1.0,
            "count": 37
        },
        "TrafficLightBrain.IsTraining.sum": {
            "value": 1.0,
            "min": 1.0,
            "max": 1.0,
            "count": 37
        },
        "TrafficLightBrain.Losses.PolicyLoss.mean": {
            "value": 0.0698233111244109,
            "min": 0.05601833643460715,
            "max": 0.07598277667744292,
            "count": 23
        },
        "TrafficLightBrain.Losses.PolicyLoss.sum": {
            "value": 0.0698233111244109,
            "min": 0.05601833643460715,
            "max": 0.07598277667744292,
            "count": 23
        },
        "TrafficLightBrain.Losses.ValueLoss.mean": {
            "value": 49387.83181423611,
            "min": 43834.08362268518,
            "max": 75812.87015335647,
            "count": 23
        },
        "TrafficLightBrain.Losses.ValueLoss.sum": {
            "value": 49387.83181423611,
            "min": 43834.08362268518,
            "max": 75812.87015335647,
            "count": 23
        },
        "TrafficLightBrain.Policy.LearningRate.mean": {
            "value": 9.145544451487502e-05,
            "min": 9.145544451487502e-05,
            "max": 0.00011059543813487503,
            "count": 23
        },
        "TrafficLightBrain.Policy.LearningRate.sum": {
            "value": 9.145544451487502e-05,
            "min": 9.145544451487502e-05,
            "max": 0.00011059543813487503,
            "count": 23
        },
        "TrafficLightBrain.Policy.Epsilon.mean": {
            "value": 0.13048512499999998,
            "min": 0.13048512499999998,
            "max": 0.136865125,
            "count": 23
        },
        "TrafficLightBrain.Policy.Epsilon.sum": {
            "value": 0.13048512499999998,
            "min": 0.13048512499999998,
            "max": 0.136865125,
            "count": 23
        },
        "TrafficLightBrain.Policy.Beta.mean": {
            "value": 0.0015312077375,
            "min": 0.0015312077375,
            "max": 0.0018495697375000004,
            "count": 23
        },
        "TrafficLightBrain.Policy.Beta.sum": {
            "value": 0.0015312077375,
            "min": 0.0015312077375,
            "max": 0.0018495697375000004,
            "count": 23
        }
    },
    "metadata": {
        "timer_format_version": "0.1.0",
        "start_time_seconds": "1752941283",
        "python_version": "3.10.11 (tags/v3.10.11:7d4cc5a, Apr  5 2023, 00:38:17) [MSC v.1929 64 bit (AMD64)]",
        "command_line_arguments": "X:\\PROJECTS\\Traffiko\\venv\\Scripts\\mlagents-learn config.yaml --run-id=0719day2 --resume --torch-device=cuda",
        "mlagents_version": "1.1.0",
        "mlagents_envs_version": "1.1.0",
        "communication_protocol_version": "1.5.0",
        "pytorch_version": "2.7.1+cu128",
        "numpy_version": "1.23.5",
        "end_time_seconds": "1752944386"
    },
    "total": 3102.9743992000003,
    "count": 1,
    "self": 0.008957700047176331,
    "children": {
        "run_training.setup": {
            "total": 0.1994463999872096,
            "count": 1,
            "self": 0.1994463999872096
        },
        "TrainerController.start_learning": {
            "total": 3102.765995099966,
            "count": 1,
            "self": 0.27396579983178526,
            "children": {
                "TrainerController._reset_env": {
                    "total": 18.721079299983103,
                    "count": 1,
                    "self": 18.721079299983103
                },
                "TrainerController.advance": {
                    "total": 3083.5633849001024,
                    "count": 11325,
                    "self": 0.25390170654281974,
                    "children": {
                        "env_step": {
                            "total": 3043.171096797625,
                            "count": 11325,
                            "self": 2965.7344133013976,
                            "children": {
                                "SubprocessEnvManager._take_step": {
                                    "total": 77.2463908981299,
                                    "count": 11325,
                                    "self": 0.9601912989164703,
                                    "children": {
                                        "TorchPolicy.evaluate": {
                                            "total": 76.28619959921343,
                                            "count": 11134,
                                            "self": 76.28619959921343
                                        }
                                    }
                                },
                                "workers": {
                                    "total": 0.19029259809758514,
                                    "count": 11324,
                                    "self": 0.0,
                                    "children": {
                                        "worker_root": {
                                            "total": 3054.2984572992427,
                                            "count": 11324,
                                            "is_parallel": true,
                                            "self": 138.33586660027504,
                                            "children": {
                                                "steps_from_proto": {
                                                    "total": 0.0009541000472381711,