{"count":1,"self":77.1329088,"total":77.272989799999991,"children":{"InitializeActuators":{"count":1,"self":0.0050003999999999995,"total":0.0050003999999999995,"children":null},"InitializeSensors":{"count":1,"self":0.0020488999999999998,"total":0.0020488999999999998,"children":null},"AgentSendState":{"count":3549,"self":0.0060466,"total":0.0240628,"children":{"CollectObservations":{"count":70,"self":0.0027088999999999998,"total":0.0027088999999999998,"children":null},"WriteActionMask":{"count":70,"self":0.0009998,"total":0.0009998,"children":null},"RequestDecision":{"count":70,"self":0.014307499999999999,"total":0.014307499999999999,"children":null}}},"DecideAction":{"count":3549,"self":0.0974423,"total":0.0974423,"children":null},"AgentAct":{"count":3549,"self":0.010520999999999999,"total":0.010520999999999999,"children":null}},"gauges":{},"metadata":{"timer_format_version":"0.1.0","start_time_seconds":"1752929829","unity_version":"6000.0.16f1","command_line_arguments":"X:\\uniti\\6000.0.16f1\\Editor\\Unity.exe -projectpath X:\\PROJECTS\\Traffiko -useHub -hubIPC -cloudEnvironment production","communication_protocol_version":"1.5.0","com.unity.ml-agents_version":"3.0.0","scene_name":"SampleScene","end_time_seconds":"1752929906"}}