{"count":1,"self":313.2648704,"total":313.63968639999996,"children":{"InitializeActuators":{"count":1,"self":0.0040276999999999995,"total":0.0040276999999999995,"children":null},"InitializeSensors":{"count":1,"self":0.0030001999999999997,"total":0.0030001999999999997,"children":null},"AgentSendState":{"count":8437,"self":0.0445678,"total":0.0625635,"children":{"CollectObservations":{"count":167,"self":0.0029969999999999997,"total":0.0029969999999999997,"children":null},"WriteActionMask":{"count":167,"self":0,"total":0,"children":null},"RequestDecision":{"count":167,"self":0.014998699999999998,"total":0.014998699999999998,"children":null}}},"DecideAction":{"count":8437,"self":0.2889356,"total":0.2889356,"children":null},"AgentAct":{"count":8437,"self":0.015279899999999999,"total":0.015279899999999999,"children":null}},"gauges":{"TrafficLightBrain.CumulativeReward":{"count":1,"max":-112.297256,"min":-112.297256,"runningAverage":-112.297256,"value":-112.297256,"weightedAverage":-112.297256}},"metadata":{"timer_format_version":"0.1.0","start_time_seconds":"1753109794","unity_version":"6000.0.53f1","command_line_arguments":"X:\\uniti\\6000.0.53f1\\Editor\\Unity.exe -projectpath X:\\PROJECTS\\Traffiko -useHub -hubIPC -cloudEnvironment production","communication_protocol_version":"1.5.0","com.unity.ml-agents_version":"3.0.0","scene_name":"SampleScene","end_time_seconds":"1753110108"}}