Using pre-set license
Built from '6000.0/staging' branch; Version is '6000.0.53f1 (283510a092d9) revision 2635024'; Using compiler version '193933523'; Build Type 'Release'
OS: 'Windows 10  (10.0.19045) 64bit Professional' Language: 'en' Physical Memory: 32687 MB
BatchMode: 1, IsHumanControllingUs: 0, StartBugReporterOnCrash: 0, Is64bit: 1
Date: 2025-09-04T09:06:36Z

COMMAND LINE ARGUMENTS:
X:\uniti\6000.0.53f1\Editor\Unity.exe
-adb2
-batchMode
-noUpm
-name
AssetImportWorker0
-projectPath
X:/PROJECTS/Traffiko
-logFile
Logs/AssetImportWorker0.log
-srvPort
56134
-job-worker-count
3
-background-job-worker-count
8
-gc-helper-count
1
Successfully changed project path to: X:/PROJECTS/Traffiko
X:/PROJECTS/Traffiko
[UnityMemory] Configuration Parameters - Can be set up in boot.config
    "memorysetup-bucket-allocator-granularity=16"
    "memorysetup-bucket-allocator-bucket-count=8"
    "memorysetup-bucket-allocator-block-size=33554432"
    "memorysetup-bucket-allocator-block-count=8"
    "memorysetup-main-allocator-block-size=16777216"
    "memorysetup-thread-allocator-block-size=16777216"
    "memorysetup-gfx-main-allocator-block-size=16777216"
    "memorysetup-gfx-thread-allocator-block-size=16777216"
    "memorysetup-cache-allocator-block-size=4194304"
    "memorysetup-typetree-allocator-block-size=2097152"
    "memorysetup-profiler-bucket-allocator-granularity=16"
    "memorysetup-profiler-bucket-allocator-bucket-count=8"
    "memorysetup-profiler-bucket-allocator-block-size=33554432"
    "memorysetup-profiler-bucket-allocator-block-count=8"
    "memorysetup-profiler-allocator-block-size=16777216"
    "memorysetup-profiler-editor-allocator-block-size=1048576"
    "memorysetup-temp-allocator-size-main=16777216"
    "memorysetup-job-temp-allocator-block-size=2097152"
    "memorysetup-job-temp-allocator-block-size-background=1048576"
    "memorysetup-job-temp-allocator-reduction-small-platforms=262144"
    "memorysetup-allocator-temp-initial-block-size-main=262144"
    "memorysetup-allocator-temp-initial-block-size-worker=262144"
    "memorysetup-temp-allocator-size-background-worker=32768"
    "memorysetup-temp-allocator-size-job-worker=262144"
    "memorysetup-temp-allocator-size-preload-manager=33554432"
    "memorysetup-temp-allocator-size-nav-mesh-worker=65536"
    "memorysetup-temp-allocator-size-audio-worker=65536"
    "memorysetup-temp-allocator-size-cloud-worker=32768"
    "memorysetup-temp-allocator-size-gi-baking-worker=262144"
    "memorysetup-temp-allocator-size-gi-baking-worker=262144"
    "memorysetup-temp-allocator-size-gi-baking-worker=262144"
    "memorysetup-temp-allocator-size-gi-baking-worker=262144"
    "memorysetup-temp-allocator-size-gi-baking-worker=262144"
    "memorysetup-temp-allocator-size-gfx=262144"
Player connection [3984]  Target information:

Player connection [3984]  * "[IP] 192.168.1.7 [Port] 0 [Flags] 2 [Guid] 3305404912 [EditorId] 3305404912 [Version] 1048832 [Id] WindowsEditor(7,DESKTOP-F3UHGJS) [Debug] 1 [PackageName] WindowsEditor [ProjectName] Editor" 

Player connection [3984]  * "[IP] 192.168.56.1 [Port] 0 [Flags] 2 [Guid] 3305404912 [EditorId] 3305404912 [Version] 1048832 [Id] WindowsEditor(7,DESKTOP-F3UHGJS) [Debug] 1 [PackageName] WindowsEditor [ProjectName] Editor" 

Player connection [3984] Host joined multi-casting on [225.0.0.222:54997]...
Player connection [3984] Host joined alternative multi-casting on [225.0.0.222:34997]...
JobSystem: Creating JobQueue using job-worker-count value 3
Input System module state changed to: Initialized.
[Physics::Module] Initialized fallback backend.
[Physics::Module] Id: 0xdecafbad
Library Redirect Path: Library/
[Physics::Module] Selected backend.
[Physics::Module] Name: PhysX
[Physics::Module] Id: 0xf2b8ea05
[Physics::Module] SDK Version: 4.1.2
[Physics::Module] Integration Version: 1.0.0
[Physics::Module] Threading Mode: Multi-Threaded
Refreshing native plugins compatible for Editor in 6.79 ms, found 4 plugins.
Preloading 0 native plugins for Editor in 0.00 ms.
Initialize engine version: 6000.0.53f1 (283510a092d9)
[Subsystems] Discovering subsystems at path X:/uniti/6000.0.53f1/Editor/Data/Resources/UnitySubsystems
[Subsystems] Discovering subsystems at path X:/PROJECTS/Traffiko/Assets
GfxDevice: creating device client; kGfxThreadingModeNonThreaded
Direct3D:
    Version:  Direct3D 11.0 [level 11.1]
    Renderer: NVIDIA GeForce GTX 1650 (ID=0x1f82)
    Vendor:   NVIDIA
    VRAM:     3935 MB
    Driver:   32.0.15.7657
Initialize mono
Mono path[0] = 'X:/uniti/6000.0.53f1/Editor/Data/Managed'
Mono path[1] = 'X:/uniti/6000.0.53f1/Editor/Data/MonoBleedingEdge/lib/mono/unityjit-win32'
Mono config path = 'X:/uniti/6000.0.53f1/Editor/Data/MonoBleedingEdge/etc'
Using monoOptions --debugger-agent=transport=dt_socket,embedding=1,server=y,suspend=n,address=127.0.0.1:56728
Begin MonoManager ReloadAssembly
Registering precompiled unity dll's ...
Register platform support module: X:/uniti/6000.0.53f1/Editor/Data/PlaybackEngines/WebGLSupport/UnityEditor.WebGL.Extensions.dll
Register platform support module: X:/uniti/6000.0.53f1/Editor/Data/PlaybackEngines/WindowsStandaloneSupport/UnityEditor.WindowsStandalone.Extensions.dll
Register platform support module: X:/uniti/6000.0.53f1/Editor/Data/PlaybackEngines/MetroSupport/UnityEditor.UWP.Extensions.dll
Register platform support module: X:/uniti/6000.0.53f1/Editor/Data/PlaybackEngines/AndroidPlayer/UnityEditor.Android.Extensions.dll
Register platform support module: X:/uniti/6000.0.53f1/Editor/Data/PlaybackEngines/LinuxStandaloneSupport/UnityEditor.LinuxStandalone.Extensions.dll
Registered in 0.011871 seconds.
- Loaded All Assemblies, in  0.917 seconds
Native extension for LinuxStandalone target not found
Native extension for Android target not found
Android Extension - Scanning For ADB Devices 428 ms
Native extension for UWP target not found
Native extension for WindowsStandalone target not found
Native extension for WebGL target not found
Mono: successfully reloaded assembly
- Finished resetting the current domain, in  1.321 seconds
Domain Reload Profiling: 2237ms
	BeginReloadAssembly (296ms)
		ExecutionOrderSort (0ms)
		DisableScriptedObjects (0ms)
		BackupInstance (0ms)
		ReleaseScriptingObjects (0ms)
		CreateAndSetChildDomain (2ms)
	RebuildCommonClasses (88ms)
	RebuildNativeTypeToScriptingClass (24ms)
	initialDomainReloadingComplete (105ms)
	LoadAllAssembliesAndSetupDomain (403ms)
		LoadAssemblies (299ms)
		RebuildTransferFunctionScriptingTraits (0ms)
		AnalyzeDomain (391ms)
			TypeCache.Refresh (389ms)
				TypeCache.ScanAssembly (365ms)
			BuildScriptInfoCaches (0ms)
			ResolveRequiredComponents (1ms)
	FinalizeReload (1321ms)
		ReleaseScriptCaches (0ms)
		RebuildScriptCaches (0ms)
		SetupLoadedEditorAssemblies (1211ms)
			LogAssemblyErrors (0ms)
			InitializePlatformSupportModulesInManaged (691ms)
			SetLoadedEditorAssemblies (6ms)
			BeforeProcessingInitializeOnLoad (138ms)
			ProcessInitializeOnLoadAttributes (249ms)
			ProcessInitializeOnLoadMethodAttributes (126ms)
			AfterProcessingInitializeOnLoad (0ms)
			EditorAssembliesLoaded (0ms)
		ExecutionOrderSort2 (0ms)
		AwakeInstancesAfterBackupRestoration (0ms)
========================================================================
Worker process is ready to serve import requests
Import Worker Mode flag is 0x00
Begin MonoManager ReloadAssembly
Symbol file LoadedFromMemory is not a mono symbol file
- Loaded All Assemblies, in  1.504 seconds
Refreshing native plugins compatible for Editor in 5.07 ms, found 4 plugins.
Native extension for LinuxStandalone target not found
Native extension for Android target not found
Native extension for UWP target not found
Native extension for WindowsStandalone target not found
Native extension for WebGL target not found
Mono: successfully reloaded assembly
- Finished resetting the current domain, in  1.579 seconds
Domain Reload Profiling: 3081ms
	BeginReloadAssembly (377ms)
		ExecutionOrderSort (0ms)
		DisableScriptedObjects (13ms)
		BackupInstance (0ms)
		ReleaseScriptingObjects (0ms)
		CreateAndSetChildDomain (48ms)
	RebuildCommonClasses (76ms)
	RebuildNativeTypeToScriptingClass (28ms)
	initialDomainReloadingComplete (72ms)
	LoadAllAssembliesAndSetupDomain (948ms)
		LoadAssemblies (672ms)
		RebuildTransferFunctionScriptingTraits (0ms)
		AnalyzeDomain (506ms)
			TypeCache.Refresh (382ms)
				TypeCache.ScanAssembly (355ms)
			BuildScriptInfoCaches (88ms)
			ResolveRequiredComponents (32ms)
	FinalizeReload (1580ms)
		ReleaseScriptCaches (0ms)
		RebuildScriptCaches (0ms)
		SetupLoadedEditorAssemblies (1183ms)
			LogAssemblyErrors (0ms)
			InitializePlatformSupportModulesInManaged (55ms)
			SetLoadedEditorAssemblies (7ms)
			BeforeProcessingInitializeOnLoad (230ms)
			ProcessInitializeOnLoadAttributes (646ms)
			ProcessInitializeOnLoadMethodAttributes (237ms)
			AfterProcessingInitializeOnLoad (7ms)
			EditorAssembliesLoaded (0ms)
		ExecutionOrderSort2 (0ms)
		AwakeInstancesAfterBackupRestoration (9ms)
Launched and connected shader compiler UnityShaderCompiler.exe after 0.02 seconds
Refreshing native plugins compatible for Editor in 7.44 ms, found 4 plugins.
Preloading 0 native plugins for Editor in 0.00 ms.
Unloading 311 Unused Serialized files (Serialized files now loaded: 0)
Unloading 6504 unused Assets / (20.2 MB). Loaded Objects now: 7239.
Memory consumption went from 200.5 MB to 180.4 MB.
Total: 25.499500 ms (FindLiveObjects: 1.110400 ms CreateObjectMapping: 1.826600 ms MarkObjects: 10.970000 ms  DeleteObjects: 11.589900 ms)

========================================================================
Received Import Request.
  Time since last request: 1357914.980815 seconds.
  path: Assets/Scenes/Testing.unity
  artifactKey: Guid(0356e50d395aded4893365b6406831b9) Importer(815301076,1909f56bfc062723c751e8b465ee728b)
Start importing Assets/Scenes/Testing.unity using Guid(0356e50d395aded4893365b6406831b9) Importer(815301076,1909f56bfc062723c751e8b465ee728b) (PreviewImporter) -> (artifact id: '887e33e19b51ab98721d93a75ea86b52') in 0.0115989 seconds
Number of updated asset objects reloaded before import = 0Number of asset objects unloaded after import = 0

========================================================================
Received Prepare
Refreshing native plugins compatible for Editor in 9.76 ms, found 4 plugins.
Preloading 0 native plugins for Editor in 0.00 ms.
Unloading 52 Unused Serialized files (Serialized files now loaded: 0)
Unloading 6487 unused Assets / (19.8 MB). Loaded Objects now: 7242.
Memory consumption went from 151.7 MB to 131.9 MB.
Total: 28.258800 ms (FindLiveObjects: 1.214600 ms CreateObjectMapping: 1.904400 ms MarkObjects: 12.370500 ms  DeleteObjects: 12.767100 ms)

Prepare: number of updated asset objects reloaded= 0
========================================================================
Received Prepare
Refreshing native plugins compatible for Editor in 10.37 ms, found 4 plugins.
Preloading 0 native plugins for Editor in 0.00 ms.
Unloading 52 Unused Serialized files (Serialized files now loaded: 0)
Unloading 6487 unused Assets / (19.8 MB). Loaded Objects now: 7242.
Memory consumption went from 151.7 MB to 131.9 MB.
Total: 24.771000 ms (FindLiveObjects: 1.244800 ms CreateObjectMapping: 2.183100 ms MarkObjects: 9.986200 ms  DeleteObjects: 11.353900 ms)

Prepare: number of updated asset objects reloaded= 0
========================================================================
Received Import Request.
  Time since last request: 39.873599 seconds.
  path: Assets/Scripts/GraphGenerator.cs
  artifactKey: Guid(98b7a45a01ba90749bebead3abef8194) Importer(815301076,1909f56bfc062723c751e8b465ee728b)
Start importing Assets/Scripts/GraphGenerator.cs using Guid(98b7a45a01ba90749bebead3abef8194) Importer(815301076,1909f56bfc062723c751e8b465ee728b) (PreviewImporter) -> (artifact id: '7b03cadb4d378aecf1774ed10f6cb794') in 0.0145118 seconds
Number of updated asset objects reloaded before import = 0Number of asset objects unloaded after import = 0

========================================================================
Received Prepare
Begin MonoManager ReloadAssembly
Symbol file LoadedFromMemory is not a mono symbol file
- Loaded All Assemblies, in  1.716 seconds
Refreshing native plugins compatible for Editor in 6.17 ms, found 4 plugins.
Native extension for LinuxStandalone target not found
Native extension for Android target not found
Native extension for UWP target not found
Native extension for WindowsStandalone target not found
Native extension for WebGL target not found
Mono: successfully reloaded assembly
- Finished resetting the current domain, in  1.695 seconds
Domain Reload Profiling: 3412ms
	BeginReloadAssembly (535ms)
		ExecutionOrderSort (0ms)
		DisableScriptedObjects (14ms)
		BackupInstance (0ms)
		ReleaseScriptingObjects (0ms)
		CreateAndSetChildDomain (96ms)
	RebuildCommonClasses (123ms)
	RebuildNativeTypeToScriptingClass (28ms)
	initialDomainReloadingComplete (65ms)
	LoadAllAssembliesAndSetupDomain (966ms)
		LoadAssemblies (853ms)
		RebuildTransferFunctionScriptingTraits (0ms)
		AnalyzeDomain (430ms)
			TypeCache.Refresh (19ms)
				TypeCache.ScanAssembly (3ms)
			BuildScriptInfoCaches (378ms)
			ResolveRequiredComponents (27ms)
	FinalizeReload (1695ms)
		ReleaseScriptCaches (0ms)
		RebuildScriptCaches (0ms)
		SetupLoadedEditorAssemblies (1361ms)
			LogAssemblyErrors (0ms)
			InitializePlatformSupportModulesInManaged (54ms)
			SetLoadedEditorAssemblies (10ms)
			BeforeProcessingInitializeOnLoad (263ms)
			ProcessInitializeOnLoadAttributes (749ms)
			ProcessInitializeOnLoadMethodAttributes (280ms)
			AfterProcessingInitializeOnLoad (4ms)
			EditorAssembliesLoaded (1ms)
		ExecutionOrderSort2 (0ms)
		AwakeInstancesAfterBackupRestoration (26ms)
Refreshing native plugins compatible for Editor in 7.77 ms, found 4 plugins.
Preloading 0 native plugins for Editor in 0.00 ms.
Unloading 62 Unused Serialized files (Serialized files now loaded: 0)
Unloading 6501 unused Assets / (19.6 MB). Loaded Objects now: 7258.
Memory consumption went from 166.8 MB to 147.2 MB.
Total: 25.934500 ms (FindLiveObjects: 1.236200 ms CreateObjectMapping: 1.852600 ms MarkObjects: 10.316400 ms  DeleteObjects: 12.527200 ms)

Prepare: number of updated asset objects reloaded= 0
========================================================================
Received Prepare
Begin MonoManager ReloadAssembly
Symbol file LoadedFromMemory is not a mono symbol file
- Loaded All Assemblies, in  1.424 seconds
Refreshing native plugins compatible for Editor in 4.93 ms, found 4 plugins.
Native extension for LinuxStandalone target not found
Native extension for Android target not found
Native extension for UWP target not found
Native extension for WindowsStandalone target not found
Native extension for WebGL target not found
Mono: successfully reloaded assembly
- Finished resetting the current domain, in  1.519 seconds
Domain Reload Profiling: 2945ms
	BeginReloadAssembly (412ms)
		ExecutionOrderSort (0ms)
		DisableScriptedObjects (13ms)
		BackupInstance (0ms)
		ReleaseScriptingObjects (0ms)
		CreateAndSetChildDomain (72ms)
	RebuildCommonClasses (74ms)
	RebuildNativeTypeToScriptingClass (25ms)
	initialDomainReloadingComplete (53ms)
	LoadAllAssembliesAndSetupDomain (861ms)
		LoadAssemblies (711ms)
		RebuildTransferFunctionScriptingTraits (0ms)
		AnalyzeDomain (380ms)
			TypeCache.Refresh (15ms)
				TypeCache.ScanAssembly (2ms)
			BuildScriptInfoCaches (337ms)
			ResolveRequiredComponents (23ms)
	FinalizeReload (1520ms)
		ReleaseScriptCaches (0ms)
		RebuildScriptCaches (0ms)
		SetupLoadedEditorAssemblies (1196ms)
			LogAssemblyErrors (0ms)
			InitializePlatformSupportModulesInManaged (50ms)
			SetLoadedEditorAssemblies (9ms)
			BeforeProcessingInitializeOnLoad (274ms)
			ProcessInitializeOnLoadAttributes (649ms)
			ProcessInitializeOnLoadMethodAttributes (209ms)
			AfterProcessingInitializeOnLoad (4ms)
			EditorAssembliesLoaded (1ms)
		ExecutionOrderSort2 (0ms)
		AwakeInstancesAfterBackupRestoration (34ms)
Refreshing native plugins compatible for Editor in 9.03 ms, found 4 plugins.
Preloading 0 native plugins for Editor in 0.00 ms.
Unloading 52 Unused Serialized files (Serialized files now loaded: 0)
Unloading 6501 unused Assets / (20.0 MB). Loaded Objects now: 7261.
Memory consumption went from 165.1 MB to 145.1 MB.
Total: 24.900400 ms (FindLiveObjects: 1.074300 ms CreateObjectMapping: 1.660600 ms MarkObjects: 10.003900 ms  DeleteObjects: 12.159000 ms)

Prepare: number of updated asset objects reloaded= 0
========================================================================
Received Prepare
Begin MonoManager ReloadAssembly
Symbol file LoadedFromMemory is not a mono symbol file
- Loaded All Assemblies, in  2.987 seconds
Refreshing native plugins compatible for Editor in 4.91 ms, found 4 plugins.
Native extension for LinuxStandalone target not found
Native extension for Android target not found
Native extension for UWP target not found
Native extension for WindowsStandalone target not found
Native extension for WebGL target not found
Mono: successfully reloaded assembly
- Finished resetting the current domain, in  2.703 seconds
Domain Reload Profiling: 5692ms
	BeginReloadAssembly (921ms)
		ExecutionOrderSort (0ms)
		DisableScriptedObjects (38ms)
		BackupInstance (0ms)
		ReleaseScriptingObjects (1ms)
		CreateAndSetChildDomain (214ms)
	RebuildCommonClasses (94ms)
	RebuildNativeTypeToScriptingClass (58ms)
	initialDomainReloadingComplete (107ms)
	LoadAllAssembliesAndSetupDomain (1807ms)
		LoadAssemblies (1657ms)
		RebuildTransferFunctionScriptingTraits (0ms)
		AnalyzeDomain (592ms)
			TypeCache.Refresh (24ms)
				TypeCache.ScanAssembly (5ms)
			BuildScriptInfoCaches (529ms)
			ResolveRequiredComponents (33ms)
	FinalizeReload (2704ms)
		ReleaseScriptCaches (0ms)
		RebuildScriptCaches (0ms)
		SetupLoadedEditorAssemblies (2228ms)
			LogAssemblyErrors (0ms)
			InitializePlatformSupportModulesInManaged (146ms)
			SetLoadedEditorAssemblies (8ms)
			BeforeProcessingInitializeOnLoad (365ms)
			ProcessInitializeOnLoadAttributes (1338ms)
			ProcessInitializeOnLoadMethodAttributes (361ms)
			AfterProcessingInitializeOnLoad (9ms)
			EditorAssembliesLoaded (1ms)
		ExecutionOrderSort2 (0ms)
		AwakeInstancesAfterBackupRestoration (61ms)
Refreshing native plugins compatible for Editor in 8.94 ms, found 4 plugins.
Preloading 0 native plugins for Editor in 0.00 ms.
Unloading 52 Unused Serialized files (Serialized files now loaded: 0)
Unloading 6501 unused Assets / (18.7 MB). Loaded Objects now: 7264.
Memory consumption went from 165.2 MB to 146.5 MB.
Total: 27.589600 ms (FindLiveObjects: 1.577000 ms CreateObjectMapping: 2.137400 ms MarkObjects: 10.620600 ms  DeleteObjects: 13.252700 ms)

Prepare: number of updated asset objects reloaded= 0
========================================================================
Received Prepare
Begin MonoManager ReloadAssembly
Symbol file LoadedFromMemory is not a mono symbol file
- Loaded All Assemblies, in  1.490 seconds
Refreshing native plugins compatible for Editor in 4.37 ms, found 4 plugins.
Native extension for LinuxStandalone target not found
Native extension for Android target not found
Native extension for UWP target not found
Native extension for WindowsStandalone target not found
Native extension for WebGL target not found
Mono: successfully reloaded assembly
- Finished resetting the current domain, in  1.435 seconds
Domain Reload Profiling: 2926ms
	BeginReloadAssembly (404ms)
		ExecutionOrderSort (0ms)
		DisableScriptedObjects (11ms)
		BackupInstance (0ms)
		ReleaseScriptingObjects (0ms)
		CreateAndSetChildDomain (74ms)
	RebuildCommonClasses (73ms)
	RebuildNativeTypeToScriptingClass (23ms)
	initialDomainReloadingComplete (52ms)
	LoadAllAssembliesAndSetupDomain (939ms)
		LoadAssemblies (681ms)
		RebuildTransferFunctionScriptingTraits (0ms)
		AnalyzeDomain (483ms)
			TypeCache.Refresh (15ms)
				TypeCache.ScanAssembly (2ms)
			BuildScriptInfoCaches (332ms)
			ResolveRequiredComponents (131ms)
	FinalizeReload (1435ms)
		ReleaseScriptCaches (0ms)
		RebuildScriptCaches (0ms)
		SetupLoadedEditorAssemblies (1098ms)
			LogAssemblyErrors (0ms)
			InitializePlatformSupportModulesInManaged (58ms)
			SetLoadedEditorAssemblies (10ms)
			BeforeProcessingInitializeOnLoad (259ms)
			ProcessInitializeOnLoadAttributes (572ms)
			ProcessInitializeOnLoadMethodAttributes (195ms)
			AfterProcessingInitializeOnLoad (4ms)
			EditorAssembliesLoaded (0ms)
		ExecutionOrderSort2 (0ms)
		AwakeInstancesAfterBackupRestoration (23ms)
Refreshing native plugins compatible for Editor in 6.82 ms, found 4 plugins.
Preloading 0 native plugins for Editor in 0.00 ms.
Unloading 52 Unused Serialized files (Serialized files now loaded: 0)
Unloading 6501 unused Assets / (19.2 MB). Loaded Objects now: 7267.
Memory consumption went from 165.2 MB to 146.0 MB.
Total: 24.799600 ms (FindLiveObjects: 1.284400 ms CreateObjectMapping: 1.591500 ms MarkObjects: 10.068900 ms  DeleteObjects: 11.852400 ms)

Prepare: number of updated asset objects reloaded= 0
========================================================================
Received Prepare
Begin MonoManager ReloadAssembly
Symbol file LoadedFromMemory is not a mono symbol file
- Loaded All Assemblies, in  1.886 seconds
Refreshing native plugins compatible for Editor in 4.58 ms, found 4 plugins.
Native extension for LinuxStandalone target not found
Native extension for Android target not found
Native extension for UWP target not found
Native extension for WindowsStandalone target not found
Native extension for WebGL target not found
Mono: successfully reloaded assembly
- Finished resetting the current domain, in  1.527 seconds
Domain Reload Profiling: 3418ms
	BeginReloadAssembly (505ms)
		ExecutionOrderSort (0ms)
		DisableScriptedObjects (15ms)
		BackupInstance (0ms)
		ReleaseScriptingObjects (0ms)
		CreateAndSetChildDomain (94ms)
	RebuildCommonClasses (82ms)
	RebuildNativeTypeToScriptingClass (33ms)
	initialDomainReloadingComplete (69ms)
	LoadAllAssembliesAndSetupDomain (1201ms)
		LoadAssemblies (970ms)
		RebuildTransferFunctionScriptingTraits (0ms)
		AnalyzeDomain (512ms)
			TypeCache.Refresh (32ms)
				TypeCache.ScanAssembly (3ms)
			BuildScriptInfoCaches (419ms)
			ResolveRequiredComponents (53ms)
	FinalizeReload (1528ms)
		ReleaseScriptCaches (0ms)
		RebuildScriptCaches (0ms)
		SetupLoadedEditorAssemblies (1192ms)
			LogAssemblyErrors (0ms)
			InitializePlatformSupportModulesInManaged (65ms)
			SetLoadedEditorAssemblies (15ms)
			BeforeProcessingInitializeOnLoad (350ms)
			ProcessInitializeOnLoadAttributes (564ms)
			ProcessInitializeOnLoadMethodAttributes (194ms)
			AfterProcessingInitializeOnLoad (4ms)
			EditorAssembliesLoaded (0ms)
		ExecutionOrderSort2 (0ms)
		AwakeInstancesAfterBackupRestoration (23ms)
Refreshing native plugins compatible for Editor in 8.24 ms, found 4 plugins.
Preloading 0 native plugins for Editor in 0.00 ms.
Unloading 52 Unused Serialized files (Serialized files now loaded: 0)
Unloading 6501 unused Assets / (19.2 MB). Loaded Objects now: 7270.
Memory consumption went from 165.2 MB to 145.9 MB.
Total: 25.477400 ms (FindLiveObjects: 1.417900 ms CreateObjectMapping: 1.787500 ms MarkObjects: 10.495200 ms  DeleteObjects: 11.774600 ms)

Prepare: number of updated asset objects reloaded= 0
========================================================================
Received Prepare
Begin MonoManager ReloadAssembly
Symbol file LoadedFromMemory is not a mono symbol file
- Loaded All Assemblies, in  1.352 seconds
Refreshing native plugins compatible for Editor in 4.93 ms, found 4 plugins.
Native extension for LinuxStandalone target not found
Native extension for Android target not found
Native extension for UWP target not found
Native extension for WindowsStandalone target not found
Native extension for WebGL target not found
Mono: successfully reloaded assembly
- Finished resetting the current domain, in  1.380 seconds
Domain Reload Profiling: 2734ms
	BeginReloadAssembly (406ms)
		ExecutionOrderSort (0ms)
		DisableScriptedObjects (13ms)
		BackupInstance (0ms)
		ReleaseScriptingObjects (0ms)
		CreateAndSetChildDomain (69ms)
	RebuildCommonClasses (78ms)
	RebuildNativeTypeToScriptingClass (31ms)
	initialDomainReloadingComplete (55ms)
	LoadAllAssembliesAndSetupDomain (784ms)
		LoadAssemblies (667ms)
		RebuildTransferFunctionScriptingTraits (0ms)
		AnalyzeDomain (351ms)
			TypeCache.Refresh (15ms)
				TypeCache.ScanAssembly (2ms)
			BuildScriptInfoCaches (307ms)
			ResolveRequiredComponents (25ms)
	FinalizeReload (1380ms)
		ReleaseScriptCaches (0ms)
		RebuildScriptCaches (0ms)
		SetupLoadedEditorAssemblies (1098ms)
			LogAssemblyErrors (0ms)
			InitializePlatformSupportModulesInManaged (51ms)
			SetLoadedEditorAssemblies (9ms)
			BeforeProcessingInitializeOnLoad (259ms)
			ProcessInitializeOnLoadAttributes (583ms)
			ProcessInitializeOnLoadMethodAttributes (192ms)
			AfterProcessingInitializeOnLoad (3ms)
			EditorAssembliesLoaded (0ms)
		ExecutionOrderSort2 (0ms)
		AwakeInstancesAfterBackupRestoration (18ms)
Refreshing native plugins compatible for Editor in 7.66 ms, found 4 plugins.
Preloading 0 native plugins for Editor in 0.00 ms.
Unloading 52 Unused Serialized files (Serialized files now loaded: 0)
Unloading 6501 unused Assets / (19.9 MB). Loaded Objects now: 7273.
Memory consumption went from 165.3 MB to 145.3 MB.
Total: 25.927300 ms (FindLiveObjects: 1.877100 ms CreateObjectMapping: 2.102100 ms MarkObjects: 9.301400 ms  DeleteObjects: 12.643800 ms)

Prepare: number of updated asset objects reloaded= 0
========================================================================
Received Prepare
Begin MonoManager ReloadAssembly
Symbol file LoadedFromMemory is not a mono symbol file
- Loaded All Assemblies, in  1.523 seconds
Refreshing native plugins compatible for Editor in 5.19 ms, found 4 plugins.
Native extension for LinuxStandalone target not found
Native extension for Android target not found
Native extension for UWP target not found
Native extension for WindowsStandalone target not found
Native extension for WebGL target not found
Mono: successfully reloaded assembly
- Finished resetting the current domain, in  1.491 seconds
Domain Reload Profiling: 3017ms
	BeginReloadAssembly (427ms)
		ExecutionOrderSort (0ms)
		DisableScriptedObjects (13ms)
		BackupInstance (0ms)
		ReleaseScriptingObjects (0ms)
		CreateAndSetChildDomain (70ms)
	RebuildCommonClasses (82ms)
	RebuildNativeTypeToScriptingClass (25ms)
	initialDomainReloadingComplete (57ms)
	LoadAllAssembliesAndSetupDomain (933ms)
		LoadAssemblies (721ms)
		RebuildTransferFunctionScriptingTraits (0ms)
		AnalyzeDomain (460ms)
			TypeCache.Refresh (16ms)
				TypeCache.ScanAssembly (2ms)
			BuildScriptInfoCaches (410ms)
			ResolveRequiredComponents (28ms)
	FinalizeReload (1492ms)
		ReleaseScriptCaches (0ms)
		RebuildScriptCaches (0ms)
		SetupLoadedEditorAssemblies (1154ms)
			LogAssemblyErrors (0ms)
			InitializePlatformSupportModulesInManaged (55ms)
			SetLoadedEditorAssemblies (10ms)
			BeforeProcessingInitializeOnLoad (262ms)
			ProcessInitializeOnLoadAttributes (616ms)
			ProcessInitializeOnLoadMethodAttributes (207ms)
			AfterProcessingInitializeOnLoad (4ms)
			EditorAssembliesLoaded (0ms)
		ExecutionOrderSort2 (0ms)
		AwakeInstancesAfterBackupRestoration (25ms)
Refreshing native plugins compatible for Editor in 8.39 ms, found 4 plugins.
Preloading 0 native plugins for Editor in 0.00 ms.
Unloading 52 Unused Serialized files (Serialized files now loaded: 0)
Unloading 6501 unused Assets / (20.1 MB). Loaded Objects now: 7276.
Memory consumption went from 165.3 MB to 145.2 MB.
Total: 27.188700 ms (FindLiveObjects: 1.643400 ms CreateObjectMapping: 2.162400 ms MarkObjects: 10.234300 ms  DeleteObjects: 13.146700 ms)

Prepare: number of updated asset objects reloaded= 0
========================================================================
Received Prepare
Begin MonoManager ReloadAssembly
Symbol file LoadedFromMemory is not a mono symbol file
- Loaded All Assemblies, in  1.405 seconds
Refreshing native plugins compatible for Editor in 6.37 ms, found 4 plugins.
Native extension for LinuxStandalone target not found
Native extension for Android target not found
Native extension for UWP target not found
Native extension for WindowsStandalone target not found
Native extension for WebGL target not found
Mono: successfully reloaded assembly
- Finished resetting the current domain, in  1.655 seconds
Domain Reload Profiling: 3063ms
	BeginReloadAssembly (429ms)
		ExecutionOrderSort (0ms)
		DisableScriptedObjects (11ms)
		BackupInstance (0ms)
		ReleaseScriptingObjects (0ms)
		CreateAndSetChildDomain (79ms)
	RebuildCommonClasses (69ms)
	RebuildNativeTypeToScriptingClass (24ms)
	initialDomainReloadingComplete (50ms)
	LoadAllAssembliesAndSetupDomain (834ms)
		LoadAssemblies (694ms)
		RebuildTransferFunctionScriptingTraits (0ms)
		AnalyzeDomain (377ms)
			TypeCache.Refresh (16ms)
				TypeCache.ScanAssembly (2ms)
			BuildScriptInfoCaches (331ms)
			ResolveRequiredComponents (24ms)
	FinalizeReload (1656ms)
		ReleaseScriptCaches (0ms)
		RebuildScriptCaches (0ms)
		SetupLoadedEditorAssemblies (1302ms)
			LogAssemblyErrors (0ms)
			InitializePlatformSupportModulesInManaged (51ms)
			SetLoadedEditorAssemblies (10ms)
			BeforeProcessingInitializeOnLoad (267ms)
			ProcessInitializeOnLoadAttributes (727ms)
			ProcessInitializeOnLoadMethodAttributes (244ms)
			AfterProcessingInitializeOnLoad (4ms)
			EditorAssembliesLoaded (0ms)
		ExecutionOrderSort2 (0ms)
		AwakeInstancesAfterBackupRestoration (25ms)
Refreshing native plugins compatible for Editor in 6.93 ms, found 4 plugins.
Preloading 0 native plugins for Editor in 0.00 ms.
Unloading 52 Unused Serialized files (Serialized files now loaded: 0)
Unloading 6501 unused Assets / (19.7 MB). Loaded Objects now: 7279.
Memory consumption went from 165.3 MB to 145.7 MB.
Total: 24.010900 ms (FindLiveObjects: 1.150400 ms CreateObjectMapping: 1.675900 ms MarkObjects: 9.536300 ms  DeleteObjects: 11.645500 ms)

Prepare: number of updated asset objects reloaded= 0
========================================================================
Received Prepare
Begin MonoManager ReloadAssembly
Symbol file LoadedFromMemory is not a mono symbol file
- Loaded All Assemblies, in  1.463 seconds
Refreshing native plugins compatible for Editor in 7.61 ms, found 4 plugins.
Native extension for LinuxStandalone target not found
Native extension for Android target not found
Native extension for UWP target not found
Native extension for WindowsStandalone target not found
Native extension for WebGL target not found
Mono: successfully reloaded assembly
- Finished resetting the current domain, in  1.391 seconds
Domain Reload Profiling: 2857ms
	BeginReloadAssembly (430ms)
		ExecutionOrderSort (0ms)
		DisableScriptedObjects (13ms)
		BackupInstance (0ms)
		ReleaseScriptingObjects (0ms)
		CreateAndSetChildDomain (83ms)
	RebuildCommonClasses (74ms)
	RebuildNativeTypeToScriptingClass (27ms)
	initialDomainReloadingComplete (57ms)
	LoadAllAssembliesAndSetupDomain (878ms)
		LoadAssemblies (739ms)
		RebuildTransferFunctionScriptingTraits (0ms)
		AnalyzeDomain (380ms)
			TypeCache.Refresh (16ms)
				TypeCache.ScanAssembly (2ms)
			BuildScriptInfoCaches (338ms)
			ResolveRequiredComponents (20ms)
	FinalizeReload (1392ms)
		ReleaseScriptCaches (0ms)
		RebuildScriptCaches (0ms)
		SetupLoadedEditorAssemblies (1079ms)
			LogAssemblyErrors (0ms)
			InitializePlatformSupportModulesInManaged (55ms)
			SetLoadedEditorAssemblies (9ms)
			BeforeProcessingInitializeOnLoad (241ms)
			ProcessInitializeOnLoadAttributes (571ms)
			ProcessInitializeOnLoadMethodAttributes (200ms)
			AfterProcessingInitializeOnLoad (3ms)
			EditorAssembliesLoaded (0ms)
		ExecutionOrderSort2 (0ms)
		AwakeInstancesAfterBackupRestoration (20ms)
Refreshing native plugins compatible for Editor in 8.22 ms, found 4 plugins.
Preloading 0 native plugins for Editor in 0.00 ms.
Unloading 52 Unused Serialized files (Serialized files now loaded: 0)
Unloading 6501 unused Assets / (19.3 MB). Loaded Objects now: 7282.
Memory consumption went from 165.4 MB to 146.0 MB.
Total: 25.654100 ms (FindLiveObjects: 1.121800 ms CreateObjectMapping: 2.142700 ms MarkObjects: 10.114400 ms  DeleteObjects: 12.272900 ms)

Prepare: number of updated asset objects reloaded= 0
========================================================================
Received Prepare
Begin MonoManager ReloadAssembly
Symbol file LoadedFromMemory is not a mono symbol file
- Loaded All Assemblies, in  1.391 seconds
Refreshing native plugins compatible for Editor in 4.17 ms, found 4 plugins.
Native extension for LinuxStandalone target not found
Native extension for Android target not found
Native extension for UWP target not found
Native extension for WindowsStandalone target not found
Native extension for WebGL target not found
Mono: successfully reloaded assembly
- Finished resetting the current domain, in  1.442 seconds
Domain Reload Profiling: 2836ms
	BeginReloadAssembly (418ms)
		ExecutionOrderSort (0ms)
		DisableScriptedObjects (11ms)
		BackupInstance (0ms)
		ReleaseScriptingObjects (0ms)
		CreateAndSetChildDomain (76ms)
	RebuildCommonClasses (74ms)
	RebuildNativeTypeToScriptingClass (23ms)
	initialDomainReloadingComplete (51ms)
	LoadAllAssembliesAndSetupDomain (827ms)
		LoadAssemblies (695ms)
		RebuildTransferFunctionScriptingTraits (0ms)
		AnalyzeDomain (379ms)
			TypeCache.Refresh (15ms)
				TypeCache.ScanAssembly (2ms)
			BuildScriptInfoCaches (331ms)
			ResolveRequiredComponents (28ms)
	FinalizeReload (1443ms)
		ReleaseScriptCaches (0ms)
		RebuildScriptCaches (0ms)
		SetupLoadedEditorAssemblies (1132ms)
			LogAssemblyErrors (0ms)
			InitializePlatformSupportModulesInManaged (62ms)
			SetLoadedEditorAssemblies (8ms)
			BeforeProcessingInitializeOnLoad (259ms)
			ProcessInitializeOnLoadAttributes (587ms)
			ProcessInitializeOnLoadMethodAttributes (213ms)
			AfterProcessingInitializeOnLoad (3ms)
			EditorAssembliesLoaded (0ms)
		ExecutionOrderSort2 (0ms)
		AwakeInstancesAfterBackupRestoration (20ms)
Refreshing native plugins compatible for Editor in 7.47 ms, found 4 plugins.
Preloading 0 native plugins for Editor in 0.00 ms.
Unloading 52 Unused Serialized files (Serialized files now loaded: 0)
Unloading 6501 unused Assets / (19.8 MB). Loaded Objects now: 7285.
Memory consumption went from 165.3 MB to 145.5 MB.
Total: 26.055100 ms (FindLiveObjects: 1.199800 ms CreateObjectMapping: 1.894000 ms MarkObjects: 10.146000 ms  DeleteObjects: 12.812800 ms)

Prepare: number of updated asset objects reloaded= 0
========================================================================
Received Prepare
Refreshing native plugins compatible for Editor in 6.78 ms, found 4 plugins.
Preloading 0 native plugins for Editor in 0.00 ms.
Unloading 52 Unused Serialized files (Serialized files now loaded: 0)
Unloading 6487 unused Assets / (20.2 MB). Loaded Objects now: 7285.
Memory consumption went from 165.5 MB to 145.2 MB.
Total: 29.593100 ms (FindLiveObjects: 1.814300 ms CreateObjectMapping: 1.833700 ms MarkObjects: 9.830900 ms  DeleteObjects: 16.111800 ms)

Prepare: number of updated asset objects reloaded= 0
========================================================================
Received Prepare
Begin MonoManager ReloadAssembly
Symbol file LoadedFromMemory is not a mono symbol file
- Loaded All Assemblies, in  1.383 seconds
Refreshing native plugins compatible for Editor in 6.01 ms, found 4 plugins.
Native extension for LinuxStandalone target not found
Native extension for Android target not found
Native extension for UWP target not found
Native extension for WindowsStandalone target not found
Native extension for WebGL target not found
Mono: successfully reloaded assembly
- Finished resetting the current domain, in  1.459 seconds
Domain Reload Profiling: 2845ms
	BeginReloadAssembly (411ms)
		ExecutionOrderSort (0ms)
		DisableScriptedObjects (14ms)
		BackupInstance (0ms)
		ReleaseScriptingObjects (0ms)
		CreateAndSetChildDomain (79ms)
	RebuildCommonClasses (66ms)
	RebuildNativeTypeToScriptingClass (27ms)
	initialDomainReloadingComplete (56ms)
	LoadAllAssembliesAndSetupDomain (825ms)
		LoadAssemblies (669ms)
		RebuildTransferFunctionScriptingTraits (0ms)
		AnalyzeDomain (371ms)
			TypeCache.Refresh (14ms)
				TypeCache.ScanAssembly (2ms)
			BuildScriptInfoCaches (329ms)
			ResolveRequiredComponents (23ms)
	FinalizeReload (1460ms)
		ReleaseScriptCaches (0ms)
		RebuildScriptCaches (0ms)
		SetupLoadedEditorAssemblies (1118ms)
			LogAssemblyErrors (0ms)
			InitializePlatformSupportModulesInManaged (55ms)
			SetLoadedEditorAssemblies (7ms)
			BeforeProcessingInitializeOnLoad (239ms)
			ProcessInitializeOnLoadAttributes (597ms)
			ProcessInitializeOnLoadMethodAttributes (215ms)
			AfterProcessingInitializeOnLoad (4ms)
			EditorAssembliesLoaded (0ms)
		ExecutionOrderSort2 (0ms)
		AwakeInstancesAfterBackupRestoration (23ms)
Refreshing native plugins compatible for Editor in 7.47 ms, found 4 plugins.
Preloading 0 native plugins for Editor in 0.00 ms.
Unloading 52 Unused Serialized files (Serialized files now loaded: 0)
Unloading 6501 unused Assets / (20.3 MB). Loaded Objects now: 7288.
Memory consumption went from 165.4 MB to 145.2 MB.
Total: 25.854500 ms (FindLiveObjects: 1.367200 ms CreateObjectMapping: 1.951600 ms MarkObjects: 9.682100 ms  DeleteObjects: 12.850700 ms)

Prepare: number of updated asset objects reloaded= 0
========================================================================
Received Prepare
Refreshing native plugins compatible for Editor in 8.64 ms, found 4 plugins.
Preloading 0 native plugins for Editor in 0.00 ms.
Unloading 52 Unused Serialized files (Serialized files now loaded: 0)
Unloading 6488 unused Assets / (20.2 MB). Loaded Objects now: 7289.
Memory consumption went from 165.6 MB to 145.4 MB.
Total: 29.711200 ms (FindLiveObjects: 1.127200 ms CreateObjectMapping: 1.882100 ms MarkObjects: 12.435900 ms  DeleteObjects: 14.263500 ms)

Prepare: number of updated asset objects reloaded= 0
========================================================================
Received Import Request.
  Time since last request: 6134.509509 seconds.
  path: Assets/Scripts/LineGenerator.cs
  artifactKey: Guid(1a0d45d072749bd4db55e305e44ed191) Importer(815301076,1909f56bfc062723c751e8b465ee728b)
Start importing Assets/Scripts/LineGenerator.cs using Guid(1a0d45d072749bd4db55e305e44ed191) Importer(815301076,1909f56bfc062723c751e8b465ee728b) (PreviewImporter) -> (artifact id: 'fc0938a0fa28ebdd23ce29b9cb529107') in 0.3006143 seconds
Number of updated asset objects reloaded before import = 0Number of asset objects unloaded after import = 0

========================================================================
Received Prepare
Begin MonoManager ReloadAssembly
Symbol file LoadedFromMemory is not a mono symbol file
- Loaded All Assemblies, in  1.496 seconds
Refreshing native plugins compatible for Editor in 5.33 ms, found 4 plugins.
Native extension for LinuxStandalone target not found
Native extension for Android target not found
Native extension for UWP target not found
Native extension for WindowsStandalone target not found
Native extension for WebGL target not found
Mono: successfully reloaded assembly
- Finished resetting the current domain, in  1.550 seconds
Domain Reload Profiling: 3051ms
	BeginReloadAssembly (466ms)
		ExecutionOrderSort (0ms)
		DisableScriptedObjects (12ms)
		BackupInstance (0ms)
		ReleaseScriptingObjects (0ms)
		CreateAndSetChildDomain (107ms)
	RebuildCommonClasses (76ms)
	RebuildNativeTypeToScriptingClass (29ms)
	initialDomainReloadingComplete (52ms)
	LoadAllAssembliesAndSetupDomain (876ms)
		LoadAssemblies (705ms)
		RebuildTransferFunctionScriptingTraits (0ms)
		AnalyzeDomain (417ms)
			TypeCache.Refresh (14ms)
				TypeCache.ScanAssembly (2ms)
			BuildScriptInfoCaches (371ms)
			ResolveRequiredComponents (27ms)
	FinalizeReload (1552ms)
		ReleaseScriptCaches (0ms)
		RebuildScriptCaches (0ms)
		SetupLoadedEditorAssemblies (1174ms)
			LogAssemblyErrors (0ms)
			InitializePlatformSupportModulesInManaged (69ms)
			SetLoadedEditorAssemblies (10ms)
			BeforeProcessingInitializeOnLoad (255ms)
			ProcessInitializeOnLoadAttributes (608ms)
			ProcessInitializeOnLoadMethodAttributes (225ms)
			AfterProcessingInitializeOnLoad (6ms)
			EditorAssembliesLoaded (1ms)
		ExecutionOrderSort2 (0ms)
		AwakeInstancesAfterBackupRestoration (29ms)
Refreshing native plugins compatible for Editor in 7.64 ms, found 4 plugins.
Preloading 0 native plugins for Editor in 0.00 ms.
Unloading 52 Unused Serialized files (Serialized files now loaded: 0)
Unloading 6502 unused Assets / (20.2 MB). Loaded Objects now: 7292.
Memory consumption went from 165.5 MB to 145.3 MB.
Total: 29.844900 ms (FindLiveObjects: 1.370200 ms CreateObjectMapping: 2.563000 ms MarkObjects: 11.850200 ms  DeleteObjects: 14.058900 ms)

Prepare: number of updated asset objects reloaded= 0
========================================================================
Received Prepare
Refreshing native plugins compatible for Editor in 8.55 ms, found 4 plugins.
Preloading 0 native plugins for Editor in 0.00 ms.
Unloading 52 Unused Serialized files (Serialized files now loaded: 0)
Unloading 6488 unused Assets / (19.6 MB). Loaded Objects now: 7292.
Memory consumption went from 165.6 MB to 146.0 MB.
Total: 55.620200 ms (FindLiveObjects: 2.008400 ms CreateObjectMapping: 1.951500 ms MarkObjects: 35.795200 ms  DeleteObjects: 15.862100 ms)

Prepare: number of updated asset objects reloaded= 0
========================================================================
Received Prepare
Begin MonoManager ReloadAssembly
Symbol file LoadedFromMemory is not a mono symbol file
- Loaded All Assemblies, in  1.765 seconds
Refreshing native plugins compatible for Editor in 4.13 ms, found 4 plugins.
Native extension for LinuxStandalone target not found
Native extension for Android target not found
Native extension for UWP target not found
Native extension for WindowsStandalone target not found
Native extension for WebGL target not found
Mono: successfully reloaded assembly
- Finished resetting the current domain, in  1.947 seconds
Domain Reload Profiling: 3717ms
	BeginReloadAssembly (494ms)
		ExecutionOrderSort (0ms)
		DisableScriptedObjects (15ms)
		BackupInstance (0ms)
		ReleaseScriptingObjects (0ms)
		CreateAndSetChildDomain (82ms)
	RebuildCommonClasses (93ms)
	RebuildNativeTypeToScriptingClass (30ms)
	initialDomainReloadingComplete (64ms)
	LoadAllAssembliesAndSetupDomain (1088ms)
		LoadAssemblies (851ms)
		RebuildTransferFunctionScriptingTraits (0ms)
		AnalyzeDomain (529ms)
			TypeCache.Refresh (21ms)
				TypeCache.ScanAssembly (3ms)
			BuildScriptInfoCaches (474ms)
			ResolveRequiredComponents (28ms)
	FinalizeReload (1948ms)
		ReleaseScriptCaches (0ms)
		RebuildScriptCaches (0ms)
		SetupLoadedEditorAssemblies (1504ms)
			LogAssemblyErrors (0ms)
			InitializePlatformSupportModulesInManaged (54ms)
			SetLoadedEditorAssemblies (11ms)
			BeforeProcessingInitializeOnLoad (312ms)
			ProcessInitializeOnLoadAttributes (703ms)
			ProcessInitializeOnLoadMethodAttributes (416ms)
			AfterProcessingInitializeOnLoad (8ms)
			EditorAssembliesLoaded (0ms)
		ExecutionOrderSort2 (0ms)
		AwakeInstancesAfterBackupRestoration (31ms)
Refreshing native plugins compatible for Editor in 8.91 ms, found 4 plugins.
Preloading 0 native plugins for Editor in 0.00 ms.
Unloading 52 Unused Serialized files (Serialized files now loaded: 0)
Unloading 6502 unused Assets / (19.8 MB). Loaded Objects now: 7295.
Memory consumption went from 165.5 MB to 145.7 MB.
Total: 29.233000 ms (FindLiveObjects: 2.147700 ms CreateObjectMapping: 2.263400 ms MarkObjects: 11.899200 ms  DeleteObjects: 12.919900 ms)

Prepare: number of updated asset objects reloaded= 0
========================================================================
Received Import Request.
  Time since last request: 39.236261 seconds.
  path: Assets/Scripts/CircleLineGenerator.cs
  artifactKey: Guid(1a0d45d072749bd4db55e305e44ed191) Importer(815301076,1909f56bfc062723c751e8b465ee728b)
Start importing Assets/Scripts/CircleLineGenerator.cs using Guid(1a0d45d072749bd4db55e305e44ed191) Importer(815301076,1909f56bfc062723c751e8b465ee728b) (PreviewImporter) -> (artifact id: '00000000000000000000000000000000') in 0.0396805 seconds
Import Error Code:(4)
Message: Build asset version error: assets/scripts/circlelinegenerator.cs in SourceAssetDB has modification time of '2025-09-04T10:49:38.2957768Z' while content on disk has modification time of '2025-09-04T10:50:07.7020841Z'
  ERROR: Build asset version error: assets/scripts/circlelinegenerator.cs in SourceAssetDB has modification time of '2025-09-04T10:49:38.2957768Z' while content on disk has modification time of '2025-09-04T10:50:07.7020841Z'
Number of updated asset objects reloaded before import = 0Number of asset objects unloaded after import = 0

========================================================================
Received Import Request.
  Time since last request: 0.000036 seconds.
  path: Assets/Scripts/CircleLineGenerator.cs
  artifactKey: Guid(1a0d45d072749bd4db55e305e44ed191) Importer(815301076,1909f56bfc062723c751e8b465ee728b)
Start importing Assets/Scripts/CircleLineGenerator.cs using Guid(1a0d45d072749bd4db55e305e44ed191) Importer(815301076,1909f56bfc062723c751e8b465ee728b) (PreviewImporter) -> (artifact id: '00000000000000000000000000000000') in 0.000815 seconds
Import Error Code:(4)
Message: Build asset version error: assets/scripts/circlelinegenerator.cs in SourceAssetDB has modification time of '2025-09-04T10:49:38.2957768Z' while content on disk has modification time of '2025-09-04T10:50:07.7020841Z'
  ERROR: Build asset version error: assets/scripts/circlelinegenerator.cs in SourceAssetDB has modification time of '2025-09-04T10:49:38.2957768Z' while content on disk has modification time of '2025-09-04T10:50:07.7020841Z'
Number of updated asset objects reloaded before import = 0Number of asset objects unloaded after import = 0

========================================================================
Received Import Request.
  Time since last request: 0.000038 seconds.
  path: Assets/Scripts/CircleLineGenerator.cs
  artifactKey: Guid(1a0d45d072749bd4db55e305e44ed191) Importer(815301076,1909f56bfc062723c751e8b465ee728b)
Start importing Assets/Scripts/CircleLineGenerator.cs using Guid(1a0d45d072749bd4db55e305e44ed191) Importer(815301076,1909f56bfc062723c751e8b465ee728b) (PreviewImporter) -> (artifact id: '00000000000000000000000000000000') in 0.0010395 seconds
Import Error Code:(4)
Message: Build asset version error: assets/scripts/circlelinegenerator.cs in SourceAssetDB has modification time of '2025-09-04T10:49:38.2957768Z' while content on disk has modification time of '2025-09-04T10:50:07.7020841Z'
  ERROR: Build asset version error: assets/scripts/circlelinegenerator.cs in SourceAssetDB has modification time of '2025-09-04T10:49:38.2957768Z' while content on disk has modification time of '2025-09-04T10:50:07.7020841Z'
Number of updated asset objects reloaded before import = 0Number of asset objects unloaded after import = 0

========================================================================
Received Import Request.
  Time since last request: 0.000026 seconds.
  path: Assets/Scripts/CircleLineGenerator.cs
  artifactKey: Guid(1a0d45d072749bd4db55e305e44ed191) Importer(815301076,1909f56bfc062723c751e8b465ee728b)
Start importing Assets/Scripts/CircleLineGenerator.cs using Guid(1a0d45d072749bd4db55e305e44ed191) Importer(815301076,1909f56bfc062723c751e8b465ee728b) (PreviewImporter) -> (artifact id: '00000000000000000000000000000000') in 0.0009519 seconds
Import Error Code:(4)
Message: Build asset version error: assets/scripts/circlelinegenerator.cs in SourceAssetDB has modification time of '2025-09-04T10:49:38.2957768Z' while content on disk has modification time of '2025-09-04T10:50:07.7020841Z'
  ERROR: Build asset version error: assets/scripts/circlelinegenerator.cs in SourceAssetDB has modification time of '2025-09-04T10:49:38.2957768Z' while content on disk has modification time of '2025-09-04T10:50:07.7020841Z'
Number of updated asset objects reloaded before import = 0Number of asset objects unloaded after import = 0

========================================================================
Received Import Request.
  Time since last request: 0.000059 seconds.
  path: Assets/Scripts/CircleLineGenerator.cs
  artifactKey: Guid(1a0d45d072749bd4db55e305e44ed191) Importer(815301076,1909f56bfc062723c751e8b465ee728b)
Start importing Assets/Scripts/CircleLineGenerator.cs using Guid(1a0d45d072749bd4db55e305e44ed191) Importer(815301076,1909f56bfc062723c751e8b465ee728b) (PreviewImporter) -> (artifact id: '00000000000000000000000000000000') in 0.0008469 seconds
Import Error Code:(4)
Message: Build asset version error: assets/scripts/circlelinegenerator.cs in SourceAssetDB has modification time of '2025-09-04T10:49:38.2957768Z' while content on disk has modification time of '2025-09-04T10:50:07.7020841Z'
  ERROR: Build asset version error: assets/scripts/circlelinegenerator.cs in SourceAssetDB has modification time of '2025-09-04T10:49:38.2957768Z' while content on disk has modification time of '2025-09-04T10:50:07.7020841Z'
Number of updated asset objects reloaded before import = 0Number of asset objects unloaded after import = 0

========================================================================
Received Import Request.
  Time since last request: 0.017527 seconds.
  path: Assets/Scripts/CircleLineGenerator.cs
  artifactKey: Guid(1a0d45d072749bd4db55e305e44ed191) Importer(815301076,1909f56bfc062723c751e8b465ee728b)
Start importing Assets/Scripts/CircleLineGenerator.cs using Guid(1a0d45d072749bd4db55e305e44ed191) Importer(815301076,1909f56bfc062723c751e8b465ee728b) (PreviewImporter) -> (artifact id: '00000000000000000000000000000000') in 0.0009512 seconds
Import Error Code:(4)
Message: Build asset version error: assets/scripts/circlelinegenerator.cs in SourceAssetDB has modification time of '2025-09-04T10:49:38.2957768Z' while content on disk has modification time of '2025-09-04T10:50:07.7020841Z'
  ERROR: Build asset version error: assets/scripts/circlelinegenerator.cs in SourceAssetDB has modification time of '2025-09-04T10:49:38.2957768Z' while content on disk has modification time of '2025-09-04T10:50:07.7020841Z'
Number of updated asset objects reloaded before import = 0Number of asset objects unloaded after import = 0

========================================================================
Received Import Request.
  Time since last request: 0.000032 seconds.
  path: Assets/Scripts/CircleLineGenerator.cs
  artifactKey: Guid(1a0d45d072749bd4db55e305e44ed191) Importer(815301076,1909f56bfc062723c751e8b465ee728b)
Start importing Assets/Scripts/CircleLineGenerator.cs using Guid(1a0d45d072749bd4db55e305e44ed191) Importer(815301076,1909f56bfc062723c751e8b465ee728b) (PreviewImporter) -> (artifact id: '00000000000000000000000000000000') in 0.0008872 seconds
Import Error Code:(4)
Message: Build asset version error: assets/scripts/circlelinegenerator.cs in SourceAssetDB has modification time of '2025-09-04T10:49:38.2957768Z' while content on disk has modification time of '2025-09-04T10:50:07.7020841Z'
  ERROR: Build asset version error: assets/scripts/circlelinegenerator.cs in SourceAssetDB has modification time of '2025-09-04T10:49:38.2957768Z' while content on disk has modification time of '2025-09-04T10:50:07.7020841Z'
Number of updated asset objects reloaded before import = 0Number of asset objects unloaded after import = 0

========================================================================
Received Import Request.
  Time since last request: 0.000039 seconds.
  path: Assets/Scripts/CircleLineGenerator.cs
  artifactKey: Guid(1a0d45d072749bd4db55e305e44ed191) Importer(815301076,1909f56bfc062723c751e8b465ee728b)
Start importing Assets/Scripts/CircleLineGenerator.cs using Guid(1a0d45d072749bd4db55e305e44ed191) Importer(815301076,1909f56bfc062723c751e8b465ee728b) (PreviewImporter) -> (artifact id: '00000000000000000000000000000000') in 0.0009293 seconds
Import Error Code:(4)
Message: Build asset version error: assets/scripts/circlelinegenerator.cs in SourceAssetDB has modification time of '2025-09-04T10:49:38.2957768Z' while content on disk has modification time of '2025-09-04T10:50:07.7020841Z'
  ERROR: Build asset version error: assets/scripts/circlelinegenerator.cs in SourceAssetDB has modification time of '2025-09-04T10:49:38.2957768Z' while content on disk has modification time of '2025-09-04T10:50:07.7020841Z'
Number of updated asset objects reloaded before import = 0Number of asset objects unloaded after import = 0

========================================================================
Received Import Request.
  Time since last request: 0.006060 seconds.
  path: Assets/Scripts/CircleLineGenerator.cs
  artifactKey: Guid(1a0d45d072749bd4db55e305e44ed191) Importer(815301076,1909f56bfc062723c751e8b465ee728b)
Start importing Assets/Scripts/CircleLineGenerator.cs using Guid(1a0d45d072749bd4db55e305e44ed191) Importer(815301076,1909f56bfc062723c751e8b465ee728b) (PreviewImporter) -> (artifact id: '00000000000000000000000000000000') in 0.0010869 seconds
Import Error Code:(4)
Message: Build asset version error: assets/scripts/circlelinegenerator.cs in SourceAssetDB has modification time of '2025-09-04T10:49:38.2957768Z' while content on disk has modification time of '2025-09-04T10:50:07.7020841Z'
  ERROR: Build asset version error: assets/scripts/circlelinegenerator.cs in SourceAssetDB has modification time of '2025-09-04T10:49:38.2957768Z' while content on disk has modification time of '2025-09-04T10:50:07.7020841Z'
Number of updated asset objects reloaded before import = 0Number of asset objects unloaded after import = 0

========================================================================
Received Import Request.
  Time since last request: 0.000028 seconds.
  path: Assets/Scripts/CircleLineGenerator.cs
  artifactKey: Guid(1a0d45d072749bd4db55e305e44ed191) Importer(815301076,1909f56bfc062723c751e8b465ee728b)
Start importing Assets/Scripts/CircleLineGenerator.cs using Guid(1a0d45d072749bd4db55e305e44ed191) Importer(815301076,1909f56bfc062723c751e8b465ee728b) (PreviewImporter) -> (artifact id: '00000000000000000000000000000000') in 0.0012426 seconds
Import Error Code:(4)
Message: Build asset version error: assets/scripts/circlelinegenerator.cs in SourceAssetDB has modification time of '2025-09-04T10:49:38.2957768Z' while content on disk has modification time of '2025-09-04T10:50:07.7020841Z'
  ERROR: Build asset version error: assets/scripts/circlelinegenerator.cs in SourceAssetDB has modification time of '2025-09-04T10:49:38.2957768Z' while content on disk has modification time of '2025-09-04T10:50:07.7020841Z'
Number of updated asset objects reloaded before import = 0Number of asset objects unloaded after import = 0

========================================================================
Received Import Request.
  Time since last request: 0.000052 seconds.
  path: Assets/Scripts/CircleLineGenerator.cs
  artifactKey: Guid(1a0d45d072749bd4db55e305e44ed191) Importer(815301076,1909f56bfc062723c751e8b465ee728b)
Start importing Assets/Scripts/CircleLineGenerator.cs using Guid(1a0d45d072749bd4db55e305e44ed191) Importer(815301076,1909f56bfc062723c751e8b465ee728b) (PreviewImporter) -> (artifact id: '00000000000000000000000000000000') in 0.0009572 seconds
Import Error Code:(4)
Message: Build asset version error: assets/scripts/circlelinegenerator.cs in SourceAssetDB has modification time of '2025-09-04T10:49:38.2957768Z' while content on disk has modification time of '2025-09-04T10:50:07.7020841Z'
  ERROR: Build asset version error: assets/scripts/circlelinegenerator.cs in SourceAssetDB has modification time of '2025-09-04T10:49:38.2957768Z' while content on disk has modification time of '2025-09-04T10:50:07.7020841Z'
Number of updated asset objects reloaded before import = 0Number of asset objects unloaded after import = 0

========================================================================
Received Import Request.
  Time since last request: 0.000030 seconds.
  path: Assets/Scripts/CircleLineGenerator.cs
  artifactKey: Guid(1a0d45d072749bd4db55e305e44ed191) Importer(815301076,1909f56bfc062723c751e8b465ee728b)
Start importing Assets/Scripts/CircleLineGenerator.cs using Guid(1a0d45d072749bd4db55e305e44ed191) Importer(815301076,1909f56bfc062723c751e8b465ee728b) (PreviewImporter) -> (artifact id: '00000000000000000000000000000000') in 0.0008176 seconds
Import Error Code:(4)
Message: Build asset version error: assets/scripts/circlelinegenerator.cs in SourceAssetDB has modification time of '2025-09-04T10:49:38.2957768Z' while content on disk has modification time of '2025-09-04T10:50:07.7020841Z'
  ERROR: Build asset version error: assets/scripts/circlelinegenerator.cs in SourceAssetDB has modification time of '2025-09-04T10:49:38.2957768Z' while content on disk has modification time of '2025-09-04T10:50:07.7020841Z'
Number of updated asset objects reloaded before import = 0Number of asset objects unloaded after import = 0

========================================================================
Received Import Request.
  Time since last request: 0.000029 seconds.
  path: Assets/Scripts/CircleLineGenerator.cs
  artifactKey: Guid(1a0d45d072749bd4db55e305e44ed191) Importer(815301076,1909f56bfc062723c751e8b465ee728b)
Start importing Assets/Scripts/CircleLineGenerator.cs using Guid(1a0d45d072749bd4db55e305e44ed191) Importer(815301076,1909f56bfc062723c751e8b465ee728b) (PreviewImporter) -> (artifact id: '00000000000000000000000000000000') in 0.0008632 seconds
Import Error Code:(4)
Message: Build asset version error: assets/scripts/circlelinegenerator.cs in SourceAssetDB has modification time of '2025-09-04T10:49:38.2957768Z' while content on disk has modification time of '2025-09-04T10:50:07.7020841Z'
  ERROR: Build asset version error: assets/scripts/circlelinegenerator.cs in SourceAssetDB has modification time of '2025-09-04T10:49:38.2957768Z' while content on disk has modification time of '2025-09-04T10:50:07.7020841Z'
Number of updated asset objects reloaded before import = 0Number of asset objects unloaded after import = 0

========================================================================
Received Import Request.
  Time since last request: 0.000037 seconds.
  path: Assets/Scripts/CircleLineGenerator.cs
  artifactKey: Guid(1a0d45d072749bd4db55e305e44ed191) Importer(815301076,1909f56bfc062723c751e8b465ee728b)
Start importing Assets/Scripts/CircleLineGenerator.cs using Guid(1a0d45d072749bd4db55e305e44ed191) Importer(815301076,1909f56bfc062723c751e8b465ee728b) (PreviewImporter) -> (artifact id: '00000000000000000000000000000000') in 0.0007541 seconds
Import Error Code:(4)
Message: Build asset version error: assets/scripts/circlelinegenerator.cs in SourceAssetDB has modification time of '2025-09-04T10:49:38.2957768Z' while content on disk has modification time of '2025-09-04T10:50:07.7020841Z'
  ERROR: Build asset version error: assets/scripts/circlelinegenerator.cs in SourceAssetDB has modification time of '2025-09-04T10:49:38.2957768Z' while content on disk has modification time of '2025-09-04T10:50:07.7020841Z'
Number of updated asset objects reloaded before import = 0Number of asset objects unloaded after import = 0

========================================================================
Received Import Request.
  Time since last request: 0.000021 seconds.
  path: Assets/Scripts/CircleLineGenerator.cs
  artifactKey: Guid(1a0d45d072749bd4db55e305e44ed191) Importer(815301076,1909f56bfc062723c751e8b465ee728b)
Start importing Assets/Scripts/CircleLineGenerator.cs using Guid(1a0d45d072749bd4db55e305e44ed191) Importer(815301076,1909f56bfc062723c751e8b465ee728b) (PreviewImporter) -> (artifact id: '00000000000000000000000000000000') in 0.0006607 seconds
Import Error Code:(4)
Message: Build asset version error: assets/scripts/circlelinegenerator.cs in SourceAssetDB has modification time of '2025-09-04T10:49:38.2957768Z' while content on disk has modification time of '2025-09-04T10:50:07.7020841Z'
  ERROR: Build asset version error: assets/scripts/circlelinegenerator.cs in SourceAssetDB has modification time of '2025-09-04T10:49:38.2957768Z' while content on disk has modification time of '2025-09-04T10:50:07.7020841Z'
Number of updated asset objects reloaded before import = 0Number of asset objects unloaded after import = 0

========================================================================
Received Import Request.
  Time since last request: 0.023705 seconds.
  path: Assets/Scripts/CircleLineGenerator.cs
  artifactKey: Guid(1a0d45d072749bd4db55e305e44ed191) Importer(815301076,1909f56bfc062723c751e8b465ee728b)
Start importing Assets/Scripts/CircleLineGenerator.cs using Guid(1a0d45d072749bd4db55e305e44ed191) Importer(815301076,1909f56bfc062723c751e8b465ee728b) (PreviewImporter) -> (artifact id: '00000000000000000000000000000000') in 0.0005918 seconds
Import Error Code:(4)
Message: Build asset version error: assets/scripts/circlelinegenerator.cs in SourceAssetDB has modification time of '2025-09-04T10:49:38.2957768Z' while content on disk has modification time of '2025-09-04T10:50:07.7020841Z'
  ERROR: Build asset version error: assets/scripts/circlelinegenerator.cs in SourceAssetDB has modification time of '2025-09-04T10:49:38.2957768Z' while content on disk has modification time of '2025-09-04T10:50:07.7020841Z'
Number of updated asset objects reloaded before import = 0Number of asset objects unloaded after import = 0

========================================================================
Received Import Request.
  Time since last request: 0.041211 seconds.
  path: Assets/Scripts/CircleLineGenerator.cs
  artifactKey: Guid(1a0d45d072749bd4db55e305e44ed191) Importer(815301076,1909f56bfc062723c751e8b465ee728b)
Start importing Assets/Scripts/CircleLineGenerator.cs using Guid(1a0d45d072749bd4db55e305e44ed191) Importer(815301076,1909f56bfc062723c751e8b465ee728b) (PreviewImporter) -> (artifact id: '00000000000000000000000000000000') in 0.0006208 seconds
Import Error Code:(4)
Message: Build asset version error: assets/scripts/circlelinegenerator.cs in SourceAssetDB has modification time of '2025-09-04T10:49:38.2957768Z' while content on disk has modification time of '2025-09-04T10:50:07.7020841Z'
  ERROR: Build asset version error: assets/scripts/circlelinegenerator.cs in SourceAssetDB has modification time of '2025-09-04T10:49:38.2957768Z' while content on disk has modification time of '2025-09-04T10:50:07.7020841Z'
Number of updated asset objects reloaded before import = 0Number of asset objects unloaded after import = 0

========================================================================
Received Import Request.
  Time since last request: 0.036950 seconds.
  path: Assets/Scripts/CircleLineGenerator.cs
  artifactKey: Guid(1a0d45d072749bd4db55e305e44ed191) Importer(815301076,1909f56bfc062723c751e8b465ee728b)
Start importing Assets/Scripts/CircleLineGenerator.cs using Guid(1a0d45d072749bd4db55e305e44ed191) Importer(815301076,1909f56bfc062723c751e8b465ee728b) (PreviewImporter) -> (artifact id: '00000000000000000000000000000000') in 0.0007717 seconds
Import Error Code:(4)
Message: Build asset version error: assets/scripts/circlelinegenerator.cs in SourceAssetDB has modification time of '2025-09-04T10:49:38.2957768Z' while content on disk has modification time of '2025-09-04T10:50:07.7020841Z'
  ERROR: Build asset version error: assets/scripts/circlelinegenerator.cs in SourceAssetDB has modification time of '2025-09-04T10:49:38.2957768Z' while content on disk has modification time of '2025-09-04T10:50:07.7020841Z'
Number of updated asset objects reloaded before import = 0Number of asset objects unloaded after import = 0

========================================================================
Received Import Request.
  Time since last request: 0.034115 seconds.
  path: Assets/Scripts/CircleLineGenerator.cs
  artifactKey: Guid(1a0d45d072749bd4db55e305e44ed191) Importer(815301076,1909f56bfc062723c751e8b465ee728b)
Start importing Assets/Scripts/CircleLineGenerator.cs using Guid(1a0d45d072749bd4db55e305e44ed191) Importer(815301076,1909f56bfc062723c751e8b465ee728b) (PreviewImporter) -> (artifact id: '00000000000000000000000000000000') in 0.0007137 seconds
Import Error Code:(4)
Message: Build asset version error: assets/scripts/circlelinegenerator.cs in SourceAssetDB has modification time of '2025-09-04T10:49:38.2957768Z' while content on disk has modification time of '2025-09-04T10:50:07.7020841Z'
  ERROR: Build asset version error: assets/scripts/circlelinegenerator.cs in SourceAssetDB has modification time of '2025-09-04T10:49:38.2957768Z' while content on disk has modification time of '2025-09-04T10:50:07.7020841Z'
Number of updated asset objects reloaded before import = 0Number of asset objects unloaded after import = 0

========================================================================
Received Import Request.
  Time since last request: 0.022488 seconds.
  path: Assets/Scripts/CircleLineGenerator.cs
  artifactKey: Guid(1a0d45d072749bd4db55e305e44ed191) Importer(815301076,1909f56bfc062723c751e8b465ee728b)
Start importing Assets/Scripts/CircleLineGenerator.cs using Guid(1a0d45d072749bd4db55e305e44ed191) Importer(815301076,1909f56bfc062723c751e8b465ee728b) (PreviewImporter) -> (artifact id: '00000000000000000000000000000000') in 0.0007344 seconds
Import Error Code:(4)
Message: Build asset version error: assets/scripts/circlelinegenerator.cs in SourceAssetDB has modification time of '2025-09-04T10:49:38.2957768Z' while content on disk has modification time of '2025-09-04T10:50:07.7020841Z'
  ERROR: Build asset version error: assets/scripts/circlelinegenerator.cs in SourceAssetDB has modification time of '2025-09-04T10:49:38.2957768Z' while content on disk has modification time of '2025-09-04T10:50:07.7020841Z'
Number of updated asset objects reloaded before import = 0Number of asset objects unloaded after import = 0

========================================================================
Received Import Request.
  Time since last request: 0.005536 seconds.
  path: Assets/Scripts/CircleLineGenerator.cs
  artifactKey: Guid(1a0d45d072749bd4db55e305e44ed191) Importer(815301076,1909f56bfc062723c751e8b465ee728b)
Start importing Assets/Scripts/CircleLineGenerator.cs using Guid(1a0d45d072749bd4db55e305e44ed191) Importer(815301076,1909f56bfc062723c751e8b465ee728b) (PreviewImporter) -> (artifact id: '00000000000000000000000000000000') in 0.0010349 seconds
Import Error Code:(4)
Message: Build asset version error: assets/scripts/circlelinegenerator.cs in SourceAssetDB has modification time of '2025-09-04T10:49:38.2957768Z' while content on disk has modification time of '2025-09-04T10:50:07.7020841Z'
  ERROR: Build asset version error: assets/scripts/circlelinegenerator.cs in SourceAssetDB has modification time of '2025-09-04T10:49:38.2957768Z' while content on disk has modification time of '2025-09-04T10:50:07.7020841Z'
Number of updated asset objects reloaded before import = 0Number of asset objects unloaded after import = 0

========================================================================
Received Import Request.
  Time since last request: 0.000022 seconds.
  path: Assets/Scripts/CircleLineGenerator.cs
  artifactKey: Guid(1a0d45d072749bd4db55e305e44ed191) Importer(815301076,1909f56bfc062723c751e8b465ee728b)
Start importing Assets/Scripts/CircleLineGenerator.cs using Guid(1a0d45d072749bd4db55e305e44ed191) Importer(815301076,1909f56bfc062723c751e8b465ee728b) (PreviewImporter) -> (artifact id: '00000000000000000000000000000000') in 0.0008829 seconds
Import Error Code:(4)
Message: Build asset version error: assets/scripts/circlelinegenerator.cs in SourceAssetDB has modification time of '2025-09-04T10:49:38.2957768Z' while content on disk has modification time of '2025-09-04T10:50:07.7020841Z'
  ERROR: Build asset version error: assets/scripts/circlelinegenerator.cs in SourceAssetDB has modification time of '2025-09-04T10:49:38.2957768Z' while content on disk has modification time of '2025-09-04T10:50:07.7020841Z'
Number of updated asset objects reloaded before import = 0Number of asset objects unloaded after import = 0

========================================================================
Received Import Request.
  Time since last request: 0.016550 seconds.
  path: Assets/Scripts/CircleLineGenerator.cs
  artifactKey: Guid(1a0d45d072749bd4db55e305e44ed191) Importer(815301076,1909f56bfc062723c751e8b465ee728b)
Start importing Assets/Scripts/CircleLineGenerator.cs using Guid(1a0d45d072749bd4db55e305e44ed191) Importer(815301076,1909f56bfc062723c751e8b465ee728b) (PreviewImporter) -> (artifact id: '00000000000000000000000000000000') in 0.0006457 seconds
Import Error Code:(4)
Message: Build asset version error: assets/scripts/circlelinegenerator.cs in SourceAssetDB has modification time of '2025-09-04T10:49:38.2957768Z' while content on disk has modification time of '2025-09-04T10:50:07.7020841Z'
  ERROR: Build asset version error: assets/scripts/circlelinegenerator.cs in SourceAssetDB has modification time of '2025-09-04T10:49:38.2957768Z' while content on disk has modification time of '2025-09-04T10:50:07.7020841Z'
Number of updated asset objects reloaded before import = 0Number of asset objects unloaded after import = 0

========================================================================
Received Import Request.
  Time since last request: 0.036358 seconds.
  path: Assets/Scripts/CircleLineGenerator.cs
  artifactKey: Guid(1a0d45d072749bd4db55e305e44ed191) Importer(815301076,1909f56bfc062723c751e8b465ee728b)
Start importing Assets/Scripts/CircleLineGenerator.cs using Guid(1a0d45d072749bd4db55e305e44ed191) Importer(815301076,1909f56bfc062723c751e8b465ee728b) (PreviewImporter) -> (artifact id: '00000000000000000000000000000000') in 0.0006461 seconds
Import Error Code:(4)
Message: Build asset version error: assets/scripts/circlelinegenerator.cs in SourceAssetDB has modification time of '2025-09-04T10:49:38.2957768Z' while content on disk has modification time of '2025-09-04T10:50:07.7020841Z'
  ERROR: Build asset version error: assets/scripts/circlelinegenerator.cs in SourceAssetDB has modification time of '2025-09-04T10:49:38.2957768Z' while content on disk has modification time of '2025-09-04T10:50:07.7020841Z'
Number of updated asset objects reloaded before import = 0Number of asset objects unloaded after import = 0

========================================================================
Received Import Request.
  Time since last request: 0.023103 seconds.
  path: Assets/Scripts/CircleLineGenerator.cs
  artifactKey: Guid(1a0d45d072749bd4db55e305e44ed191) Importer(815301076,1909f56bfc062723c751e8b465ee728b)
Start importing Assets/Scripts/CircleLineGenerator.cs using Guid(1a0d45d072749bd4db55e305e44ed191) Importer(815301076,1909f56bfc062723c751e8b465ee728b) (PreviewImporter) -> (artifact id: '00000000000000000000000000000000') in 0.000665 seconds
Import Error Code:(4)
Message: Build asset version error: assets/scripts/circlelinegenerator.cs in SourceAssetDB has modification time of '2025-09-04T10:49:38.2957768Z' while content on disk has modification time of '2025-09-04T10:50:07.7020841Z'
  ERROR: Build asset version error: assets/scripts/circlelinegenerator.cs in SourceAssetDB has modification time of '2025-09-04T10:49:38.2957768Z' while content on disk has modification time of '2025-09-04T10:50:07.7020841Z'
Number of updated asset objects reloaded before import = 0Number of asset objects unloaded after import = 0

========================================================================
Received Import Request.
  Time since last request: 0.001593 seconds.
  path: Assets/Scripts/CircleLineGenerator.cs
  artifactKey: Guid(1a0d45d072749bd4db55e305e44ed191) Importer(815301076,1909f56bfc062723c751e8b465ee728b)
Start importing Assets/Scripts/CircleLineGenerator.cs using Guid(1a0d45d072749bd4db55e305e44ed191) Importer(815301076,1909f56bfc062723c751e8b465ee728b) (PreviewImporter) -> (artifact id: '00000000000000000000000000000000') in 0.0006374 seconds
Import Error Code:(4)
Message: Build asset version error: assets/scripts/circlelinegenerator.cs in SourceAssetDB has modification time of '2025-09-04T10:49:38.2957768Z' while content on disk has modification time of '2025-09-04T10:50:07.7020841Z'
  ERROR: Build asset version error: assets/scripts/circlelinegenerator.cs in SourceAssetDB has modification time of '2025-09-04T10:49:38.2957768Z' while content on disk has modification time of '2025-09-04T10:50:07.7020841Z'
Number of updated asset objects reloaded before import = 0Number of asset objects unloaded after import = 0

========================================================================
Received Import Request.
  Time since last request: 0.012571 seconds.
  path: Assets/Scripts/CircleLineGenerator.cs
  artifactKey: Guid(1a0d45d072749bd4db55e305e44ed191) Importer(815301076,1909f56bfc062723c751e8b465ee728b)
Start importing Assets/Scripts/CircleLineGenerator.cs using Guid(1a0d45d072749bd4db55e305e44ed191) Importer(815301076,1909f56bfc062723c751e8b465ee728b) (PreviewImporter) -> (artifact id: '00000000000000000000000000000000') in 0.0007763 seconds
Import Error Code:(4)
Message: Build asset version error: assets/scripts/circlelinegenerator.cs in SourceAssetDB has modification time of '2025-09-04T10:49:38.2957768Z' while content on disk has modification time of '2025-09-04T10:50:07.7020841Z'
  ERROR: Build asset version error: assets/scripts/circlelinegenerator.cs in SourceAssetDB has modification time of '2025-09-04T10:49:38.2957768Z' while content on disk has modification time of '2025-09-04T10:50:07.7020841Z'
Number of updated asset objects reloaded before import = 0Number of asset objects unloaded after import = 0

========================================================================
Received Import Request.
  Time since last request: 0.023663 seconds.
  path: Assets/Scripts/CircleLineGenerator.cs
  artifactKey: Guid(1a0d45d072749bd4db55e305e44ed191) Importer(815301076,1909f56bfc062723c751e8b465ee728b)
Start importing Assets/Scripts/CircleLineGenerator.cs using Guid(1a0d45d072749bd4db55e305e44ed191) Importer(815301076,1909f56bfc062723c751e8b465ee728b) (PreviewImporter) -> (artifact id: '00000000000000000000000000000000') in 0.0006373 seconds
Import Error Code:(4)
Message: Build asset version error: assets/scripts/circlelinegenerator.cs in SourceAssetDB has modification time of '2025-09-04T10:49:38.2957768Z' while content on disk has modification time of '2025-09-04T10:50:07.7020841Z'
  ERROR: Build asset version error: assets/scripts/circlelinegenerator.cs in SourceAssetDB has modification time of '2025-09-04T10:49:38.2957768Z' while content on disk has modification time of '2025-09-04T10:50:07.7020841Z'
Number of updated asset objects reloaded before import = 0Number of asset objects unloaded after import = 0

========================================================================
Received Import Request.
  Time since last request: 0.032038 seconds.
  path: Assets/Scripts/CircleLineGenerator.cs
  artifactKey: Guid(1a0d45d072749bd4db55e305e44ed191) Importer(815301076,1909f56bfc062723c751e8b465ee728b)
Start importing Assets/Scripts/CircleLineGenerator.cs using Guid(1a0d45d072749bd4db55e305e44ed191) Importer(815301076,1909f56bfc062723c751e8b465ee728b) (PreviewImporter) -> (artifact id: '00000000000000000000000000000000') in 0.0007419 seconds
Import Error Code:(4)
Message: Build asset version error: assets/scripts/circlelinegenerator.cs in SourceAssetDB has modification time of '2025-09-04T10:49:38.2957768Z' while content on disk has modification time of '2025-09-04T10:50:07.7020841Z'
  ERROR: Build asset version error: assets/scripts/circlelinegenerator.cs in SourceAssetDB has modification time of '2025-09-04T10:49:38.2957768Z' while content on disk has modification time of '2025-09-04T10:50:07.7020841Z'
Number of updated asset objects reloaded before import = 0Number of asset objects unloaded after import = 0

========================================================================
Received Import Request.
  Time since last request: 0.029593 seconds.
  path: Assets/Scripts/CircleLineGenerator.cs
  artifactKey: Guid(1a0d45d072749bd4db55e305e44ed191) Importer(815301076,1909f56bfc062723c751e8b465ee728b)
Start importing Assets/Scripts/CircleLineGenerator.cs using Guid(1a0d45d072749bd4db55e305e44ed191) Importer(815301076,1909f56bfc062723c751e8b465ee728b) (PreviewImporter) -> (artifact id: '00000000000000000000000000000000') in 0.0008125 seconds
Import Error Code:(4)
Message: Build asset version error: assets/scripts/circlelinegenerator.cs in SourceAssetDB has modification time of '2025-09-04T10:49:38.2957768Z' while content on disk has modification time of '2025-09-04T10:50:07.7020841Z'
  ERROR: Build asset version error: assets/scripts/circlelinegenerator.cs in SourceAssetDB has modification time of '2025-09-04T10:49:38.2957768Z' while content on disk has modification time of '2025-09-04T10:50:07.7020841Z'
Number of updated asset objects reloaded before import = 0Number of asset objects unloaded after import = 0

========================================================================
Received Import Request.
  Time since last request: 0.000024 seconds.
  path: Assets/Scripts/CircleLineGenerator.cs
  artifactKey: Guid(1a0d45d072749bd4db55e305e44ed191) Importer(815301076,1909f56bfc062723c751e8b465ee728b)
Start importing Assets/Scripts/CircleLineGenerator.cs using Guid(1a0d45d072749bd4db55e305e44ed191) Importer(815301076,1909f56bfc062723c751e8b465ee728b) (PreviewImporter) -> (artifact id: '00000000000000000000000000000000') in 0.0007928 seconds
Import Error Code:(4)
Message: Build asset version error: assets/scripts/circlelinegenerator.cs in SourceAssetDB has modification time of '2025-09-04T10:49:38.2957768Z' while content on disk has modification time of '2025-09-04T10:50:07.7020841Z'
  ERROR: Build asset version error: assets/scripts/circlelinegenerator.cs in SourceAssetDB has modification time of '2025-09-04T10:49:38.2957768Z' while content on disk has modification time of '2025-09-04T10:50:07.7020841Z'
Number of updated asset objects reloaded before import = 0Number of asset objects unloaded after import = 0

========================================================================
Received Import Request.
  Time since last request: 0.004113 seconds.
  path: Assets/Scripts/CircleLineGenerator.cs
  artifactKey: Guid(1a0d45d072749bd4db55e305e44ed191) Importer(815301076,1909f56bfc062723c751e8b465ee728b)
Start importing Assets/Scripts/CircleLineGenerator.cs using Guid(1a0d45d072749bd4db55e305e44ed191) Importer(815301076,1909f56bfc062723c751e8b465ee728b) (PreviewImporter) -> (artifact id: '00000000000000000000000000000000') in 0.000791 seconds
Import Error Code:(4)
Message: Build asset version error: assets/scripts/circlelinegenerator.cs in SourceAssetDB has modification time of '2025-09-04T10:49:38.2957768Z' while content on disk has modification time of '2025-09-04T10:50:07.7020841Z'
  ERROR: Build asset version error: assets/scripts/circlelinegenerator.cs in SourceAssetDB has modification time of '2025-09-04T10:49:38.2957768Z' while content on disk has modification time of '2025-09-04T10:50:07.7020841Z'
Number of updated asset objects reloaded before import = 0Number of asset objects unloaded after import = 0

========================================================================
Received Import Request.
  Time since last request: 0.010021 seconds.
  path: Assets/Scripts/CircleLineGenerator.cs
  artifactKey: Guid(1a0d45d072749bd4db55e305e44ed191) Importer(815301076,1909f56bfc062723c751e8b465ee728b)
Start importing Assets/Scripts/CircleLineGenerator.cs using Guid(1a0d45d072749bd4db55e305e44ed191) Importer(815301076,1909f56bfc062723c751e8b465ee728b) (PreviewImporter) -> (artifact id: '00000000000000000000000000000000') in 0.0006695 seconds
Import Error Code:(4)
Message: Build asset version error: assets/scripts/circlelinegenerator.cs in SourceAssetDB has modification time of '2025-09-04T10:49:38.2957768Z' while content on disk has modification time of '2025-09-04T10:50:07.7020841Z'
  ERROR: Build asset version error: assets/scripts/circlelinegenerator.cs in SourceAssetDB has modification time of '2025-09-04T10:49:38.2957768Z' while content on disk has modification time of '2025-09-04T10:50:07.7020841Z'
Number of updated asset objects reloaded before import = 0Number of asset objects unloaded after import = 0

========================================================================
Received Import Request.
  Time since last request: 0.016571 seconds.
  path: Assets/Scripts/CircleLineGenerator.cs
  artifactKey: Guid(1a0d45d072749bd4db55e305e44ed191) Importer(815301076,1909f56bfc062723c751e8b465ee728b)
Start importing Assets/Scripts/CircleLineGenerator.cs using Guid(1a0d45d072749bd4db55e305e44ed191) Importer(815301076,1909f56bfc062723c751e8b465ee728b) (PreviewImporter) -> (artifact id: '00000000000000000000000000000000') in 0.0006628 seconds
Import Error Code:(4)
Message: Build asset version error: assets/scripts/circlelinegenerator.cs in SourceAssetDB has modification time of '2025-09-04T10:49:38.2957768Z' while content on disk has modification time of '2025-09-04T10:50:07.7020841Z'
  ERROR: Build asset version error: assets/scripts/circlelinegenerator.cs in SourceAssetDB has modification time of '2025-09-04T10:49:38.2957768Z' while content on disk has modification time of '2025-09-04T10:50:07.7020841Z'
Number of updated asset objects reloaded before import = 0Number of asset objects unloaded after import = 0

========================================================================
Received Import Request.
  Time since last request: 0.022728 seconds.
  path: Assets/Scripts/CircleLineGenerator.cs
  artifactKey: Guid(1a0d45d072749bd4db55e305e44ed191) Importer(815301076,1909f56bfc062723c751e8b465ee728b)
Start importing Assets/Scripts/CircleLineGenerator.cs using Guid(1a0d45d072749bd4db55e305e44ed191) Importer(815301076,1909f56bfc062723c751e8b465ee728b) (PreviewImporter) -> (artifact id: '00000000000000000000000000000000') in 0.0007691 seconds
Import Error Code:(4)
Message: Build asset version error: assets/scripts/circlelinegenerator.cs in SourceAssetDB has modification time of '2025-09-04T10:49:38.2957768Z' while content on disk has modification time of '2025-09-04T10:50:07.7020841Z'
  ERROR: Build asset version error: assets/scripts/circlelinegenerator.cs in SourceAssetDB has modification time of '2025-09-04T10:49:38.2957768Z' while content on disk has modification time of '2025-09-04T10:50:07.7020841Z'
Number of updated asset objects reloaded before import = 0Number of asset objects unloaded after import = 0

========================================================================
Received Import Request.
  Time since last request: 0.032853 seconds.
  path: Assets/Scripts/CircleLineGenerator.cs
  artifactKey: Guid(1a0d45d072749bd4db55e305e44ed191) Importer(815301076,1909f56bfc062723c751e8b465ee728b)
Start importing Assets/Scripts/CircleLineGenerator.cs using Guid(1a0d45d072749bd4db55e305e44ed191) Importer(815301076,1909f56bfc062723c751e8b465ee728b) (PreviewImporter) -> (artifact id: '00000000000000000000000000000000') in 0.0006588 seconds
Import Error Code:(4)
Message: Build asset version error: assets/scripts/circlelinegenerator.cs in SourceAssetDB has modification time of '2025-09-04T10:49:38.2957768Z' while content on disk has modification time of '2025-09-04T10:50:07.7020841Z'
  ERROR: Build asset version error: assets/scripts/circlelinegenerator.cs in SourceAssetDB has modification time of '2025-09-04T10:49:38.2957768Z' while content on disk has modification time of '2025-09-04T10:50:07.7020841Z'
Number of updated asset objects reloaded before import = 0Number of asset objects unloaded after import = 0

========================================================================
Received Import Request.
  Time since last request: 0.035448 seconds.
  path: Assets/Scripts/CircleLineGenerator.cs
  artifactKey: Guid(1a0d45d072749bd4db55e305e44ed191) Importer(815301076,1909f56bfc062723c751e8b465ee728b)
Start importing Assets/Scripts/CircleLineGenerator.cs using Guid(1a0d45d072749bd4db55e305e44ed191) Importer(815301076,1909f56bfc062723c751e8b465ee728b) (PreviewImporter) -> (artifact id: '00000000000000000000000000000000') in 0.0006034 seconds
Import Error Code:(4)
Message: Build asset version error: assets/scripts/circlelinegenerator.cs in SourceAssetDB has modification time of '2025-09-04T10:49:38.2957768Z' while content on disk has modification time of '2025-09-04T10:50:07.7020841Z'
  ERROR: Build asset version error: assets/scripts/circlelinegenerator.cs in SourceAssetDB has modification time of '2025-09-04T10:49:38.2957768Z' while content on disk has modification time of '2025-09-04T10:50:07.7020841Z'
Number of updated asset objects reloaded before import = 0Number of asset objects unloaded after import = 0

========================================================================
Received Import Request.
  Time since last request: 0.004653 seconds.
  path: Assets/Scripts/CircleLineGenerator.cs
  artifactKey: Guid(1a0d45d072749bd4db55e305e44ed191) Importer(815301076,1909f56bfc062723c751e8b465ee728b)
Start importing Assets/Scripts/CircleLineGenerator.cs using Guid(1a0d45d072749bd4db55e305e44ed191) Importer(815301076,1909f56bfc062723c751e8b465ee728b) (PreviewImporter) -> (artifact id: '00000000000000000000000000000000') in 0.0007755 seconds
Import Error Code:(4)
Message: Build asset version error: assets/scripts/circlelinegenerator.cs in SourceAssetDB has modification time of '2025-09-04T10:49:38.2957768Z' while content on disk has modification time of '2025-09-04T10:50:07.7020841Z'
  ERROR: Build asset version error: assets/scripts/circlelinegenerator.cs in SourceAssetDB has modification time of '2025-09-04T10:49:38.2957768Z' while content on disk has modification time of '2025-09-04T10:50:07.7020841Z'
Number of updated asset objects reloaded before import = 0Number of asset objects unloaded after import = 0

========================================================================
Received Import Request.
  Time since last request: 0.025424 seconds.
  path: Assets/Scripts/CircleLineGenerator.cs
  artifactKey: Guid(1a0d45d072749bd4db55e305e44ed191) Importer(815301076,1909f56bfc062723c751e8b465ee728b)
Start importing Assets/Scripts/CircleLineGenerator.cs using Guid(1a0d45d072749bd4db55e305e44ed191) Importer(815301076,1909f56bfc062723c751e8b465ee728b) (PreviewImporter) -> (artifact id: '00000000000000000000000000000000') in 0.0006549 seconds
Import Error Code:(4)
Message: Build asset version error: assets/scripts/circlelinegenerator.cs in SourceAssetDB has modification time of '2025-09-04T10:49:38.2957768Z' while content on disk has modification time of '2025-09-04T10:50:07.7020841Z'
  ERROR: Build asset version error: assets/scripts/circlelinegenerator.cs in SourceAssetDB has modification time of '2025-09-04T10:49:38.2957768Z' while content on disk has modification time of '2025-09-04T10:50:07.7020841Z'
Number of updated asset objects reloaded before import = 0Number of asset objects unloaded after import = 0

========================================================================
Received Import Request.
  Time since last request: 0.008978 seconds.
  path: Assets/Scripts/CircleLineGenerator.cs
  artifactKey: Guid(1a0d45d072749bd4db55e305e44ed191) Importer(815301076,1909f56bfc062723c751e8b465ee728b)
Start importing Assets/Scripts/CircleLineGenerator.cs using Guid(1a0d45d072749bd4db55e305e44ed191) Importer(815301076,1909f56bfc062723c751e8b465ee728b) (PreviewImporter) -> (artifact id: '00000000000000000000000000000000') in 0.0006514 seconds
Import Error Code:(4)
Message: Build asset version error: assets/scripts/circlelinegenerator.cs in SourceAssetDB has modification time of '2025-09-04T10:49:38.2957768Z' while content on disk has modification time of '2025-09-04T10:50:07.7020841Z'
  ERROR: Build asset version error: assets/scripts/circlelinegenerator.cs in SourceAssetDB has modification time of '2025-09-04T10:49:38.2957768Z' while content on disk has modification time of '2025-09-04T10:50:07.7020841Z'
Number of updated asset objects reloaded before import = 0Number of asset objects unloaded after import = 0

========================================================================
Received Import Request.
  Time since last request: 0.015949 seconds.
  path: Assets/Scripts/CircleLineGenerator.cs
  artifactKey: Guid(1a0d45d072749bd4db55e305e44ed191) Importer(815301076,1909f56bfc062723c751e8b465ee728b)
Start importing Assets/Scripts/CircleLineGenerator.cs using Guid(1a0d45d072749bd4db55e305e44ed191) Importer(815301076,1909f56bfc062723c751e8b465ee728b) (PreviewImporter) -> (artifact id: '00000000000000000000000000000000') in 0.0006914 seconds
Import Error Code:(4)
Message: Build asset version error: assets/scripts/circlelinegenerator.cs in SourceAssetDB has modification time of '2025-09-04T10:49:38.2957768Z' while content on disk has modification time of '2025-09-04T10:50:07.7020841Z'
  ERROR: Build asset version error: assets/scripts/circlelinegenerator.cs in SourceAssetDB has modification time of '2025-09-04T10:49:38.2957768Z' while content on disk has modification time of '2025-09-04T10:50:07.7020841Z'
Number of updated asset objects reloaded before import = 0Number of asset objects unloaded after import = 0

========================================================================
Received Import Request.
  Time since last request: 0.038637 seconds.
  path: Assets/Scripts/CircleLineGenerator.cs
  artifactKey: Guid(1a0d45d072749bd4db55e305e44ed191) Importer(815301076,1909f56bfc062723c751e8b465ee728b)
Start importing Assets/Scripts/CircleLineGenerator.cs using Guid(1a0d45d072749bd4db55e305e44ed191) Importer(815301076,1909f56bfc062723c751e8b465ee728b) (PreviewImporter) -> (artifact id: '00000000000000000000000000000000') in 0.0007173 seconds
Import Error Code:(4)
Message: Build asset version error: assets/scripts/circlelinegenerator.cs in SourceAssetDB has modification time of '2025-09-04T10:49:38.2957768Z' while content on disk has modification time of '2025-09-04T10:50:07.7020841Z'
  ERROR: Build asset version error: assets/scripts/circlelinegenerator.cs in SourceAssetDB has modification time of '2025-09-04T10:49:38.2957768Z' while content on disk has modification time of '2025-09-04T10:50:07.7020841Z'
Number of updated asset objects reloaded before import = 0Number of asset objects unloaded after import = 0

========================================================================
Received Import Request.
  Time since last request: 0.000024 seconds.
  path: Assets/Scripts/CircleLineGenerator.cs
  artifactKey: Guid(1a0d45d072749bd4db55e305e44ed191) Importer(815301076,1909f56bfc062723c751e8b465ee728b)
Start importing Assets/Scripts/CircleLineGenerator.cs using Guid(1a0d45d072749bd4db55e305e44ed191) Importer(815301076,1909f56bfc062723c751e8b465ee728b) (PreviewImporter) -> (artifact id: '00000000000000000000000000000000') in 0.0008696 seconds
Import Error Code:(4)
Message: Build asset version error: assets/scripts/circlelinegenerator.cs in SourceAssetDB has modification time of '2025-09-04T10:49:38.2957768Z' while content on disk has modification time of '2025-09-04T10:50:07.7020841Z'
  ERROR: Build asset version error: assets/scripts/circlelinegenerator.cs in SourceAssetDB has modification time of '2025-09-04T10:49:38.2957768Z' while content on disk has modification time of '2025-09-04T10:50:07.7020841Z'
Number of updated asset objects reloaded before import = 0Number of asset objects unloaded after import = 0

========================================================================
Received Import Request.
  Time since last request: 0.021249 seconds.
  path: Assets/Scripts/CircleLineGenerator.cs
  artifactKey: Guid(1a0d45d072749bd4db55e305e44ed191) Importer(815301076,1909f56bfc062723c751e8b465ee728b)
Start importing Assets/Scripts/CircleLineGenerator.cs using Guid(1a0d45d072749bd4db55e305e44ed191) Importer(815301076,1909f56bfc062723c751e8b465ee728b) (PreviewImporter) -> (artifact id: '00000000000000000000000000000000') in 0.0007812 seconds
Import Error Code:(4)
Message: Build asset version error: assets/scripts/circlelinegenerator.cs in SourceAssetDB has modification time of '2025-09-04T10:49:38.2957768Z' while content on disk has modification time of '2025-09-04T10:50:07.7020841Z'
  ERROR: Build asset version error: assets/scripts/circlelinegenerator.cs in SourceAssetDB has modification time of '2025-09-04T10:49:38.2957768Z' while content on disk has modification time of '2025-09-04T10:50:07.7020841Z'
Number of updated asset objects reloaded before import = 0Number of asset objects unloaded after import = 0

========================================================================
Received Import Request.
  Time since last request: 0.019672 seconds.
  path: Assets/Scripts/CircleLineGenerator.cs
  artifactKey: Guid(1a0d45d072749bd4db55e305e44ed191) Importer(815301076,1909f56bfc062723c751e8b465ee728b)
Start importing Assets/Scripts/CircleLineGenerator.cs using Guid(1a0d45d072749bd4db55e305e44ed191) Importer(815301076,1909f56bfc062723c751e8b465ee728b) (PreviewImporter) -> (artifact id: '00000000000000000000000000000000') in 0.0006777 seconds
Import Error Code:(4)
Message: Build asset version error: assets/scripts/circlelinegenerator.cs in SourceAssetDB has modification time of '2025-09-04T10:49:38.2957768Z' while content on disk has modification time of '2025-09-04T10:50:07.7020841Z'
  ERROR: Build asset version error: assets/scripts/circlelinegenerator.cs in SourceAssetDB has modification time of '2025-09-04T10:49:38.2957768Z' while content on disk has modification time of '2025-09-04T10:50:07.7020841Z'
Number of updated asset objects reloaded before import = 0Number of asset objects unloaded after import = 0

========================================================================
Received Import Request.
  Time since last request: 0.032530 seconds.
  path: Assets/Scripts/CircleLineGenerator.cs
  artifactKey: Guid(1a0d45d072749bd4db55e305e44ed191) Importer(815301076,1909f56bfc062723c751e8b465ee728b)
Start importing Assets/Scripts/CircleLineGenerator.cs using Guid(1a0d45d072749bd4db55e305e44ed191) Importer(815301076,1909f56bfc062723c751e8b465ee728b) (PreviewImporter) -> (artifact id: '00000000000000000000000000000000') in 0.0006892 seconds
Import Error Code:(4)
Message: Build asset version error: assets/scripts/circlelinegenerator.cs in SourceAssetDB has modification time of '2025-09-04T10:49:38.2957768Z' while content on disk has modification time of '2025-09-04T10:50:07.7020841Z'
  ERROR: Build asset version error: assets/scripts/circlelinegenerator.cs in SourceAssetDB has modification time of '2025-09-04T10:49:38.2957768Z' while content on disk has modification time of '2025-09-04T10:50:07.7020841Z'
Number of updated asset objects reloaded before import = 0Number of asset objects unloaded after import = 0

========================================================================
Received Import Request.
  Time since last request: 0.002497 seconds.
  path: Assets/Scripts/CircleLineGenerator.cs
  artifactKey: Guid(1a0d45d072749bd4db55e305e44ed191) Importer(815301076,1909f56bfc062723c751e8b465ee728b)
Start importing Assets/Scripts/CircleLineGenerator.cs using Guid(1a0d45d072749bd4db55e305e44ed191) Importer(815301076,1909f56bfc062723c751e8b465ee728b) (PreviewImporter) -> (artifact id: '00000000000000000000000000000000') in 0.0005732 seconds
Import Error Code:(4)
Message: Build asset version error: assets/scripts/circlelinegenerator.cs in SourceAssetDB has modification time of '2025-09-04T10:49:38.2957768Z' while content on disk has modification time of '2025-09-04T10:50:07.7020841Z'
  ERROR: Build asset version error: assets/scripts/circlelinegenerator.cs in SourceAssetDB has modification time of '2025-09-04T10:49:38.2957768Z' while content on disk has modification time of '2025-09-04T10:50:07.7020841Z'
Number of updated asset objects reloaded before import = 0Number of asset objects unloaded after import = 0

========================================================================
Received Import Request.
  Time since last request: 0.018572 seconds.
  path: Assets/Scripts/CircleLineGenerator.cs
  artifactKey: Guid(1a0d45d072749bd4db55e305e44ed191) Importer(815301076,1909f56bfc062723c751e8b465ee728b)
Start importing Assets/Scripts/CircleLineGenerator.cs using Guid(1a0d45d072749bd4db55e305e44ed191) Importer(815301076,1909f56bfc062723c751e8b465ee728b) (PreviewImporter) -> (artifact id: '00000000000000000000000000000000') in 0.0007224 seconds
Import Error Code:(4)
Message: Build asset version error: assets/scripts/circlelinegenerator.cs in SourceAssetDB has modification time of '2025-09-04T10:49:38.2957768Z' while content on disk has modification time of '2025-09-04T10:50:07.7020841Z'
  ERROR: Build asset version error: assets/scripts/circlelinegenerator.cs in SourceAssetDB has modification time of '2025-09-04T10:49:38.2957768Z' while content on disk has modification time of '2025-09-04T10:50:07.7020841Z'
Number of updated asset objects reloaded before import = 0Number of asset objects unloaded after import = 0

========================================================================
Received Import Request.
  Time since last request: 0.027346 seconds.
  path: Assets/Scripts/CircleLineGenerator.cs
  artifactKey: Guid(1a0d45d072749bd4db55e305e44ed191) Importer(815301076,1909f56bfc062723c751e8b465ee728b)
Start importing Assets/Scripts/CircleLineGenerator.cs using Guid(1a0d45d072749bd4db55e305e44ed191) Importer(815301076,1909f56bfc062723c751e8b465ee728b) (PreviewImporter) -> (artifact id: '00000000000000000000000000000000') in 0.0007306 seconds
Import Error Code:(4)
Message: Build asset version error: assets/scripts/circlelinegenerator.cs in SourceAssetDB has modification time of '2025-09-04T10:49:38.2957768Z' while content on disk has modification time of '2025-09-04T10:50:07.7020841Z'
  ERROR: Build asset version error: assets/scripts/circlelinegenerator.cs in SourceAssetDB has modification time of '2025-09-04T10:49:38.2957768Z' while content on disk has modification time of '2025-09-04T10:50:07.7020841Z'
Number of updated asset objects reloaded before import = 0Number of asset objects unloaded after import = 0

========================================================================
Received Import Request.
  Time since last request: 0.000027 seconds.
  path: Assets/Scripts/CircleLineGenerator.cs
  artifactKey: Guid(1a0d45d072749bd4db55e305e44ed191) Importer(815301076,1909f56bfc062723c751e8b465ee728b)
Start importing Assets/Scripts/CircleLineGenerator.cs using Guid(1a0d45d072749bd4db55e305e44ed191) Importer(815301076,1909f56bfc062723c751e8b465ee728b) (PreviewImporter) -> (artifact id: '00000000000000000000000000000000') in 0.0008224 seconds
Import Error Code:(4)
Message: Build asset version error: assets/scripts/circlelinegenerator.cs in SourceAssetDB has modification time of '2025-09-04T10:49:38.2957768Z' while content on disk has modification time of '2025-09-04T10:50:07.7020841Z'
  ERROR: Build asset version error: assets/scripts/circlelinegenerator.cs in SourceAssetDB has modification time of '2025-09-04T10:49:38.2957768Z' while content on disk has modification time of '2025-09-04T10:50:07.7020841Z'
Number of updated asset objects reloaded before import = 0Number of asset objects unloaded after import = 0

========================================================================
Received Import Request.
  Time since last request: 0.000034 seconds.
  path: Assets/Scripts/CircleLineGenerator.cs
  artifactKey: Guid(1a0d45d072749bd4db55e305e44ed191) Importer(815301076,1909f56bfc062723c751e8b465ee728b)
Start importing Assets/Scripts/CircleLineGenerator.cs using Guid(1a0d45d072749bd4db55e305e44ed191) Importer(815301076,1909f56bfc062723c751e8b465ee728b) (PreviewImporter) -> (artifact id: '00000000000000000000000000000000') in 0.00071 seconds
Import Error Code:(4)
Message: Build asset version error: assets/scripts/circlelinegenerator.cs in SourceAssetDB has modification time of '2025-09-04T10:49:38.2957768Z' while content on disk has modification time of '2025-09-04T10:50:07.7020841Z'
  ERROR: Build asset version error: assets/scripts/circlelinegenerator.cs in SourceAssetDB has modification time of '2025-09-04T10:49:38.2957768Z' while content on disk has modification time of '2025-09-04T10:50:07.7020841Z'
Number of updated asset objects reloaded before import = 0Number of asset objects unloaded after import = 0

========================================================================
Received Import Request.
  Time since last request: 0.000031 seconds.
  path: Assets/Scripts/CircleLineGenerator.cs
  artifactKey: Guid(1a0d45d072749bd4db55e305e44ed191) Importer(815301076,1909f56bfc062723c751e8b465ee728b)
Start importing Assets/Scripts/CircleLineGenerator.cs using Guid(1a0d45d072749bd4db55e305e44ed191) Importer(815301076,1909f56bfc062723c751e8b465ee728b) (PreviewImporter) -> (artifact id: '00000000000000000000000000000000') in 0.0007228 seconds
Import Error Code:(4)
Message: Build asset version error: assets/scripts/circlelinegenerator.cs in SourceAssetDB has modification time of '2025-09-04T10:49:38.2957768Z' while content on disk has modification time of '2025-09-04T10:50:07.7020841Z'
  ERROR: Build asset version error: assets/scripts/circlelinegenerator.cs in SourceAssetDB has modification time of '2025-09-04T10:49:38.2957768Z' while content on disk has modification time of '2025-09-04T10:50:07.7020841Z'
Number of updated asset objects reloaded before import = 0Number of asset objects unloaded after import = 0

========================================================================
Received Import Request.
  Time since last request: 0.000051 seconds.
  path: Assets/Scripts/CircleLineGenerator.cs
  artifactKey: Guid(1a0d45d072749bd4db55e305e44ed191) Importer(815301076,1909f56bfc062723c751e8b465ee728b)
Start importing Assets/Scripts/CircleLineGenerator.cs using Guid(1a0d45d072749bd4db55e305e44ed191) Importer(815301076,1909f56bfc062723c751e8b465ee728b) (PreviewImporter) -> (artifact id: '00000000000000000000000000000000') in 0.0007953 seconds
Import Error Code:(4)
Message: Build asset version error: assets/scripts/circlelinegenerator.cs in SourceAssetDB has modification time of '2025-09-04T10:49:38.2957768Z' while content on disk has modification time of '2025-09-04T10:50:07.7020841Z'
  ERROR: Build asset version error: assets/scripts/circlelinegenerator.cs in SourceAssetDB has modification time of '2025-09-04T10:49:38.2957768Z' while content on disk has modification time of '2025-09-04T10:50:07.7020841Z'
Number of updated asset objects reloaded before import = 0Number of asset objects unloaded after import = 0

========================================================================
Received Import Request.
  Time since last request: 0.000026 seconds.
  path: Assets/Scripts/CircleLineGenerator.cs
  artifactKey: Guid(1a0d45d072749bd4db55e305e44ed191) Importer(815301076,1909f56bfc062723c751e8b465ee728b)
Start importing Assets/Scripts/CircleLineGenerator.cs using Guid(1a0d45d072749bd4db55e305e44ed191) Importer(815301076,1909f56bfc062723c751e8b465ee728b) (PreviewImporter) -> (artifact id: '00000000000000000000000000000000') in 0.0006349 seconds
Import Error Code:(4)
Message: Build asset version error: assets/scripts/circlelinegenerator.cs in SourceAssetDB has modification time of '2025-09-04T10:49:38.2957768Z' while content on disk has modification time of '2025-09-04T10:50:07.7020841Z'
  ERROR: Build asset version error: assets/scripts/circlelinegenerator.cs in SourceAssetDB has modification time of '2025-09-04T10:49:38.2957768Z' while content on disk has modification time of '2025-09-04T10:50:07.7020841Z'
Number of updated asset objects reloaded before import = 0Number of asset objects unloaded after import = 0

========================================================================
Received Import Request.
  Time since last request: 0.000039 seconds.
  path: Assets/Scripts/CircleLineGenerator.cs
  artifactKey: Guid(1a0d45d072749bd4db55e305e44ed191) Importer(815301076,1909f56bfc062723c751e8b465ee728b)
Start importing Assets/Scripts/CircleLineGenerator.cs using Guid(1a0d45d072749bd4db55e305e44ed191) Importer(815301076,1909f56bfc062723c751e8b465ee728b) (PreviewImporter) -> (artifact id: '00000000000000000000000000000000') in 0.0007648 seconds
Import Error Code:(4)
Message: Build asset version error: assets/scripts/circlelinegenerator.cs in SourceAssetDB has modification time of '2025-09-04T10:49:38.2957768Z' while content on disk has modification time of '2025-09-04T10:50:07.7020841Z'
  ERROR: Build asset version error: assets/scripts/circlelinegenerator.cs in SourceAssetDB has modification time of '2025-09-04T10:49:38.2957768Z' while content on disk has modification time of '2025-09-04T10:50:07.7020841Z'
Number of updated asset objects reloaded before import = 0Number of asset objects unloaded after import = 0

========================================================================
Received Import Request.
  Time since last request: 0.000026 seconds.
  path: Assets/Scripts/CircleLineGenerator.cs
  artifactKey: Guid(1a0d45d072749bd4db55e305e44ed191) Importer(815301076,1909f56bfc062723c751e8b465ee728b)
Start importing Assets/Scripts/CircleLineGenerator.cs using Guid(1a0d45d072749bd4db55e305e44ed191) Importer(815301076,1909f56bfc062723c751e8b465ee728b) (PreviewImporter) -> (artifact id: '00000000000000000000000000000000') in 0.0007035 seconds
Import Error Code:(4)
Message: Build asset version error: assets/scripts/circlelinegenerator.cs in SourceAssetDB has modification time of '2025-09-04T10:49:38.2957768Z' while content on disk has modification time of '2025-09-04T10:50:07.7020841Z'
  ERROR: Build asset version error: assets/scripts/circlelinegenerator.cs in SourceAssetDB has modification time of '2025-09-04T10:49:38.2957768Z' while content on disk has modification time of '2025-09-04T10:50:07.7020841Z'
Number of updated asset objects reloaded before import = 0Number of asset objects unloaded after import = 0

========================================================================
Received Import Request.
  Time since last request: 0.000035 seconds.
  path: Assets/Scripts/CircleLineGenerator.cs
  artifactKey: Guid(1a0d45d072749bd4db55e305e44ed191) Importer(815301076,1909f56bfc062723c751e8b465ee728b)
Start importing Assets/Scripts/CircleLineGenerator.cs using Guid(1a0d45d072749bd4db55e305e44ed191) Importer(815301076,1909f56bfc062723c751e8b465ee728b) (PreviewImporter) -> (artifact id: '00000000000000000000000000000000') in 0.0007576 seconds
Import Error Code:(4)
Message: Build asset version error: assets/scripts/circlelinegenerator.cs in SourceAssetDB has modification time of '2025-09-04T10:49:38.2957768Z' while content on disk has modification time of '2025-09-04T10:50:07.7020841Z'
  ERROR: Build asset version error: assets/scripts/circlelinegenerator.cs in SourceAssetDB has modification time of '2025-09-04T10:49:38.2957768Z' while content on disk has modification time of '2025-09-04T10:50:07.7020841Z'
Number of updated asset objects reloaded before import = 0Number of asset objects unloaded after import = 0

========================================================================
Received Import Request.
  Time since last request: 0.000409 seconds.
  path: Assets/Scripts/CircleLineGenerator.cs
  artifactKey: Guid(1a0d45d072749bd4db55e305e44ed191) Importer(815301076,1909f56bfc062723c751e8b465ee728b)
Start importing Assets/Scripts/CircleLineGenerator.cs using Guid(1a0d45d072749bd4db55e305e44ed191) Importer(815301076,1909f56bfc062723c751e8b465ee728b) (PreviewImporter) -> (artifact id: '00000000000000000000000000000000') in 0.0008548 seconds
Import Error Code:(4)
Message: Build asset version error: assets/scripts/circlelinegenerator.cs in SourceAssetDB has modification time of '2025-09-04T10:49:38.2957768Z' while content on disk has modification time of '2025-09-04T10:50:07.7020841Z'
  ERROR: Build asset version error: assets/scripts/circlelinegenerator.cs in SourceAssetDB has modification time of '2025-09-04T10:49:38.2957768Z' while content on disk has modification time of '2025-09-04T10:50:07.7020841Z'
Number of updated asset objects reloaded before import = 0Number of asset objects unloaded after import = 0

========================================================================
Received Import Request.
  Time since last request: 0.027084 seconds.
  path: Assets/Scripts/CircleLineGenerator.cs
  artifactKey: Guid(1a0d45d072749bd4db55e305e44ed191) Importer(815301076,1909f56bfc062723c751e8b465ee728b)
Start importing Assets/Scripts/CircleLineGenerator.cs using Guid(1a0d45d072749bd4db55e305e44ed191) Importer(815301076,1909f56bfc062723c751e8b465ee728b) (PreviewImporter) -> (artifact id: '00000000000000000000000000000000') in 0.0006667 seconds
Import Error Code:(4)
Message: Build asset version error: assets/scripts/circlelinegenerator.cs in SourceAssetDB has modification time of '2025-09-04T10:49:38.2957768Z' while content on disk has modification time of '2025-09-04T10:50:07.7020841Z'
  ERROR: Build asset version error: assets/scripts/circlelinegenerator.cs in SourceAssetDB has modification time of '2025-09-04T10:49:38.2957768Z' while content on disk has modification time of '2025-09-04T10:50:07.7020841Z'
Number of updated asset objects reloaded before import = 0Number of asset objects unloaded after import = 0

========================================================================
Received Import Request.
  Time since last request: 0.034973 seconds.
  path: Assets/Scripts/CircleLineGenerator.cs
  artifactKey: Guid(1a0d45d072749bd4db55e305e44ed191) Importer(815301076,1909f56bfc062723c751e8b465ee728b)
Start importing Assets/Scripts/CircleLineGenerator.cs using Guid(1a0d45d072749bd4db55e305e44ed191) Importer(815301076,1909f56bfc062723c751e8b465ee728b) (PreviewImporter) -> (artifact id: '00000000000000000000000000000000') in 0.0005842 seconds
Import Error Code:(4)
Message: Build asset version error: assets/scripts/circlelinegenerator.cs in SourceAssetDB has modification time of '2025-09-04T10:49:38.2957768Z' while content on disk has modification time of '2025-09-04T10:50:07.7020841Z'
  ERROR: Build asset version error: assets/scripts/circlelinegenerator.cs in SourceAssetDB has modification time of '2025-09-04T10:49:38.2957768Z' while content on disk has modification time of '2025-09-04T10:50:07.7020841Z'
Number of updated asset objects reloaded before import = 0Number of asset objects unloaded after import = 0

========================================================================
Received Import Request.
  Time since last request: 0.032971 seconds.
  path: Assets/Scripts/CircleLineGenerator.cs
  artifactKey: Guid(1a0d45d072749bd4db55e305e44ed191) Importer(815301076,1909f56bfc062723c751e8b465ee728b)
Start importing Assets/Scripts/CircleLineGenerator.cs using Guid(1a0d45d072749bd4db55e305e44ed191) Importer(815301076,1909f56bfc062723c751e8b465ee728b) (PreviewImporter) -> (artifact id: '00000000000000000000000000000000') in 0.0006469 seconds
Import Error Code:(4)
Message: Build asset version error: assets/scripts/circlelinegenerator.cs in SourceAssetDB has modification time of '2025-09-04T10:49:38.2957768Z' while content on disk has modification time of '2025-09-04T10:50:07.7020841Z'
  ERROR: Build asset version error: assets/scripts/circlelinegenerator.cs in SourceAssetDB has modification time of '2025-09-04T10:49:38.2957768Z' while content on disk has modification time of '2025-09-04T10:50:07.7020841Z'
Number of updated asset objects reloaded before import = 0Number of asset objects unloaded after import = 0

========================================================================
Received Import Request.
  Time since last request: 0.039766 seconds.
  path: Assets/Scripts/CircleLineGenerator.cs
  artifactKey: Guid(1a0d45d072749bd4db55e305e44ed191) Importer(815301076,1909f56bfc062723c751e8b465ee728b)
Start importing Assets/Scripts/CircleLineGenerator.cs using Guid(1a0d45d072749bd4db55e305e44ed191) Importer(815301076,1909f56bfc062723c751e8b465ee728b) (PreviewImporter) -> (artifact id: '00000000000000000000000000000000') in 0.0006506 seconds
Import Error Code:(4)
Message: Build asset version error: assets/scripts/circlelinegenerator.cs in SourceAssetDB has modification time of '2025-09-04T10:49:38.2957768Z' while content on disk has modification time of '2025-09-04T10:50:07.7020841Z'
  ERROR: Build asset version error: assets/scripts/circlelinegenerator.cs in SourceAssetDB has modification time of '2025-09-04T10:49:38.2957768Z' while content on disk has modification time of '2025-09-04T10:50:07.7020841Z'
Number of updated asset objects reloaded before import = 0Number of asset objects unloaded after import = 0

========================================================================
Received Import Request.
  Time since last request: 0.029725 seconds.
  path: Assets/Scripts/CircleLineGenerator.cs
  artifactKey: Guid(1a0d45d072749bd4db55e305e44ed191) Importer(815301076,1909f56bfc062723c751e8b465ee728b)
Start importing Assets/Scripts/CircleLineGenerator.cs using Guid(1a0d45d072749bd4db55e305e44ed191) Importer(815301076,1909f56bfc062723c751e8b465ee728b) (PreviewImporter) -> (artifact id: '00000000000000000000000000000000') in 0.0006171 seconds
Import Error Code:(4)
Message: Build asset version error: assets/scripts/circlelinegenerator.cs in SourceAssetDB has modification time of '2025-09-04T10:49:38.2957768Z' while content on disk has modification time of '2025-09-04T10:50:07.7020841Z'
  ERROR: Build asset version error: assets/scripts/circlelinegenerator.cs in SourceAssetDB has modification time of '2025-09-04T10:49:38.2957768Z' while content on disk has modification time of '2025-09-04T10:50:07.7020841Z'
Number of updated asset objects reloaded before import = 0Number of asset objects unloaded after import = 0

========================================================================
Received Import Request.
  Time since last request: 0.040905 seconds.
  path: Assets/Scripts/CircleLineGenerator.cs
  artifactKey: Guid(1a0d45d072749bd4db55e305e44ed191) Importer(815301076,1909f56bfc062723c751e8b465ee728b)
Start importing Assets/Scripts/CircleLineGenerator.cs using Guid(1a0d45d072749bd4db55e305e44ed191) Importer(815301076,1909f56bfc062723c751e8b465ee728b) (PreviewImporter) -> (artifact id: '00000000000000000000000000000000') in 0.0007348 seconds
Import Error Code:(4)
Message: Build asset version error: assets/scripts/circlelinegenerator.cs in SourceAssetDB has modification time of '2025-09-04T10:49:38.2957768Z' while content on disk has modification time of '2025-09-04T10:50:07.7020841Z'
  ERROR: Build asset version error: assets/scripts/circlelinegenerator.cs in SourceAssetDB has modification time of '2025-09-04T10:49:38.2957768Z' while content on disk has modification time of '2025-09-04T10:50:07.7020841Z'
Number of updated asset objects reloaded before import = 0Number of asset objects unloaded after import = 0

========================================================================
Received Import Request.
  Time since last request: 0.023852 seconds.
  path: Assets/Scripts/CircleLineGenerator.cs
  artifactKey: Guid(1a0d45d072749bd4db55e305e44ed191) Importer(815301076,1909f56bfc062723c751e8b465ee728b)
Start importing Assets/Scripts/CircleLineGenerator.cs using Guid(1a0d45d072749bd4db55e305e44ed191) Importer(815301076,1909f56bfc062723c751e8b465ee728b) (PreviewImporter) -> (artifact id: '00000000000000000000000000000000') in 0.0008214 seconds
Import Error Code:(4)
Message: Build asset version error: assets/scripts/circlelinegenerator.cs in SourceAssetDB has modification time of '2025-09-04T10:49:38.2957768Z' while content on disk has modification time of '2025-09-04T10:50:07.7020841Z'
  ERROR: Build asset version error: assets/scripts/circlelinegenerator.cs in SourceAssetDB has modification time of '2025-09-04T10:49:38.2957768Z' while content on disk has modification time of '2025-09-04T10:50:07.7020841Z'
Number of updated asset objects reloaded before import = 0Number of asset objects unloaded after import = 0

========================================================================
Received Import Request.
  Time since last request: 0.010927 seconds.
  path: Assets/Scripts/CircleLineGenerator.cs
  artifactKey: Guid(1a0d45d072749bd4db55e305e44ed191) Importer(815301076,1909f56bfc062723c751e8b465ee728b)
Start importing Assets/Scripts/CircleLineGenerator.cs using Guid(1a0d45d072749bd4db55e305e44ed191) Importer(815301076,1909f56bfc062723c751e8b465ee728b) (PreviewImporter) -> (artifact id: '00000000000000000000000000000000') in 0.0005645 seconds
Import Error Code:(4)
Message: Build asset version error: assets/scripts/circlelinegenerator.cs in SourceAssetDB has modification time of '2025-09-04T10:49:38.2957768Z' while content on disk has modification time of '2025-09-04T10:50:07.7020841Z'
  ERROR: Build asset version error: assets/scripts/circlelinegenerator.cs in SourceAssetDB has modification time of '2025-09-04T10:49:38.2957768Z' while content on disk has modification time of '2025-09-04T10:50:07.7020841Z'
Number of updated asset objects reloaded before import = 0Number of asset objects unloaded after import = 0

========================================================================
Received Import Request.
  Time since last request: 0.033445 seconds.
  path: Assets/Scripts/CircleLineGenerator.cs
  artifactKey: Guid(1a0d45d072749bd4db55e305e44ed191) Importer(815301076,1909f56bfc062723c751e8b465ee728b)
Start importing Assets/Scripts/CircleLineGenerator.cs using Guid(1a0d45d072749bd4db55e305e44ed191) Importer(815301076,1909f56bfc062723c751e8b465ee728b) (PreviewImporter) -> (artifact id: '00000000000000000000000000000000') in 0.0006251 seconds
Import Error Code:(4)
Message: Build asset version error: assets/scripts/circlelinegenerator.cs in SourceAssetDB has modification time of '2025-09-04T10:49:38.2957768Z' while content on disk has modification time of '2025-09-04T10:50:07.7020841Z'
  ERROR: Build asset version error: assets/scripts/circlelinegenerator.cs in SourceAssetDB has modification time of '2025-09-04T10:49:38.2957768Z' while content on disk has modification time of '2025-09-04T10:50:07.7020841Z'
Number of updated asset objects reloaded before import = 0Number of asset objects unloaded after import = 0

========================================================================
Received Import Request.
  Time since last request: 0.031903 seconds.
  path: Assets/Scripts/CircleLineGenerator.cs
  artifactKey: Guid(1a0d45d072749bd4db55e305e44ed191) Importer(815301076,1909f56bfc062723c751e8b465ee728b)
Start importing Assets/Scripts/CircleLineGenerator.cs using Guid(1a0d45d072749bd4db55e305e44ed191) Importer(815301076,1909f56bfc062723c751e8b465ee728b) (PreviewImporter) -> (artifact id: '00000000000000000000000000000000') in 0.0006039 seconds
Import Error Code:(4)
Message: Build asset version error: assets/scripts/circlelinegenerator.cs in SourceAssetDB has modification time of '2025-09-04T10:49:38.2957768Z' while content on disk has modification time of '2025-09-04T10:50:07.7020841Z'
  ERROR: Build asset version error: assets/scripts/circlelinegenerator.cs in SourceAssetDB has modification time of '2025-09-04T10:49:38.2957768Z' while content on disk has modification time of '2025-09-04T10:50:07.7020841Z'
Number of updated asset objects reloaded before import = 0Number of asset objects unloaded after import = 0

========================================================================
Received Import Request.
  Time since last request: 0.031219 seconds.
  path: Assets/Scripts/CircleLineGenerator.cs
  artifactKey: Guid(1a0d45d072749bd4db55e305e44ed191) Importer(815301076,1909f56bfc062723c751e8b465ee728b)
Start importing Assets/Scripts/CircleLineGenerator.cs using Guid(1a0d45d072749bd4db55e305e44ed191) Importer(815301076,1909f56bfc062723c751e8b465ee728b) (PreviewImporter) -> (artifact id: '00000000000000000000000000000000') in 0.0005849 seconds
Import Error Code:(4)
Message: Build asset version error: assets/scripts/circlelinegenerator.cs in SourceAssetDB has modification time of '2025-09-04T10:49:38.2957768Z' while content on disk has modification time of '2025-09-04T10:50:07.7020841Z'
  ERROR: Build asset version error: assets/scripts/circlelinegenerator.cs in SourceAssetDB has modification time of '2025-09-04T10:49:38.2957768Z' while content on disk has modification time of '2025-09-04T10:50:07.7020841Z'
Number of updated asset objects reloaded before import = 0Number of asset objects unloaded after import = 0

========================================================================
Received Import Request.
  Time since last request: 0.037454 seconds.
  path: Assets/Scripts/CircleLineGenerator.cs
  artifactKey: Guid(1a0d45d072749bd4db55e305e44ed191) Importer(815301076,1909f56bfc062723c751e8b465ee728b)
Start importing Assets/Scripts/CircleLineGenerator.cs using Guid(1a0d45d072749bd4db55e305e44ed191) Importer(815301076,1909f56bfc062723c751e8b465ee728b) (PreviewImporter) -> (artifact id: '00000000000000000000000000000000') in 0.0006808 seconds
Import Error Code:(4)
Message: Build asset version error: assets/scripts/circlelinegenerator.cs in SourceAssetDB has modification time of '2025-09-04T10:49:38.2957768Z' while content on disk has modification time of '2025-09-04T10:50:07.7020841Z'
  ERROR: Build asset version error: assets/scripts/circlelinegenerator.cs in SourceAssetDB has modification time of '2025-09-04T10:49:38.2957768Z' while content on disk has modification time of '2025-09-04T10:50:07.7020841Z'
Number of updated asset objects reloaded before import = 0Number of asset objects unloaded after import = 0

========================================================================
Received Import Request.
  Time since last request: 0.031045 seconds.
  path: Assets/Scripts/CircleLineGenerator.cs
  artifactKey: Guid(1a0d45d072749bd4db55e305e44ed191) Importer(815301076,1909f56bfc062723c751e8b465ee728b)
Start importing Assets/Scripts/CircleLineGenerator.cs using Guid(1a0d45d072749bd4db55e305e44ed191) Importer(815301076,1909f56bfc062723c751e8b465ee728b) (PreviewImporter) -> (artifact id: '00000000000000000000000000000000') in 0.0006043 seconds
Import Error Code:(4)
Message: Build asset version error: assets/scripts/circlelinegenerator.cs in SourceAssetDB has modification time of '2025-09-04T10:49:38.2957768Z' while content on disk has modification time of '2025-09-04T10:50:07.7020841Z'
  ERROR: Build asset version error: assets/scripts/circlelinegenerator.cs in SourceAssetDB has modification time of '2025-09-04T10:49:38.2957768Z' while content on disk has modification time of '2025-09-04T10:50:07.7020841Z'
Number of updated asset objects reloaded before import = 0Number of asset objects unloaded after import = 0

========================================================================
Received Import Request.
  Time since last request: 0.036425 seconds.
  path: Assets/Scripts/CircleLineGenerator.cs
  artifactKey: Guid(1a0d45d072749bd4db55e305e44ed191) Importer(815301076,1909f56bfc062723c751e8b465ee728b)
Start importing Assets/Scripts/CircleLineGenerator.cs using Guid(1a0d45d072749bd4db55e305e44ed191) Importer(815301076,1909f56bfc062723c751e8b465ee728b) (PreviewImporter) -> (artifact id: '00000000000000000000000000000000') in 0.0006445 seconds
Import Error Code:(4)
Message: Build asset version error: assets/scripts/circlelinegenerator.cs in SourceAssetDB has modification time of '2025-09-04T10:49:38.2957768Z' while content on disk has modification time of '2025-09-04T10:50:07.7020841Z'
  ERROR: Build asset version error: assets/scripts/circlelinegenerator.cs in SourceAssetDB has modification time of '2025-09-04T10:49:38.2957768Z' while content on disk has modification time of '2025-09-04T10:50:07.7020841Z'
Number of updated asset objects reloaded before import = 0Number of asset objects unloaded after import = 0

========================================================================
Received Import Request.
  Time since last request: 0.037698 seconds.
  path: Assets/Scripts/CircleLineGenerator.cs
  artifactKey: Guid(1a0d45d072749bd4db55e305e44ed191) Importer(815301076,1909f56bfc062723c751e8b465ee728b)
Start importing Assets/Scripts/CircleLineGenerator.cs using Guid(1a0d45d072749bd4db55e305e44ed191) Importer(815301076,1909f56bfc062723c751e8b465ee728b) (PreviewImporter) -> (artifact id: '00000000000000000000000000000000') in 0.0006048 seconds
Import Error Code:(4)
Message: Build asset version error: assets/scripts/circlelinegenerator.cs in SourceAssetDB has modification time of '2025-09-04T10:49:38.2957768Z' while content on disk has modification time of '2025-09-04T10:50:07.7020841Z'
  ERROR: Build asset version error: assets/scripts/circlelinegenerator.cs in SourceAssetDB has modification time of '2025-09-04T10:49:38.2957768Z' while content on disk has modification time of '2025-09-04T10:50:07.7020841Z'
Number of updated asset objects reloaded before import = 0Number of asset objects unloaded after import = 0

========================================================================
Received Import Request.
  Time since last request: 0.030349 seconds.
  path: Assets/Scripts/CircleLineGenerator.cs
  artifactKey: Guid(1a0d45d072749bd4db55e305e44ed191) Importer(815301076,1909f56bfc062723c751e8b465ee728b)
Start importing Assets/Scripts/CircleLineGenerator.cs using Guid(1a0d45d072749bd4db55e305e44ed191) Importer(815301076,1909f56bfc062723c751e8b465ee728b) (PreviewImporter) -> (artifact id: '00000000000000000000000000000000') in 0.0005929 seconds
Import Error Code:(4)
Message: Build asset version error: assets/scripts/circlelinegenerator.cs in SourceAssetDB has modification time of '2025-09-04T10:49:38.2957768Z' while content on disk has modification time of '2025-09-04T10:50:07.7020841Z'
  ERROR: Build asset version error: assets/scripts/circlelinegenerator.cs in SourceAssetDB has modification time of '2025-09-04T10:49:38.2957768Z' while content on disk has modification time of '2025-09-04T10:50:07.7020841Z'
Number of updated asset objects reloaded before import = 0Number of asset objects unloaded after import = 0

========================================================================
Received Import Request.
  Time since last request: 0.028630 seconds.
  path: Assets/Scripts/CircleLineGenerator.cs
  artifactKey: Guid(1a0d45d072749bd4db55e305e44ed191) Importer(815301076,1909f56bfc062723c751e8b465ee728b)
Start importing Assets/Scripts/CircleLineGenerator.cs using Guid(1a0d45d072749bd4db55e305e44ed191) Importer(815301076,1909f56bfc062723c751e8b465ee728b) (PreviewImporter) -> (artifact id: '00000000000000000000000000000000') in 0.0006053 seconds
Import Error Code:(4)
Message: Build asset version error: assets/scripts/circlelinegenerator.cs in SourceAssetDB has modification time of '2025-09-04T10:49:38.2957768Z' while content on disk has modification time of '2025-09-04T10:50:07.7020841Z'
  ERROR: Build asset version error: assets/scripts/circlelinegenerator.cs in SourceAssetDB has modification time of '2025-09-04T10:49:38.2957768Z' while content on disk has modification time of '2025-09-04T10:50:07.7020841Z'
Number of updated asset objects reloaded before import = 0Number of asset objects unloaded after import = 0

========================================================================
Received Import Request.
  Time since last request: 0.037737 seconds.
  path: Assets/Scripts/CircleLineGenerator.cs
  artifactKey: Guid(1a0d45d072749bd4db55e305e44ed191) Importer(815301076,1909f56bfc062723c751e8b465ee728b)
Start importing Assets/Scripts/CircleLineGenerator.cs using Guid(1a0d45d072749bd4db55e305e44ed191) Importer(815301076,1909f56bfc062723c751e8b465ee728b) (PreviewImporter) -> (artifact id: '00000000000000000000000000000000') in 0.0006498 seconds
Import Error Code:(4)
Message: Build asset version error: assets/scripts/circlelinegenerator.cs in SourceAssetDB has modification time of '2025-09-04T10:49:38.2957768Z' while content on disk has modification time of '2025-09-04T10:50:07.7020841Z'
  ERROR: Build asset version error: assets/scripts/circlelinegenerator.cs in SourceAssetDB has modification time of '2025-09-04T10:49:38.2957768Z' while content on disk has modification time of '2025-09-04T10:50:07.7020841Z'
Number of updated asset objects reloaded before import = 0Number of asset objects unloaded after import = 0

========================================================================
Received Import Request.
  Time since last request: 0.039823 seconds.
  path: Assets/Scripts/CircleLineGenerator.cs
  artifactKey: Guid(1a0d45d072749bd4db55e305e44ed191) Importer(815301076,1909f56bfc062723c751e8b465ee728b)
Start importing Assets/Scripts/CircleLineGenerator.cs using Guid(1a0d45d072749bd4db55e305e44ed191) Importer(815301076,1909f56bfc062723c751e8b465ee728b) (PreviewImporter) -> (artifact id: '00000000000000000000000000000000') in 0.0007093 seconds
Import Error Code:(4)
Message: Build asset version error: assets/scripts/circlelinegenerator.cs in SourceAssetDB has modification time of '2025-09-04T10:49:38.2957768Z' while content on disk has modification time of '2025-09-04T10:50:07.7020841Z'
  ERROR: Build asset version error: assets/scripts/circlelinegenerator.cs in SourceAssetDB has modification time of '2025-09-04T10:49:38.2957768Z' while content on disk has modification time of '2025-09-04T10:50:07.7020841Z'
Number of updated asset objects reloaded before import = 0Number of asset objects unloaded after import = 0

========================================================================
Received Import Request.
  Time since last request: 0.028033 seconds.
  path: Assets/Scripts/CircleLineGenerator.cs
  artifactKey: Guid(1a0d45d072749bd4db55e305e44ed191) Importer(815301076,1909f56bfc062723c751e8b465ee728b)
Start importing Assets/Scripts/CircleLineGenerator.cs using Guid(1a0d45d072749bd4db55e305e44ed191) Importer(815301076,1909f56bfc062723c751e8b465ee728b) (PreviewImporter) -> (artifact id: '00000000000000000000000000000000') in 0.0007108 seconds
Import Error Code:(4)
Message: Build asset version error: assets/scripts/circlelinegenerator.cs in SourceAssetDB has modification time of '2025-09-04T10:49:38.2957768Z' while content on disk has modification time of '2025-09-04T10:50:07.7020841Z'
  ERROR: Build asset version error: assets/scripts/circlelinegenerator.cs in SourceAssetDB has modification time of '2025-09-04T10:49:38.2957768Z' while content on disk has modification time of '2025-09-04T10:50:07.7020841Z'
Number of updated asset objects reloaded before import = 0Number of asset objects unloaded after import = 0

========================================================================
Received Import Request.
  Time since last request: 0.026278 seconds.
  path: Assets/Scripts/CircleLineGenerator.cs
  artifactKey: Guid(1a0d45d072749bd4db55e305e44ed191) Importer(815301076,1909f56bfc062723c751e8b465ee728b)
Start importing Assets/Scripts/CircleLineGenerator.cs using Guid(1a0d45d072749bd4db55e305e44ed191) Importer(815301076,1909f56bfc062723c751e8b465ee728b) (PreviewImporter) -> (artifact id: '00000000000000000000000000000000') in 0.0009619 seconds
Import Error Code:(4)
Message: Build asset version error: assets/scripts/circlelinegenerator.cs in SourceAssetDB has modification time of '2025-09-04T10:49:38.2957768Z' while content on disk has modification time of '2025-09-04T10:50:07.7020841Z'
  ERROR: Build asset version error: assets/scripts/circlelinegenerator.cs in SourceAssetDB has modification time of '2025-09-04T10:49:38.2957768Z' while content on disk has modification time of '2025-09-04T10:50:07.7020841Z'
Number of updated asset objects reloaded before import = 0Number of asset objects unloaded after import = 0

========================================================================
Received Import Request.
  Time since last request: 0.017791 seconds.
  path: Assets/Scripts/CircleLineGenerator.cs
  artifactKey: Guid(1a0d45d072749bd4db55e305e44ed191) Importer(815301076,1909f56bfc062723c751e8b465ee728b)
Start importing Assets/Scripts/CircleLineGenerator.cs using Guid(1a0d45d072749bd4db55e305e44ed191) Importer(815301076,1909f56bfc062723c751e8b465ee728b) (PreviewImporter) -> (artifact id: '00000000000000000000000000000000') in 0.0005997 seconds
Import Error Code:(4)
Message: Build asset version error: assets/scripts/circlelinegenerator.cs in SourceAssetDB has modification time of '2025-09-04T10:49:38.2957768Z' while content on disk has modification time of '2025-09-04T10:50:07.7020841Z'
  ERROR: Build asset version error: assets/scripts/circlelinegenerator.cs in SourceAssetDB has modification time of '2025-09-04T10:49:38.2957768Z' while content on disk has modification time of '2025-09-04T10:50:07.7020841Z'
Number of updated asset objects reloaded before import = 0Number of asset objects unloaded after import = 0

========================================================================
Received Import Request.
  Time since last request: 0.027625 seconds.
  path: Assets/Scripts/CircleLineGenerator.cs
  artifactKey: Guid(1a0d45d072749bd4db55e305e44ed191) Importer(815301076,1909f56bfc062723c751e8b465ee728b)
Start importing Assets/Scripts/CircleLineGenerator.cs using Guid(1a0d45d072749bd4db55e305e44ed191) Importer(815301076,1909f56bfc062723c751e8b465ee728b) (PreviewImporter) -> (artifact id: '00000000000000000000000000000000') in 0.0009306 seconds
Import Error Code:(4)
Message: Build asset version error: assets/scripts/circlelinegenerator.cs in SourceAssetDB has modification time of '2025-09-04T10:49:38.2957768Z' while content on disk has modification time of '2025-09-04T10:50:07.7020841Z'
  ERROR: Build asset version error: assets/scripts/circlelinegenerator.cs in SourceAssetDB has modification time of '2025-09-04T10:49:38.2957768Z' while content on disk has modification time of '2025-09-04T10:50:07.7020841Z'
Number of updated asset objects reloaded before import = 0Number of asset objects unloaded after import = 0

========================================================================
Received Import Request.
  Time since last request: 0.011154 seconds.
  path: Assets/Scripts/CircleLineGenerator.cs
  artifactKey: Guid(1a0d45d072749bd4db55e305e44ed191) Importer(815301076,1909f56bfc062723c751e8b465ee728b)
Start importing Assets/Scripts/CircleLineGenerator.cs using Guid(1a0d45d072749bd4db55e305e44ed191) Importer(815301076,1909f56bfc062723c751e8b465ee728b) (PreviewImporter) -> (artifact id: '00000000000000000000000000000000') in 0.0007189 seconds
Import Error Code:(4)
Message: Build asset version error: assets/scripts/circlelinegenerator.cs in SourceAssetDB has modification time of '2025-09-04T10:49:38.2957768Z' while content on disk has modification time of '2025-09-04T10:50:07.7020841Z'
  ERROR: Build asset version error: assets/scripts/circlelinegenerator.cs in SourceAssetDB has modification time of '2025-09-04T10:49:38.2957768Z' while content on disk has modification time of '2025-09-04T10:50:07.7020841Z'
Number of updated asset objects reloaded before import = 0Number of asset objects unloaded after import = 0

========================================================================
Received Import Request.
  Time since last request: 0.014641 seconds.
  path: Assets/Scripts/CircleLineGenerator.cs
  artifactKey: Guid(1a0d45d072749bd4db55e305e44ed191) Importer(815301076,1909f56bfc062723c751e8b465ee728b)
Start importing Assets/Scripts/CircleLineGenerator.cs using Guid(1a0d45d072749bd4db55e305e44ed191) Importer(815301076,1909f56bfc062723c751e8b465ee728b) (PreviewImporter) -> (artifact id: '00000000000000000000000000000000') in 0.00064 seconds
Import Error Code:(4)
Message: Build asset version error: assets/scripts/circlelinegenerator.cs in SourceAssetDB has modification time of '2025-09-04T10:49:38.2957768Z' while content on disk has modification time of '2025-09-04T10:50:07.7020841Z'
  ERROR: Build asset version error: assets/scripts/circlelinegenerator.cs in SourceAssetDB has modification time of '2025-09-04T10:49:38.2957768Z' while content on disk has modification time of '2025-09-04T10:50:07.7020841Z'
Number of updated asset objects reloaded before import = 0Number of asset objects unloaded after import = 0

========================================================================
Received Import Request.
  Time since last request: 0.024418 seconds.
  path: Assets/Scripts/CircleLineGenerator.cs
  artifactKey: Guid(1a0d45d072749bd4db55e305e44ed191) Importer(815301076,1909f56bfc062723c751e8b465ee728b)
Start importing Assets/Scripts/CircleLineGenerator.cs using Guid(1a0d45d072749bd4db55e305e44ed191) Importer(815301076,1909f56bfc062723c751e8b465ee728b) (PreviewImporter) -> (artifact id: '00000000000000000000000000000000') in 0.0007074 seconds
Import Error Code:(4)
Message: Build asset version error: assets/scripts/circlelinegenerator.cs in SourceAssetDB has modification time of '2025-09-04T10:49:38.2957768Z' while content on disk has modification time of '2025-09-04T10:50:07.7020841Z'
  ERROR: Build asset version error: assets/scripts/circlelinegenerator.cs in SourceAssetDB has modification time of '2025-09-04T10:49:38.2957768Z' while content on disk has modification time of '2025-09-04T10:50:07.7020841Z'
Number of updated asset objects reloaded before import = 0Number of asset objects unloaded after import = 0

========================================================================
Received Import Request.
  Time since last request: 0.011075 seconds.
  path: Assets/Scripts/CircleLineGenerator.cs
  artifactKey: Guid(1a0d45d072749bd4db55e305e44ed191) Importer(815301076,1909f56bfc062723c751e8b465ee728b)
Start importing Assets/Scripts/CircleLineGenerator.cs using Guid(1a0d45d072749bd4db55e305e44ed191) Importer(815301076,1909f56bfc062723c751e8b465ee728b) (PreviewImporter) -> (artifact id: '00000000000000000000000000000000') in 0.0009639 seconds
Import Error Code:(4)
Message: Build asset version error: assets/scripts/circlelinegenerator.cs in SourceAssetDB has modification time of '2025-09-04T10:49:38.2957768Z' while content on disk has modification time of '2025-09-04T10:50:07.7020841Z'
  ERROR: Build asset version error: assets/scripts/circlelinegenerator.cs in SourceAssetDB has modification time of '2025-09-04T10:49:38.2957768Z' while content on disk has modification time of '2025-09-04T10:50:07.7020841Z'
Number of updated asset objects reloaded before import = 0Number of asset objects unloaded after import = 0

========================================================================
Received Import Request.
  Time since last request: 0.006862 seconds.
  path: Assets/Scripts/CircleLineGenerator.cs
  artifactKey: Guid(1a0d45d072749bd4db55e305e44ed191) Importer(815301076,1909f56bfc062723c751e8b465ee728b)
Start importing Assets/Scripts/CircleLineGenerator.cs using Guid(1a0d45d072749bd4db55e305e44ed191) Importer(815301076,1909f56bfc062723c751e8b465ee728b) (PreviewImporter) -> (artifact id: '00000000000000000000000000000000') in 0.0006018 seconds
Import Error Code:(4)
Message: Build asset version error: assets/scripts/circlelinegenerator.cs in SourceAssetDB has modification time of '2025-09-04T10:49:38.2957768Z' while content on disk has modification time of '2025-09-04T10:50:07.7020841Z'
  ERROR: Build asset version error: assets/scripts/circlelinegenerator.cs in SourceAssetDB has modification time of '2025-09-04T10:49:38.2957768Z' while content on disk has modification time of '2025-09-04T10:50:07.7020841Z'
Number of updated asset objects reloaded before import = 0Number of asset objects unloaded after import = 0

========================================================================
Received Import Request.
  Time since last request: 0.031047 seconds.
  path: Assets/Scripts/CircleLineGenerator.cs
  artifactKey: Guid(1a0d45d072749bd4db55e305e44ed191) Importer(815301076,1909f56bfc062723c751e8b465ee728b)
Start importing Assets/Scripts/CircleLineGenerator.cs using Guid(1a0d45d072749bd4db55e305e44ed191) Importer(815301076,1909f56bfc062723c751e8b465ee728b) (PreviewImporter) -> (artifact id: '00000000000000000000000000000000') in 0.0006718 seconds
Import Error Code:(4)
Message: Build asset version error: assets/scripts/circlelinegenerator.cs in SourceAssetDB has modification time of '2025-09-04T10:49:38.2957768Z' while content on disk has modification time of '2025-09-04T10:50:07.7020841Z'
  ERROR: Build asset version error: assets/scripts/circlelinegenerator.cs in SourceAssetDB has modification time of '2025-09-04T10:49:38.2957768Z' while content on disk has modification time of '2025-09-04T10:50:07.7020841Z'
Number of updated asset objects reloaded before import = 0Number of asset objects unloaded after import = 0

========================================================================
Received Import Request.
  Time since last request: 0.006765 seconds.
  path: Assets/Scripts/CircleLineGenerator.cs
  artifactKey: Guid(1a0d45d072749bd4db55e305e44ed191) Importer(815301076,1909f56bfc062723c751e8b465ee728b)
Start importing Assets/Scripts/CircleLineGenerator.cs using Guid(1a0d45d072749bd4db55e305e44ed191) Importer(815301076,1909f56bfc062723c751e8b465ee728b) (PreviewImporter) -> (artifact id: '00000000000000000000000000000000') in 0.0007684 seconds
Import Error Code:(4)
Message: Build asset version error: assets/scripts/circlelinegenerator.cs in SourceAssetDB has modification time of '2025-09-04T10:49:38.2957768Z' while content on disk has modification time of '2025-09-04T10:50:07.7020841Z'
  ERROR: Build asset version error: assets/scripts/circlelinegenerator.cs in SourceAssetDB has modification time of '2025-09-04T10:49:38.2957768Z' while content on disk has modification time of '2025-09-04T10:50:07.7020841Z'
Number of updated asset objects reloaded before import = 0Number of asset objects unloaded after import = 0

========================================================================
Received Import Request.
  Time since last request: 0.000028 seconds.
  path: Assets/Scripts/CircleLineGenerator.cs
  artifactKey: Guid(1a0d45d072749bd4db55e305e44ed191) Importer(815301076,1909f56bfc062723c751e8b465ee728b)
Start importing Assets/Scripts/CircleLineGenerator.cs using Guid(1a0d45d072749bd4db55e305e44ed191) Importer(815301076,1909f56bfc062723c751e8b465ee728b) (PreviewImporter) -> (artifact id: '00000000000000000000000000000000') in 0.0012856 seconds
Import Error Code:(4)
Message: Build asset version error: assets/scripts/circlelinegenerator.cs in SourceAssetDB has modification time of '2025-09-04T10:49:38.2957768Z' while content on disk has modification time of '2025-09-04T10:50:07.7020841Z'
  ERROR: Build asset version error: assets/scripts/circlelinegenerator.cs in SourceAssetDB has modification time of '2025-09-04T10:49:38.2957768Z' while content on disk has modification time of '2025-09-04T10:50:07.7020841Z'
Number of updated asset objects reloaded before import = 0Number of asset objects unloaded after import = 0

========================================================================
Received Import Request.
  Time since last request: 0.000032 seconds.
  path: Assets/Scripts/CircleLineGenerator.cs
  artifactKey: Guid(1a0d45d072749bd4db55e305e44ed191) Importer(815301076,1909f56bfc062723c751e8b465ee728b)
Start importing Assets/Scripts/CircleLineGenerator.cs using Guid(1a0d45d072749bd4db55e305e44ed191) Importer(815301076,1909f56bfc062723c751e8b465ee728b) (PreviewImporter) -> (artifact id: '00000000000000000000000000000000') in 0.0006952 seconds
Import Error Code:(4)
Message: Build asset version error: assets/scripts/circlelinegenerator.cs in SourceAssetDB has modification time of '2025-09-04T10:49:38.2957768Z' while content on disk has modification time of '2025-09-04T10:50:07.7020841Z'
  ERROR: Build asset version error: assets/scripts/circlelinegenerator.cs in SourceAssetDB has modification time of '2025-09-04T10:49:38.2957768Z' while content on disk has modification time of '2025-09-04T10:50:07.7020841Z'
Number of updated asset objects reloaded before import = 0Number of asset objects unloaded after import = 0

========================================================================
Received Import Request.
  Time since last request: 0.000020 seconds.
  path: Assets/Scripts/CircleLineGenerator.cs
  artifactKey: Guid(1a0d45d072749bd4db55e305e44ed191) Importer(815301076,1909f56bfc062723c751e8b465ee728b)
Start importing Assets/Scripts/CircleLineGenerator.cs using Guid(1a0d45d072749bd4db55e305e44ed191) Importer(815301076,1909f56bfc062723c751e8b465ee728b) (PreviewImporter) -> (artifact id: '00000000000000000000000000000000') in 0.0006509 seconds
Import Error Code:(4)
Message: Build asset version error: assets/scripts/circlelinegenerator.cs in SourceAssetDB has modification time of '2025-09-04T10:49:38.2957768Z' while content on disk has modification time of '2025-09-04T10:50:07.7020841Z'
  ERROR: Build asset version error: assets/scripts/circlelinegenerator.cs in SourceAssetDB has modification time of '2025-09-04T10:49:38.2957768Z' while content on disk has modification time of '2025-09-04T10:50:07.7020841Z'
Number of updated asset objects reloaded before import = 0Number of asset objects unloaded after import = 0

========================================================================
Received Import Request.
  Time since last request: 0.015300 seconds.
  path: Assets/Scripts/CircleLineGenerator.cs
  artifactKey: Guid(1a0d45d072749bd4db55e305e44ed191) Importer(815301076,1909f56bfc062723c751e8b465ee728b)
Start importing Assets/Scripts/CircleLineGenerator.cs using Guid(1a0d45d072749bd4db55e305e44ed191) Importer(815301076,1909f56bfc062723c751e8b465ee728b) (PreviewImporter) -> (artifact id: '00000000000000000000000000000000') in 0.0009464 seconds
Import Error Code:(4)
Message: Build asset version error: assets/scripts/circlelinegenerator.cs in SourceAssetDB has modification time of '2025-09-04T10:49:38.2957768Z' while content on disk has modification time of '2025-09-04T10:50:07.7020841Z'
  ERROR: Build asset version error: assets/scripts/circlelinegenerator.cs in SourceAssetDB has modification time of '2025-09-04T10:49:38.2957768Z' while content on disk has modification time of '2025-09-04T10:50:07.7020841Z'
Number of updated asset objects reloaded before import = 0Number of asset objects unloaded after import = 0

========================================================================
Received Import Request.
  Time since last request: 0.014351 seconds.
  path: Assets/Scripts/CircleLineGenerator.cs
  artifactKey: Guid(1a0d45d072749bd4db55e305e44ed191) Importer(815301076,1909f56bfc062723c751e8b465ee728b)
Start importing Assets/Scripts/CircleLineGenerator.cs using Guid(1a0d45d072749bd4db55e305e44ed191) Importer(815301076,1909f56bfc062723c751e8b465ee728b) (PreviewImporter) -> (artifact id: '00000000000000000000000000000000') in 0.0006532 seconds
Import Error Code:(4)
Message: Build asset version error: assets/scripts/circlelinegenerator.cs in SourceAssetDB has modification time of '2025-09-04T10:49:38.2957768Z' while content on disk has modification time of '2025-09-04T10:50:07.7020841Z'
  ERROR: Build asset version error: assets/scripts/circlelinegenerator.cs in SourceAssetDB has modification time of '2025-09-04T10:49:38.2957768Z' while content on disk has modification time of '2025-09-04T10:50:07.7020841Z'
Number of updated asset objects reloaded before import = 0Number of asset objects unloaded after import = 0

========================================================================
Received Import Request.
  Time since last request: 0.013222 seconds.
  path: Assets/Scripts/CircleLineGenerator.cs
  artifactKey: Guid(1a0d45d072749bd4db55e305e44ed191) Importer(815301076,1909f56bfc062723c751e8b465ee728b)
Start importing Assets/Scripts/CircleLineGenerator.cs using Guid(1a0d45d072749bd4db55e305e44ed191) Importer(815301076,1909f56bfc062723c751e8b465ee728b) (PreviewImporter) -> (artifact id: '00000000000000000000000000000000') in 0.0006923 seconds
Import Error Code:(4)
Message: Build asset version error: assets/scripts/circlelinegenerator.cs in SourceAssetDB has modification time of '2025-09-04T10:49:38.2957768Z' while content on disk has modification time of '2025-09-04T10:50:07.7020841Z'
  ERROR: Build asset version error: assets/scripts/circlelinegenerator.cs in SourceAssetDB has modification time of '2025-09-04T10:49:38.2957768Z' while content on disk has modification time of '2025-09-04T10:50:07.7020841Z'
Number of updated asset objects reloaded before import = 0Number of asset objects unloaded after import = 0

========================================================================
Received Import Request.
  Time since last request: 0.026277 seconds.
  path: Assets/Scripts/CircleLineGenerator.cs
  artifactKey: Guid(1a0d45d072749bd4db55e305e44ed191) Importer(815301076,1909f56bfc062723c751e8b465ee728b)
Start importing Assets/Scripts/CircleLineGenerator.cs using Guid(1a0d45d072749bd4db55e305e44ed191) Importer(815301076,1909f56bfc062723c751e8b465ee728b) (PreviewImporter) -> (artifact id: '00000000000000000000000000000000') in 0.0006267 seconds
Import Error Code:(4)
Message: Build asset version error: assets/scripts/circlelinegenerator.cs in SourceAssetDB has modification time of '2025-09-04T10:49:38.2957768Z' while content on disk has modification time of '2025-09-04T10:50:07.7020841Z'
  ERROR: Build asset version error: assets/scripts/circlelinegenerator.cs in SourceAssetDB has modification time of '2025-09-04T10:49:38.2957768Z' while content on disk has modification time of '2025-09-04T10:50:07.7020841Z'
Number of updated asset objects reloaded before import = 0Number of asset objects unloaded after import = 0

========================================================================
Received Import Request.
  Time since last request: 0.032127 seconds.
  path: Assets/Scripts/CircleLineGenerator.cs
  artifactKey: Guid(1a0d45d072749bd4db55e305e44ed191) Importer(815301076,1909f56bfc062723c751e8b465ee728b)
Start importing Assets/Scripts/CircleLineGenerator.cs using Guid(1a0d45d072749bd4db55e305e44ed191) Importer(815301076,1909f56bfc062723c751e8b465ee728b) (PreviewImporter) -> (artifact id: '00000000000000000000000000000000') in 0.0006635 seconds
Import Error Code:(4)
Message: Build asset version error: assets/scripts/circlelinegenerator.cs in SourceAssetDB has modification time of '2025-09-04T10:49:38.2957768Z' while content on disk has modification time of '2025-09-04T10:50:07.7020841Z'
  ERROR: Build asset version error: assets/scripts/circlelinegenerator.cs in SourceAssetDB has modification time of '2025-09-04T10:49:38.2957768Z' while content on disk has modification time of '2025-09-04T10:50:07.7020841Z'
Number of updated asset objects reloaded before import = 0Number of asset objects unloaded after import = 0

========================================================================
Received Import Request.
  Time since last request: 0.025070 seconds.
  path: Assets/Scripts/CircleLineGenerator.cs
  artifactKey: Guid(1a0d45d072749bd4db55e305e44ed191) Importer(815301076,1909f56bfc062723c751e8b465ee728b)
Start importing Assets/Scripts/CircleLineGenerator.cs using Guid(1a0d45d072749bd4db55e305e44ed191) Importer(815301076,1909f56bfc062723c751e8b465ee728b) (PreviewImporter) -> (artifact id: '00000000000000000000000000000000') in 0.0006789 seconds
Import Error Code:(4)
Message: Build asset version error: assets/scripts/circlelinegenerator.cs in SourceAssetDB has modification time of '2025-09-04T10:49:38.2957768Z' while content on disk has modification time of '2025-09-04T10:50:07.7020841Z'
  ERROR: Build asset version error: assets/scripts/circlelinegenerator.cs in SourceAssetDB has modification time of '2025-09-04T10:49:38.2957768Z' while content on disk has modification time of '2025-09-04T10:50:07.7020841Z'
Number of updated asset objects reloaded before import = 0Number of asset objects unloaded after import = 0

========================================================================
Received Import Request.
  Time since last request: 0.018459 seconds.
  path: Assets/Scripts/CircleLineGenerator.cs
  artifactKey: Guid(1a0d45d072749bd4db55e305e44ed191) Importer(815301076,1909f56bfc062723c751e8b465ee728b)
Start importing Assets/Scripts/CircleLineGenerator.cs using Guid(1a0d45d072749bd4db55e305e44ed191) Importer(815301076,1909f56bfc062723c751e8b465ee728b) (PreviewImporter) -> (artifact id: '00000000000000000000000000000000') in 0.0008922 seconds
Import Error Code:(4)
Message: Build asset version error: assets/scripts/circlelinegenerator.cs in SourceAssetDB has modification time of '2025-09-04T10:49:38.2957768Z' while content on disk has modification time of '2025-09-04T10:50:07.7020841Z'
  ERROR: Build asset version error: assets/scripts/circlelinegenerator.cs in SourceAssetDB has modification time of '2025-09-04T10:49:38.2957768Z' while content on disk has modification time of '2025-09-04T10:50:07.7020841Z'
Number of updated asset objects reloaded before import = 0Number of asset objects unloaded after import = 0

========================================================================
Received Import Request.
  Time since last request: 0.036537 seconds.
  path: Assets/Scripts/CircleLineGenerator.cs
  artifactKey: Guid(1a0d45d072749bd4db55e305e44ed191) Importer(815301076,1909f56bfc062723c751e8b465ee728b)
Start importing Assets/Scripts/CircleLineGenerator.cs using Guid(1a0d45d072749bd4db55e305e44ed191) Importer(815301076,1909f56bfc062723c751e8b465ee728b) (PreviewImporter) -> (artifact id: '00000000000000000000000000000000') in 0.0005964 seconds
Import Error Code:(4)
Message: Build asset version error: assets/scripts/circlelinegenerator.cs in SourceAssetDB has modification time of '2025-09-04T10:49:38.2957768Z' while content on disk has modification time of '2025-09-04T10:50:07.7020841Z'
  ERROR: Build asset version error: assets/scripts/circlelinegenerator.cs in SourceAssetDB has modification time of '2025-09-04T10:49:38.2957768Z' while content on disk has modification time of '2025-09-04T10:50:07.7020841Z'
Number of updated asset objects reloaded before import = 0Number of asset objects unloaded after import = 0

========================================================================
Received Import Request.
  Time since last request: 0.034258 seconds.
  path: Assets/Scripts/CircleLineGenerator.cs
  artifactKey: Guid(1a0d45d072749bd4db55e305e44ed191) Importer(815301076,1909f56bfc062723c751e8b465ee728b)
Start importing Assets/Scripts/CircleLineGenerator.cs using Guid(1a0d45d072749bd4db55e305e44ed191) Importer(815301076,1909f56bfc062723c751e8b465ee728b) (PreviewImporter) -> (artifact id: '00000000000000000000000000000000') in 0.0006033 seconds
Import Error Code:(4)
Message: Build asset version error: assets/scripts/circlelinegenerator.cs in SourceAssetDB has modification time of '2025-09-04T10:49:38.2957768Z' while content on disk has modification time of '2025-09-04T10:50:07.7020841Z'
  ERROR: Build asset version error: assets/scripts/circlelinegenerator.cs in SourceAssetDB has modification time of '2025-09-04T10:49:38.2957768Z' while content on disk has modification time of '2025-09-04T10:50:07.7020841Z'
Number of updated asset objects reloaded before import = 0Number of asset objects unloaded after import = 0

========================================================================
Received Import Request.
  Time since last request: 0.037417 seconds.
  path: Assets/Scripts/CircleLineGenerator.cs
  artifactKey: Guid(1a0d45d072749bd4db55e305e44ed191) Importer(815301076,1909f56bfc062723c751e8b465ee728b)
Start importing Assets/Scripts/CircleLineGenerator.cs using Guid(1a0d45d072749bd4db55e305e44ed191) Importer(815301076,1909f56bfc062723c751e8b465ee728b) (PreviewImporter) -> (artifact id: '00000000000000000000000000000000') in 0.0006477 seconds
Import Error Code:(4)
Message: Build asset version error: assets/scripts/circlelinegenerator.cs in SourceAssetDB has modification time of '2025-09-04T10:49:38.2957768Z' while content on disk has modification time of '2025-09-04T10:50:07.7020841Z'
  ERROR: Build asset version error: assets/scripts/circlelinegenerator.cs in SourceAssetDB has modification time of '2025-09-04T10:49:38.2957768Z' while content on disk has modification time of '2025-09-04T10:50:07.7020841Z'
Number of updated asset objects reloaded before import = 0Number of asset objects unloaded after import = 0

========================================================================
Received Import Request.
  Time since last request: 0.034026 seconds.
  path: Assets/Scripts/CircleLineGenerator.cs
  artifactKey: Guid(1a0d45d072749bd4db55e305e44ed191) Importer(815301076,1909f56bfc062723c751e8b465ee728b)
Start importing Assets/Scripts/CircleLineGenerator.cs using Guid(1a0d45d072749bd4db55e305e44ed191) Importer(815301076,1909f56bfc062723c751e8b465ee728b) (PreviewImporter) -> (artifact id: '00000000000000000000000000000000') in 0.0006581 seconds
Import Error Code:(4)
Message: Build asset version error: assets/scripts/circlelinegenerator.cs in SourceAssetDB has modification time of '2025-09-04T10:49:38.2957768Z' while content on disk has modification time of '2025-09-04T10:50:07.7020841Z'
  ERROR: Build asset version error: assets/scripts/circlelinegenerator.cs in SourceAssetDB has modification time of '2025-09-04T10:49:38.2957768Z' while content on disk has modification time of '2025-09-04T10:50:07.7020841Z'
Number of updated asset objects reloaded before import = 0Number of asset objects unloaded after import = 0

========================================================================
Received Import Request.
  Time since last request: 0.033380 seconds.
  path: Assets/Scripts/CircleLineGenerator.cs
  artifactKey: Guid(1a0d45d072749bd4db55e305e44ed191) Importer(815301076,1909f56bfc062723c751e8b465ee728b)
Start importing Assets/Scripts/CircleLineGenerator.cs using Guid(1a0d45d072749bd4db55e305e44ed191) Importer(815301076,1909f56bfc062723c751e8b465ee728b) (PreviewImporter) -> (artifact id: '00000000000000000000000000000000') in 0.0005936 seconds
Import Error Code:(4)
Message: Build asset version error: assets/scripts/circlelinegenerator.cs in SourceAssetDB has modification time of '2025-09-04T10:49:38.2957768Z' while content on disk has modification time of '2025-09-04T10:50:07.7020841Z'
  ERROR: Build asset version error: assets/scripts/circlelinegenerator.cs in SourceAssetDB has modification time of '2025-09-04T10:49:38.2957768Z' while content on disk has modification time of '2025-09-04T10:50:07.7020841Z'
Number of updated asset objects reloaded before import = 0Number of asset objects unloaded after import = 0

========================================================================
Received Import Request.
  Time since last request: 0.040778 seconds.
  path: Assets/Scripts/CircleLineGenerator.cs
  artifactKey: Guid(1a0d45d072749bd4db55e305e44ed191) Importer(815301076,1909f56bfc062723c751e8b465ee728b)
Start importing Assets/Scripts/CircleLineGenerator.cs using Guid(1a0d45d072749bd4db55e305e44ed191) Importer(815301076,1909f56bfc062723c751e8b465ee728b) (PreviewImporter) -> (artifact id: '00000000000000000000000000000000') in 0.0006411 seconds
Import Error Code:(4)
Message: Build asset version error: assets/scripts/circlelinegenerator.cs in SourceAssetDB has modification time of '2025-09-04T10:49:38.2957768Z' while content on disk has modification time of '2025-09-04T10:50:07.7020841Z'
  ERROR: Build asset version error: assets/scripts/circlelinegenerator.cs in SourceAssetDB has modification time of '2025-09-04T10:49:38.2957768Z' while content on disk has modification time of '2025-09-04T10:50:07.7020841Z'
Number of updated asset objects reloaded before import = 0Number of asset objects unloaded after import = 0

========================================================================
Received Import Request.
  Time since last request: 0.038793 seconds.
  path: Assets/Scripts/CircleLineGenerator.cs
  artifactKey: Guid(1a0d45d072749bd4db55e305e44ed191) Importer(815301076,1909f56bfc062723c751e8b465ee728b)
Start importing Assets/Scripts/CircleLineGenerator.cs using Guid(1a0d45d072749bd4db55e305e44ed191) Importer(815301076,1909f56bfc062723c751e8b465ee728b) (PreviewImporter) -> (artifact id: '00000000000000000000000000000000') in 0.0009757 seconds
Import Error Code:(4)
Message: Build asset version error: assets/scripts/circlelinegenerator.cs in SourceAssetDB has modification time of '2025-09-04T10:49:38.2957768Z' while content on disk has modification time of '2025-09-04T10:50:07.7020841Z'
  ERROR: Build asset version error: assets/scripts/circlelinegenerator.cs in SourceAssetDB has modification time of '2025-09-04T10:49:38.2957768Z' while content on disk has modification time of '2025-09-04T10:50:07.7020841Z'
Number of updated asset objects reloaded before import = 0Number of asset objects unloaded after import = 0

========================================================================
Received Import Request.
  Time since last request: 0.045366 seconds.
  path: Assets/Scripts/CircleLineGenerator.cs
  artifactKey: Guid(1a0d45d072749bd4db55e305e44ed191) Importer(815301076,1909f56bfc062723c751e8b465ee728b)
Start importing Assets/Scripts/CircleLineGenerator.cs using Guid(1a0d45d072749bd4db55e305e44ed191) Importer(815301076,1909f56bfc062723c751e8b465ee728b) (PreviewImporter) -> (artifact id: '00000000000000000000000000000000') in 0.0009733 seconds
Import Error Code:(4)
Message: Build asset version error: assets/scripts/circlelinegenerator.cs in SourceAssetDB has modification time of '2025-09-04T10:49:38.2957768Z' while content on disk has modification time of '2025-09-04T10:50:07.7020841Z'
  ERROR: Build asset version error: assets/scripts/circlelinegenerator.cs in SourceAssetDB has modification time of '2025-09-04T10:49:38.2957768Z' while content on disk has modification time of '2025-09-04T10:50:07.7020841Z'
Number of updated asset objects reloaded before import = 0Number of asset objects unloaded after import = 0

========================================================================
Received Import Request.
  Time since last request: 0.032556 seconds.
  path: Assets/Scripts/CircleLineGenerator.cs
  artifactKey: Guid(1a0d45d072749bd4db55e305e44ed191) Importer(815301076,1909f56bfc062723c751e8b465ee728b)
Start importing Assets/Scripts/CircleLineGenerator.cs using Guid(1a0d45d072749bd4db55e305e44ed191) Importer(815301076,1909f56bfc062723c751e8b465ee728b) (PreviewImporter) -> (artifact id: '00000000000000000000000000000000') in 0.0005801 seconds
Import Error Code:(4)
Message: Build asset version error: assets/scripts/circlelinegenerator.cs in SourceAssetDB has modification time of '2025-09-04T10:49:38.2957768Z' while content on disk has modification time of '2025-09-04T10:50:07.7020841Z'
  ERROR: Build asset version error: assets/scripts/circlelinegenerator.cs in SourceAssetDB has modification time of '2025-09-04T10:49:38.2957768Z' while content on disk has modification time of '2025-09-04T10:50:07.7020841Z'
Number of updated asset objects reloaded before import = 0Number of asset objects unloaded after import = 0

========================================================================
Received Import Request.
  Time since last request: 0.017556 seconds.
  path: Assets/Scripts/CircleLineGenerator.cs
  artifactKey: Guid(1a0d45d072749bd4db55e305e44ed191) Importer(815301076,1909f56bfc062723c751e8b465ee728b)
Start importing Assets/Scripts/CircleLineGenerator.cs using Guid(1a0d45d072749bd4db55e305e44ed191) Importer(815301076,1909f56bfc062723c751e8b465ee728b) (PreviewImporter) -> (artifact id: '00000000000000000000000000000000') in 0.0006781 seconds
Import Error Code:(4)
Message: Build asset version error: assets/scripts/circlelinegenerator.cs in SourceAssetDB has modification time of '2025-09-04T10:49:38.2957768Z' while content on disk has modification time of '2025-09-04T10:50:07.7020841Z'
  ERROR: Build asset version error: assets/scripts/circlelinegenerator.cs in SourceAssetDB has modification time of '2025-09-04T10:49:38.2957768Z' while content on disk has modification time of '2025-09-04T10:50:07.7020841Z'
Number of updated asset objects reloaded before import = 0Number of asset objects unloaded after import = 0

========================================================================
Received Import Request.
  Time since last request: 0.011619 seconds.
  path: Assets/Scripts/CircleLineGenerator.cs
  artifactKey: Guid(1a0d45d072749bd4db55e305e44ed191) Importer(815301076,1909f56bfc062723c751e8b465ee728b)
Start importing Assets/Scripts/CircleLineGenerator.cs using Guid(1a0d45d072749bd4db55e305e44ed191) Importer(815301076,1909f56bfc062723c751e8b465ee728b) (PreviewImporter) -> (artifact id: '00000000000000000000000000000000') in 0.0010284 seconds
Import Error Code:(4)
Message: Build asset version error: assets/scripts/circlelinegenerator.cs in SourceAssetDB has modification time of '2025-09-04T10:49:38.2957768Z' while content on disk has modification time of '2025-09-04T10:50:07.7020841Z'
  ERROR: Build asset version error: assets/scripts/circlelinegenerator.cs in SourceAssetDB has modification time of '2025-09-04T10:49:38.2957768Z' while content on disk has modification time of '2025-09-04T10:50:07.7020841Z'
Number of updated asset objects reloaded before import = 0Number of asset objects unloaded after import = 0

========================================================================
Received Import Request.
  Time since last request: 0.000029 seconds.
  path: Assets/Scripts/CircleLineGenerator.cs
  artifactKey: Guid(1a0d45d072749bd4db55e305e44ed191) Importer(815301076,1909f56bfc062723c751e8b465ee728b)
Start importing Assets/Scripts/CircleLineGenerator.cs using Guid(1a0d45d072749bd4db55e305e44ed191) Importer(815301076,1909f56bfc062723c751e8b465ee728b) (PreviewImporter) -> (artifact id: '00000000000000000000000000000000') in 0.0007744 seconds
Import Error Code:(4)
Message: Build asset version error: assets/scripts/circlelinegenerator.cs in SourceAssetDB has modification time of '2025-09-04T10:49:38.2957768Z' while content on disk has modification time of '2025-09-04T10:50:07.7020841Z'
  ERROR: Build asset version error: assets/scripts/circlelinegenerator.cs in SourceAssetDB has modification time of '2025-09-04T10:49:38.2957768Z' while content on disk has modification time of '2025-09-04T10:50:07.7020841Z'
Number of updated asset objects reloaded before import = 0Number of asset objects unloaded after import = 0

========================================================================
Received Import Request.
  Time since last request: 0.000033 seconds.
  path: Assets/Scripts/CircleLineGenerator.cs
  artifactKey: Guid(1a0d45d072749bd4db55e305e44ed191) Importer(815301076,1909f56bfc062723c751e8b465ee728b)
Start importing Assets/Scripts/CircleLineGenerator.cs using Guid(1a0d45d072749bd4db55e305e44ed191) Importer(815301076,1909f56bfc062723c751e8b465ee728b) (PreviewImporter) -> (artifact id: '00000000000000000000000000000000') in 0.0006297 seconds
Import Error Code:(4)
Message: Build asset version error: assets/scripts/circlelinegenerator.cs in SourceAssetDB has modification time of '2025-09-04T10:49:38.2957768Z' while content on disk has modification time of '2025-09-04T10:50:07.7020841Z'
  ERROR: Build asset version error: assets/scripts/circlelinegenerator.cs in SourceAssetDB has modification time of '2025-09-04T10:49:38.2957768Z' while content on disk has modification time of '2025-09-04T10:50:07.7020841Z'
Number of updated asset objects reloaded before import = 0Number of asset objects unloaded after import = 0

========================================================================
Received Import Request.
  Time since last request: 0.046554 seconds.
  path: Assets/Scripts/CircleLineGenerator.cs
  artifactKey: Guid(1a0d45d072749bd4db55e305e44ed191) Importer(815301076,1909f56bfc062723c751e8b465ee728b)
Start importing Assets/Scripts/CircleLineGenerator.cs using Guid(1a0d45d072749bd4db55e305e44ed191) Importer(815301076,1909f56bfc062723c751e8b465ee728b) (PreviewImporter) -> (artifact id: '00000000000000000000000000000000') in 0.0006888 seconds
Import Error Code:(4)
Message: Build asset version error: assets/scripts/circlelinegenerator.cs in SourceAssetDB has modification time of '2025-09-04T10:49:38.2957768Z' while content on disk has modification time of '2025-09-04T10:50:07.7020841Z'
  ERROR: Build asset version error: assets/scripts/circlelinegenerator.cs in SourceAssetDB has modification time of '2025-09-04T10:49:38.2957768Z' while content on disk has modification time of '2025-09-04T10:50:07.7020841Z'
Number of updated asset objects reloaded before import = 0Number of asset objects unloaded after import = 0

========================================================================
Received Import Request.
  Time since last request: 0.000031 seconds.
  path: Assets/Scripts/CircleLineGenerator.cs
  artifactKey: Guid(1a0d45d072749bd4db55e305e44ed191) Importer(815301076,1909f56bfc062723c751e8b465ee728b)
Start importing Assets/Scripts/CircleLineGenerator.cs using Guid(1a0d45d072749bd4db55e305e44ed191) Importer(815301076,1909f56bfc062723c751e8b465ee728b) (PreviewImporter) -> (artifact id: '00000000000000000000000000000000') in 0.0008396 seconds
Import Error Code:(4)
Message: Build asset version error: assets/scripts/circlelinegenerator.cs in SourceAssetDB has modification time of '2025-09-04T10:49:38.2957768Z' while content on disk has modification time of '2025-09-04T10:50:07.7020841Z'
  ERROR: Build asset version error: assets/scripts/circlelinegenerator.cs in SourceAssetDB has modification time of '2025-09-04T10:49:38.2957768Z' while content on disk has modification time of '2025-09-04T10:50:07.7020841Z'
Number of updated asset objects reloaded before import = 0Number of asset objects unloaded after import = 0

========================================================================
Received Import Request.
  Time since last request: 0.000039 seconds.
  path: Assets/Scripts/CircleLineGenerator.cs
  artifactKey: Guid(1a0d45d072749bd4db55e305e44ed191) Importer(815301076,1909f56bfc062723c751e8b465ee728b)
Start importing Assets/Scripts/CircleLineGenerator.cs using Guid(1a0d45d072749bd4db55e305e44ed191) Importer(815301076,1909f56bfc062723c751e8b465ee728b) (PreviewImporter) -> (artifact id: '00000000000000000000000000000000') in 0.0024509 seconds
Import Error Code:(4)
Message: Build asset version error: assets/scripts/circlelinegenerator.cs in SourceAssetDB has modification time of '2025-09-04T10:49:38.2957768Z' while content on disk has modification time of '2025-09-04T10:50:07.7020841Z'
  ERROR: Build asset version error: assets/scripts/circlelinegenerator.cs in SourceAssetDB has modification time of '2025-09-04T10:49:38.2957768Z' while content on disk has modification time of '2025-09-04T10:50:07.7020841Z'
Number of updated asset objects reloaded before import = 0Number of asset objects unloaded after import = 0

========================================================================
Received Import Request.
  Time since last request: 0.000042 seconds.
  path: Assets/Scripts/CircleLineGenerator.cs
  artifactKey: Guid(1a0d45d072749bd4db55e305e44ed191) Importer(815301076,1909f56bfc062723c751e8b465ee728b)
Start importing Assets/Scripts/CircleLineGenerator.cs using Guid(1a0d45d072749bd4db55e305e44ed191) Importer(815301076,1909f56bfc062723c751e8b465ee728b) (PreviewImporter) -> (artifact id: '00000000000000000000000000000000') in 0.0008701 seconds
Import Error Code:(4)
Message: Build asset version error: assets/scripts/circlelinegenerator.cs in SourceAssetDB has modification time of '2025-09-04T10:49:38.2957768Z' while content on disk has modification time of '2025-09-04T10:50:07.7020841Z'
  ERROR: Build asset version error: assets/scripts/circlelinegenerator.cs in SourceAssetDB has modification time of '2025-09-04T10:49:38.2957768Z' while content on disk has modification time of '2025-09-04T10:50:07.7020841Z'
Number of updated asset objects reloaded before import = 0Number of asset objects unloaded after import = 0

========================================================================
Received Import Request.
  Time since last request: 0.030616 seconds.
  path: Assets/Scripts/CircleLineGenerator.cs
  artifactKey: Guid(1a0d45d072749bd4db55e305e44ed191) Importer(815301076,1909f56bfc062723c751e8b465ee728b)
Start importing Assets/Scripts/CircleLineGenerator.cs using Guid(1a0d45d072749bd4db55e305e44ed191) Importer(815301076,1909f56bfc062723c751e8b465ee728b) (PreviewImporter) -> (artifact id: '00000000000000000000000000000000') in 0.0006747 seconds
Import Error Code:(4)
Message: Build asset version error: assets/scripts/circlelinegenerator.cs in SourceAssetDB has modification time of '2025-09-04T10:49:38.2957768Z' while content on disk has modification time of '2025-09-04T10:50:07.7020841Z'
  ERROR: Build asset version error: assets/scripts/circlelinegenerator.cs in SourceAssetDB has modification time of '2025-09-04T10:49:38.2957768Z' while content on disk has modification time of '2025-09-04T10:50:07.7020841Z'
Number of updated asset objects reloaded before import = 0Number of asset objects unloaded after import = 0

========================================================================
Received Import Request.
  Time since last request: 0.035325 seconds.
  path: Assets/Scripts/CircleLineGenerator.cs
  artifactKey: Guid(1a0d45d072749bd4db55e305e44ed191) Importer(815301076,1909f56bfc062723c751e8b465ee728b)
Start importing Assets/Scripts/CircleLineGenerator.cs using Guid(1a0d45d072749bd4db55e305e44ed191) Importer(815301076,1909f56bfc062723c751e8b465ee728b) (PreviewImporter) -> (artifact id: '00000000000000000000000000000000') in 0.0006194 seconds
Import Error Code:(4)
Message: Build asset version error: assets/scripts/circlelinegenerator.cs in SourceAssetDB has modification time of '2025-09-04T10:49:38.2957768Z' while content on disk has modification time of '2025-09-04T10:50:07.7020841Z'
  ERROR: Build asset version error: assets/scripts/circlelinegenerator.cs in SourceAssetDB has modification time of '2025-09-04T10:49:38.2957768Z' while content on disk has modification time of '2025-09-04T10:50:07.7020841Z'
Number of updated asset objects reloaded before import = 0Number of asset objects unloaded after import = 0

========================================================================
Received Import Request.
  Time since last request: 0.041195 seconds.
  path: Assets/Scripts/CircleLineGenerator.cs
  artifactKey: Guid(1a0d45d072749bd4db55e305e44ed191) Importer(815301076,1909f56bfc062723c751e8b465ee728b)
Start importing Assets/Scripts/CircleLineGenerator.cs using Guid(1a0d45d072749bd4db55e305e44ed191) Importer(815301076,1909f56bfc062723c751e8b465ee728b) (PreviewImporter) -> (artifact id: '00000000000000000000000000000000') in 0.0006484 seconds
Import Error Code:(4)
Message: Build asset version error: assets/scripts/circlelinegenerator.cs in SourceAssetDB has modification time of '2025-09-04T10:49:38.2957768Z' while content on disk has modification time of '2025-09-04T10:50:07.7020841Z'
  ERROR: Build asset version error: assets/scripts/circlelinegenerator.cs in SourceAssetDB has modification time of '2025-09-04T10:49:38.2957768Z' while content on disk has modification time of '2025-09-04T10:50:07.7020841Z'
Number of updated asset objects reloaded before import = 0Number of asset objects unloaded after import = 0

========================================================================
Received Import Request.
  Time since last request: 0.037224 seconds.
  path: Assets/Scripts/CircleLineGenerator.cs
  artifactKey: Guid(1a0d45d072749bd4db55e305e44ed191) Importer(815301076,1909f56bfc062723c751e8b465ee728b)
Start importing Assets/Scripts/CircleLineGenerator.cs using Guid(1a0d45d072749bd4db55e305e44ed191) Importer(815301076,1909f56bfc062723c751e8b465ee728b) (PreviewImporter) -> (artifact id: '00000000000000000000000000000000') in 0.0006509 seconds
Import Error Code:(4)
Message: Build asset version error: assets/scripts/circlelinegenerator.cs in SourceAssetDB has modification time of '2025-09-04T10:49:38.2957768Z' while content on disk has modification time of '2025-09-04T10:50:07.7020841Z'
  ERROR: Build asset version error: assets/scripts/circlelinegenerator.cs in SourceAssetDB has modification time of '2025-09-04T10:49:38.2957768Z' while content on disk has modification time of '2025-09-04T10:50:07.7020841Z'
Number of updated asset objects reloaded before import = 0Number of asset objects unloaded after import = 0

========================================================================
Received Import Request.
  Time since last request: 0.036620 seconds.
  path: Assets/Scripts/CircleLineGenerator.cs
  artifactKey: Guid(1a0d45d072749bd4db55e305e44ed191) Importer(815301076,1909f56bfc062723c751e8b465ee728b)
Start importing Assets/Scripts/CircleLineGenerator.cs using Guid(1a0d45d072749bd4db55e305e44ed191) Importer(815301076,1909f56bfc062723c751e8b465ee728b) (PreviewImporter) -> (artifact id: '00000000000000000000000000000000') in 0.0006344 seconds
Import Error Code:(4)
Message: Build asset version error: assets/scripts/circlelinegenerator.cs in SourceAssetDB has modification time of '2025-09-04T10:49:38.2957768Z' while content on disk has modification time of '2025-09-04T10:50:07.7020841Z'
  ERROR: Build asset version error: assets/scripts/circlelinegenerator.cs in SourceAssetDB has modification time of '2025-09-04T10:49:38.2957768Z' while content on disk has modification time of '2025-09-04T10:50:07.7020841Z'
Number of updated asset objects reloaded before import = 0Number of asset objects unloaded after import = 0

========================================================================
Received Import Request.
  Time since last request: 0.036565 seconds.
  path: Assets/Scripts/CircleLineGenerator.cs
  artifactKey: Guid(1a0d45d072749bd4db55e305e44ed191) Importer(815301076,1909f56bfc062723c751e8b465ee728b)
Start importing Assets/Scripts/CircleLineGenerator.cs using Guid(1a0d45d072749bd4db55e305e44ed191) Importer(815301076,1909f56bfc062723c751e8b465ee728b) (PreviewImporter) -> (artifact id: '00000000000000000000000000000000') in 0.0005885 seconds
Import Error Code:(4)
Message: Build asset version error: assets/scripts/circlelinegenerator.cs in SourceAssetDB has modification time of '2025-09-04T10:49:38.2957768Z' while content on disk has modification time of '2025-09-04T10:50:07.7020841Z'
  ERROR: Build asset version error: assets/scripts/circlelinegenerator.cs in SourceAssetDB has modification time of '2025-09-04T10:49:38.2957768Z' while content on disk has modification time of '2025-09-04T10:50:07.7020841Z'
Number of updated asset objects reloaded before import = 0Number of asset objects unloaded after import = 0

========================================================================
Received Import Request.
  Time since last request: 0.032552 seconds.
  path: Assets/Scripts/CircleLineGenerator.cs
  artifactKey: Guid(1a0d45d072749bd4db55e305e44ed191) Importer(815301076,1909f56bfc062723c751e8b465ee728b)
Start importing Assets/Scripts/CircleLineGenerator.cs using Guid(1a0d45d072749bd4db55e305e44ed191) Importer(815301076,1909f56bfc062723c751e8b465ee728b) (PreviewImporter) -> (artifact id: '00000000000000000000000000000000') in 0.0005821 seconds
Import Error Code:(4)
Message: Build asset version error: assets/scripts/circlelinegenerator.cs in SourceAssetDB has modification time of '2025-09-04T10:49:38.2957768Z' while content on disk has modification time of '2025-09-04T10:50:07.7020841Z'
  ERROR: Build asset version error: assets/scripts/circlelinegenerator.cs in SourceAssetDB has modification time of '2025-09-04T10:49:38.2957768Z' while content on disk has modification time of '2025-09-04T10:50:07.7020841Z'
Number of updated asset objects reloaded before import = 0Number of asset objects unloaded after import = 0

========================================================================
Received Import Request.
  Time since last request: 0.031121 seconds.
  path: Assets/Scripts/CircleLineGenerator.cs
  artifactKey: Guid(1a0d45d072749bd4db55e305e44ed191) Importer(815301076,1909f56bfc062723c751e8b465ee728b)
Start importing Assets/Scripts/CircleLineGenerator.cs using Guid(1a0d45d072749bd4db55e305e44ed191) Importer(815301076,1909f56bfc062723c751e8b465ee728b) (PreviewImporter) -> (artifact id: '00000000000000000000000000000000') in 0.0006517 seconds
Import Error Code:(4)
Message: Build asset version error: assets/scripts/circlelinegenerator.cs in SourceAssetDB has modification time of '2025-09-04T10:49:38.2957768Z' while content on disk has modification time of '2025-09-04T10:50:07.7020841Z'
  ERROR: Build asset version error: assets/scripts/circlelinegenerator.cs in SourceAssetDB has modification time of '2025-09-04T10:49:38.2957768Z' while content on disk has modification time of '2025-09-04T10:50:07.7020841Z'
Number of updated asset objects reloaded before import = 0Number of asset objects unloaded after import = 0

========================================================================
Received Import Request.
  Time since last request: 0.030501 seconds.
  path: Assets/Scripts/CircleLineGenerator.cs
  artifactKey: Guid(1a0d45d072749bd4db55e305e44ed191) Importer(815301076,1909f56bfc062723c751e8b465ee728b)
Start importing Assets/Scripts/CircleLineGenerator.cs using Guid(1a0d45d072749bd4db55e305e44ed191) Importer(815301076,1909f56bfc062723c751e8b465ee728b) (PreviewImporter) -> (artifact id: '00000000000000000000000000000000') in 0.0005852 seconds
Import Error Code:(4)
Message: Build asset version error: assets/scripts/circlelinegenerator.cs in SourceAssetDB has modification time of '2025-09-04T10:49:38.2957768Z' while content on disk has modification time of '2025-09-04T10:50:07.7020841Z'
  ERROR: Build asset version error: assets/scripts/circlelinegenerator.cs in SourceAssetDB has modification time of '2025-09-04T10:49:38.2957768Z' while content on disk has modification time of '2025-09-04T10:50:07.7020841Z'
Number of updated asset objects reloaded before import = 0Number of asset objects unloaded after import = 0

========================================================================
Received Import Request.
  Time since last request: 0.018200 seconds.
  path: Assets/Scripts/CircleLineGenerator.cs
  artifactKey: Guid(1a0d45d072749bd4db55e305e44ed191) Importer(815301076,1909f56bfc062723c751e8b465ee728b)
Start importing Assets/Scripts/CircleLineGenerator.cs using Guid(1a0d45d072749bd4db55e305e44ed191) Importer(815301076,1909f56bfc062723c751e8b465ee728b) (PreviewImporter) -> (artifact id: '00000000000000000000000000000000') in 0.0006034 seconds
Import Error Code:(4)
Message: Build asset version error: assets/scripts/circlelinegenerator.cs in SourceAssetDB has modification time of '2025-09-04T10:49:38.2957768Z' while content on disk has modification time of '2025-09-04T10:50:07.7020841Z'
  ERROR: Build asset version error: assets/scripts/circlelinegenerator.cs in SourceAssetDB has modification time of '2025-09-04T10:49:38.2957768Z' while content on disk has modification time of '2025-09-04T10:50:07.7020841Z'
Number of updated asset objects reloaded before import = 0Number of asset objects unloaded after import = 0

========================================================================
Received Import Request.
  Time since last request: 0.033382 seconds.
  path: Assets/Scripts/CircleLineGenerator.cs
  artifactKey: Guid(1a0d45d072749bd4db55e305e44ed191) Importer(815301076,1909f56bfc062723c751e8b465ee728b)
Start importing Assets/Scripts/CircleLineGenerator.cs using Guid(1a0d45d072749bd4db55e305e44ed191) Importer(815301076,1909f56bfc062723c751e8b465ee728b) (PreviewImporter) -> (artifact id: '00000000000000000000000000000000') in 0.0006641 seconds
Import Error Code:(4)
Message: Build asset version error: assets/scripts/circlelinegenerator.cs in SourceAssetDB has modification time of '2025-09-04T10:49:38.2957768Z' while content on disk has modification time of '2025-09-04T10:50:07.7020841Z'
  ERROR: Build asset version error: assets/scripts/circlelinegenerator.cs in SourceAssetDB has modification time of '2025-09-04T10:49:38.2957768Z' while content on disk has modification time of '2025-09-04T10:50:07.7020841Z'
Number of updated asset objects reloaded before import = 0Number of asset objects unloaded after import = 0

========================================================================
Received Import Request.
  Time since last request: 0.035388 seconds.
  path: Assets/Scripts/CircleLineGenerator.cs
  artifactKey: Guid(1a0d45d072749bd4db55e305e44ed191) Importer(815301076,1909f56bfc062723c751e8b465ee728b)
Start importing Assets/Scripts/CircleLineGenerator.cs using Guid(1a0d45d072749bd4db55e305e44ed191) Importer(815301076,1909f56bfc062723c751e8b465ee728b) (PreviewImporter) -> (artifact id: '00000000000000000000000000000000') in 0.000585 seconds
Import Error Code:(4)
Message: Build asset version error: assets/scripts/circlelinegenerator.cs in SourceAssetDB has modification time of '2025-09-04T10:49:38.2957768Z' while content on disk has modification time of '2025-09-04T10:50:07.7020841Z'
  ERROR: Build asset version error: assets/scripts/circlelinegenerator.cs in SourceAssetDB has modification time of '2025-09-04T10:49:38.2957768Z' while content on disk has modification time of '2025-09-04T10:50:07.7020841Z'
Number of updated asset objects reloaded before import = 0Number of asset objects unloaded after import = 0

========================================================================
Received Import Request.
  Time since last request: 0.037638 seconds.
  path: Assets/Scripts/CircleLineGenerator.cs
  artifactKey: Guid(1a0d45d072749bd4db55e305e44ed191) Importer(815301076,1909f56bfc062723c751e8b465ee728b)
Start importing Assets/Scripts/CircleLineGenerator.cs using Guid(1a0d45d072749bd4db55e305e44ed191) Importer(815301076,1909f56bfc062723c751e8b465ee728b) (PreviewImporter) -> (artifact id: '00000000000000000000000000000000') in 0.0008126 seconds
Import Error Code:(4)
Message: Build asset version error: assets/scripts/circlelinegenerator.cs in SourceAssetDB has modification time of '2025-09-04T10:49:38.2957768Z' while content on disk has modification time of '2025-09-04T10:50:07.7020841Z'
  ERROR: Build asset version error: assets/scripts/circlelinegenerator.cs in SourceAssetDB has modification time of '2025-09-04T10:49:38.2957768Z' while content on disk has modification time of '2025-09-04T10:50:07.7020841Z'
Number of updated asset objects reloaded before import = 0Number of asset objects unloaded after import = 0

========================================================================
Received Import Request.
  Time since last request: 0.030276 seconds.
  path: Assets/Scripts/CircleLineGenerator.cs
  artifactKey: Guid(1a0d45d072749bd4db55e305e44ed191) Importer(815301076,1909f56bfc062723c751e8b465ee728b)
Start importing Assets/Scripts/CircleLineGenerator.cs using Guid(1a0d45d072749bd4db55e305e44ed191) Importer(815301076,1909f56bfc062723c751e8b465ee728b) (PreviewImporter) -> (artifact id: '00000000000000000000000000000000') in 0.0006218 seconds
Import Error Code:(4)
Message: Build asset version error: assets/scripts/circlelinegenerator.cs in SourceAssetDB has modification time of '2025-09-04T10:49:38.2957768Z' while content on disk has modification time of '2025-09-04T10:50:07.7020841Z'
  ERROR: Build asset version error: assets/scripts/circlelinegenerator.cs in SourceAssetDB has modification time of '2025-09-04T10:49:38.2957768Z' while content on disk has modification time of '2025-09-04T10:50:07.7020841Z'
Number of updated asset objects reloaded before import = 0Number of asset objects unloaded after import = 0

========================================================================
Received Import Request.
  Time since last request: 0.016601 seconds.
  path: Assets/Scripts/CircleLineGenerator.cs
  artifactKey: Guid(1a0d45d072749bd4db55e305e44ed191) Importer(815301076,1909f56bfc062723c751e8b465ee728b)
Start importing Assets/Scripts/CircleLineGenerator.cs using Guid(1a0d45d072749bd4db55e305e44ed191) Importer(815301076,1909f56bfc062723c751e8b465ee728b) (PreviewImporter) -> (artifact id: '00000000000000000000000000000000') in 0.0015689 seconds
Import Error Code:(4)
Message: Build asset version error: assets/scripts/circlelinegenerator.cs in SourceAssetDB has modification time of '2025-09-04T10:49:38.2957768Z' while content on disk has modification time of '2025-09-04T10:50:07.7020841Z'
  ERROR: Build asset version error: assets/scripts/circlelinegenerator.cs in SourceAssetDB has modification time of '2025-09-04T10:49:38.2957768Z' while content on disk has modification time of '2025-09-04T10:50:07.7020841Z'
Number of updated asset objects reloaded before import = 0Number of asset objects unloaded after import = 0

========================================================================
Received Import Request.
  Time since last request: 0.014263 seconds.
  path: Assets/Scripts/CircleLineGenerator.cs
  artifactKey: Guid(1a0d45d072749bd4db55e305e44ed191) Importer(815301076,1909f56bfc062723c751e8b465ee728b)
Start importing Assets/Scripts/CircleLineGenerator.cs using Guid(1a0d45d072749bd4db55e305e44ed191) Importer(815301076,1909f56bfc062723c751e8b465ee728b) (PreviewImporter) -> (artifact id: '00000000000000000000000000000000') in 0.0006865 seconds
Import Error Code:(4)
Message: Build asset version error: assets/scripts/circlelinegenerator.cs in SourceAssetDB has modification time of '2025-09-04T10:49:38.2957768Z' while content on disk has modification time of '2025-09-04T10:50:07.7020841Z'
  ERROR: Build asset version error: assets/scripts/circlelinegenerator.cs in SourceAssetDB has modification time of '2025-09-04T10:49:38.2957768Z' while content on disk has modification time of '2025-09-04T10:50:07.7020841Z'
Number of updated asset objects reloaded before import = 0Number of asset objects unloaded after import = 0

========================================================================
Received Import Request.
  Time since last request: 0.023181 seconds.
  path: Assets/Scripts/CircleLineGenerator.cs
  artifactKey: Guid(1a0d45d072749bd4db55e305e44ed191) Importer(815301076,1909f56bfc062723c751e8b465ee728b)
Start importing Assets/Scripts/CircleLineGenerator.cs using Guid(1a0d45d072749bd4db55e305e44ed191) Importer(815301076,1909f56bfc062723c751e8b465ee728b) (PreviewImporter) -> (artifact id: '00000000000000000000000000000000') in 0.0006333 seconds
Import Error Code:(4)
Message: Build asset version error: assets/scripts/circlelinegenerator.cs in SourceAssetDB has modification time of '2025-09-04T10:49:38.2957768Z' while content on disk has modification time of '2025-09-04T10:50:07.7020841Z'
  ERROR: Build asset version error: assets/scripts/circlelinegenerator.cs in SourceAssetDB has modification time of '2025-09-04T10:49:38.2957768Z' while content on disk has modification time of '2025-09-04T10:50:07.7020841Z'
Number of updated asset objects reloaded before import = 0Number of asset objects unloaded after import = 0

========================================================================
Received Import Request.
  Time since last request: 0.021304 seconds.
  path: Assets/Scripts/CircleLineGenerator.cs
  artifactKey: Guid(1a0d45d072749bd4db55e305e44ed191) Importer(815301076,1909f56bfc062723c751e8b465ee728b)
Start importing Assets/Scripts/CircleLineGenerator.cs using Guid(1a0d45d072749bd4db55e305e44ed191) Importer(815301076,1909f56bfc062723c751e8b465ee728b) (PreviewImporter) -> (artifact id: '00000000000000000000000000000000') in 0.0007396 seconds
Import Error Code:(4)
Message: Build asset version error: assets/scripts/circlelinegenerator.cs in SourceAssetDB has modification time of '2025-09-04T10:49:38.2957768Z' while content on disk has modification time of '2025-09-04T10:50:07.7020841Z'
  ERROR: Build asset version error: assets/scripts/circlelinegenerator.cs in SourceAssetDB has modification time of '2025-09-04T10:49:38.2957768Z' while content on disk has modification time of '2025-09-04T10:50:07.7020841Z'
Number of updated asset objects reloaded before import = 0Number of asset objects unloaded after import = 0

========================================================================
Received Import Request.
  Time since last request: 0.002205 seconds.
  path: Assets/Scripts/CircleLineGenerator.cs
  artifactKey: Guid(1a0d45d072749bd4db55e305e44ed191) Importer(815301076,1909f56bfc062723c751e8b465ee728b)
Start importing Assets/Scripts/CircleLineGenerator.cs using Guid(1a0d45d072749bd4db55e305e44ed191) Importer(815301076,1909f56bfc062723c751e8b465ee728b) (PreviewImporter) -> (artifact id: '00000000000000000000000000000000') in 0.0010111 seconds
Import Error Code:(4)
Message: Build asset version error: assets/scripts/circlelinegenerator.cs in SourceAssetDB has modification time of '2025-09-04T10:49:38.2957768Z' while content on disk has modification time of '2025-09-04T10:50:07.7020841Z'
  ERROR: Build asset version error: assets/scripts/circlelinegenerator.cs in SourceAssetDB has modification time of '2025-09-04T10:49:38.2957768Z' while content on disk has modification time of '2025-09-04T10:50:07.7020841Z'
Number of updated asset objects reloaded before import = 0Number of asset objects unloaded after import = 0

========================================================================
Received Import Request.
  Time since last request: 0.010792 seconds.
  path: Assets/Scripts/CircleLineGenerator.cs
  artifactKey: Guid(1a0d45d072749bd4db55e305e44ed191) Importer(815301076,1909f56bfc062723c751e8b465ee728b)
Start importing Assets/Scripts/CircleLineGenerator.cs using Guid(1a0d45d072749bd4db55e305e44ed191) Importer(815301076,1909f56bfc062723c751e8b465ee728b) (PreviewImporter) -> (artifact id: '00000000000000000000000000000000') in 0.0011212 seconds
Import Error Code:(4)
Message: Build asset version error: assets/scripts/circlelinegenerator.cs in SourceAssetDB has modification time of '2025-09-04T10:49:38.2957768Z' while content on disk has modification time of '2025-09-04T10:50:07.7020841Z'
  ERROR: Build asset version error: assets/scripts/circlelinegenerator.cs in SourceAssetDB has modification time of '2025-09-04T10:49:38.2957768Z' while content on disk has modification time of '2025-09-04T10:50:07.7020841Z'
Number of updated asset objects reloaded before import = 0Number of asset objects unloaded after import = 0

========================================================================
Received Import Request.
  Time since last request: 0.000022 seconds.
  path: Assets/Scripts/CircleLineGenerator.cs
  artifactKey: Guid(1a0d45d072749bd4db55e305e44ed191) Importer(815301076,1909f56bfc062723c751e8b465ee728b)
Start importing Assets/Scripts/CircleLineGenerator.cs using Guid(1a0d45d072749bd4db55e305e44ed191) Importer(815301076,1909f56bfc062723c751e8b465ee728b) (PreviewImporter) -> (artifact id: '00000000000000000000000000000000') in 0.0006513 seconds
Import Error Code:(4)
Message: Build asset version error: assets/scripts/circlelinegenerator.cs in SourceAssetDB has modification time of '2025-09-04T10:49:38.2957768Z' while content on disk has modification time of '2025-09-04T10:50:07.7020841Z'
  ERROR: Build asset version error: assets/scripts/circlelinegenerator.cs in SourceAssetDB has modification time of '2025-09-04T10:49:38.2957768Z' while content on disk has modification time of '2025-09-04T10:50:07.7020841Z'
Number of updated asset objects reloaded before import = 0Number of asset objects unloaded after import = 0

========================================================================
Received Import Request.
  Time since last request: 0.000033 seconds.
  path: Assets/Scripts/CircleLineGenerator.cs
  artifactKey: Guid(1a0d45d072749bd4db55e305e44ed191) Importer(815301076,1909f56bfc062723c751e8b465ee728b)
Start importing Assets/Scripts/CircleLineGenerator.cs using Guid(1a0d45d072749bd4db55e305e44ed191) Importer(815301076,1909f56bfc062723c751e8b465ee728b) (PreviewImporter) -> (artifact id: '00000000000000000000000000000000') in 0.0006218 seconds
Import Error Code:(4)
Message: Build asset version error: assets/scripts/circlelinegenerator.cs in SourceAssetDB has modification time of '2025-09-04T10:49:38.2957768Z' while content on disk has modification time of '2025-09-04T10:50:07.7020841Z'
  ERROR: Build asset version error: assets/scripts/circlelinegenerator.cs in SourceAssetDB has modification time of '2025-09-04T10:49:38.2957768Z' while content on disk has modification time of '2025-09-04T10:50:07.7020841Z'
Number of updated asset objects reloaded before import = 0Number of asset objects unloaded after import = 0

========================================================================
Received Import Request.
  Time since last request: 0.007987 seconds.
  path: Assets/Scripts/CircleLineGenerator.cs
  artifactKey: Guid(1a0d45d072749bd4db55e305e44ed191) Importer(815301076,1909f56bfc062723c751e8b465ee728b)
Start importing Assets/Scripts/CircleLineGenerator.cs using Guid(1a0d45d072749bd4db55e305e44ed191) Importer(815301076,1909f56bfc062723c751e8b465ee728b) (PreviewImporter) -> (artifact id: '00000000000000000000000000000000') in 0.0005908 seconds
Import Error Code:(4)
Message: Build asset version error: assets/scripts/circlelinegenerator.cs in SourceAssetDB has modification time of '2025-09-04T10:49:38.2957768Z' while content on disk has modification time of '2025-09-04T10:50:07.7020841Z'
  ERROR: Build asset version error: assets/scripts/circlelinegenerator.cs in SourceAssetDB has modification time of '2025-09-04T10:49:38.2957768Z' while content on disk has modification time of '2025-09-04T10:50:07.7020841Z'
Number of updated asset objects reloaded before import = 0Number of asset objects unloaded after import = 0

========================================================================
Received Import Request.
  Time since last request: 0.030724 seconds.
  path: Assets/Scripts/CircleLineGenerator.cs
  artifactKey: Guid(1a0d45d072749bd4db55e305e44ed191) Importer(815301076,1909f56bfc062723c751e8b465ee728b)
Start importing Assets/Scripts/CircleLineGenerator.cs using Guid(1a0d45d072749bd4db55e305e44ed191) Importer(815301076,1909f56bfc062723c751e8b465ee728b) (PreviewImporter) -> (artifact id: '00000000000000000000000000000000') in 0.0006598 seconds
Import Error Code:(4)
Message: Build asset version error: assets/scripts/circlelinegenerator.cs in SourceAssetDB has modification time of '2025-09-04T10:49:38.2957768Z' while content on disk has modification time of '2025-09-04T10:50:07.7020841Z'
  ERROR: Build asset version error: assets/scripts/circlelinegenerator.cs in SourceAssetDB has modification time of '2025-09-04T10:49:38.2957768Z' while content on disk has modification time of '2025-09-04T10:50:07.7020841Z'
Number of updated asset objects reloaded before import = 0Number of asset objects unloaded after import = 0

========================================================================
Received Import Request.
  Time since last request: 0.029950 seconds.
  path: Assets/Scripts/CircleLineGenerator.cs
  artifactKey: Guid(1a0d45d072749bd4db55e305e44ed191) Importer(815301076,1909f56bfc062723c751e8b465ee728b)
Start importing Assets/Scripts/CircleLineGenerator.cs using Guid(1a0d45d072749bd4db55e305e44ed191) Importer(815301076,1909f56bfc062723c751e8b465ee728b) (PreviewImporter) -> (artifact id: '00000000000000000000000000000000') in 0.0006415 seconds
Import Error Code:(4)
Message: Build asset version error: assets/scripts/circlelinegenerator.cs in SourceAssetDB has modification time of '2025-09-04T10:49:38.2957768Z' while content on disk has modification time of '2025-09-04T10:50:07.7020841Z'
  ERROR: Build asset version error: assets/scripts/circlelinegenerator.cs in SourceAssetDB has modification time of '2025-09-04T10:49:38.2957768Z' while content on disk has modification time of '2025-09-04T10:50:07.7020841Z'
Number of updated asset objects reloaded before import = 0Number of asset objects unloaded after import = 0

========================================================================
Received Import Request.
  Time since last request: 0.023546 seconds.
  path: Assets/Scripts/CircleLineGenerator.cs
  artifactKey: Guid(1a0d45d072749bd4db55e305e44ed191) Importer(815301076,1909f56bfc062723c751e8b465ee728b)
Start importing Assets/Scripts/CircleLineGenerator.cs using Guid(1a0d45d072749bd4db55e305e44ed191) Importer(815301076,1909f56bfc062723c751e8b465ee728b) (PreviewImporter) -> (artifact id: '00000000000000000000000000000000') in 0.0005758 seconds
Import Error Code:(4)
Message: Build asset version error: assets/scripts/circlelinegenerator.cs in SourceAssetDB has modification time of '2025-09-04T10:49:38.2957768Z' while content on disk has modification time of '2025-09-04T10:50:07.7020841Z'
  ERROR: Build asset version error: assets/scripts/circlelinegenerator.cs in SourceAssetDB has modification time of '2025-09-04T10:49:38.2957768Z' while content on disk has modification time of '2025-09-04T10:50:07.7020841Z'
Number of updated asset objects reloaded before import = 0Number of asset objects unloaded after import = 0

========================================================================
Received Import Request.
  Time since last request: 0.028232 seconds.
  path: Assets/Scripts/CircleLineGenerator.cs
  artifactKey: Guid(1a0d45d072749bd4db55e305e44ed191) Importer(815301076,1909f56bfc062723c751e8b465ee728b)
Start importing Assets/Scripts/CircleLineGenerator.cs using Guid(1a0d45d072749bd4db55e305e44ed191) Importer(815301076,1909f56bfc062723c751e8b465ee728b) (PreviewImporter) -> (artifact id: '00000000000000000000000000000000') in 0.0006806 seconds
Import Error Code:(4)
Message: Build asset version error: assets/scripts/circlelinegenerator.cs in SourceAssetDB has modification time of '2025-09-04T10:49:38.2957768Z' while content on disk has modification time of '2025-09-04T10:50:07.7020841Z'
  ERROR: Build asset version error: assets/scripts/circlelinegenerator.cs in SourceAssetDB has modification time of '2025-09-04T10:49:38.2957768Z' while content on disk has modification time of '2025-09-04T10:50:07.7020841Z'
Number of updated asset objects reloaded before import = 0Number of asset objects unloaded after import = 0

========================================================================
Received Import Request.
  Time since last request: 0.000046 seconds.
  path: Assets/Scripts/CircleLineGenerator.cs
  artifactKey: Guid(1a0d45d072749bd4db55e305e44ed191) Importer(815301076,1909f56bfc062723c751e8b465ee728b)
Start importing Assets/Scripts/CircleLineGenerator.cs using Guid(1a0d45d072749bd4db55e305e44ed191) Importer(815301076,1909f56bfc062723c751e8b465ee728b) (PreviewImporter) -> (artifact id: '00000000000000000000000000000000') in 0.0007164 seconds
Import Error Code:(4)
Message: Build asset version error: assets/scripts/circlelinegenerator.cs in SourceAssetDB has modification time of '2025-09-04T10:49:38.2957768Z' while content on disk has modification time of '2025-09-04T10:50:07.7020841Z'
  ERROR: Build asset version error: assets/scripts/circlelinegenerator.cs in SourceAssetDB has modification time of '2025-09-04T10:49:38.2957768Z' while content on disk has modification time of '2025-09-04T10:50:07.7020841Z'
Number of updated asset objects reloaded before import = 0Number of asset objects unloaded after import = 0

========================================================================
Received Import Request.
  Time since last request: 0.045506 seconds.
  path: Assets/Scripts/CircleLineGenerator.cs
  artifactKey: Guid(1a0d45d072749bd4db55e305e44ed191) Importer(815301076,1909f56bfc062723c751e8b465ee728b)
Start importing Assets/Scripts/CircleLineGenerator.cs using Guid(1a0d45d072749bd4db55e305e44ed191) Importer(815301076,1909f56bfc062723c751e8b465ee728b) (PreviewImporter) -> (artifact id: '00000000000000000000000000000000') in 0.0006771 seconds
Import Error Code:(4)
Message: Build asset version error: assets/scripts/circlelinegenerator.cs in SourceAssetDB has modification time of '2025-09-04T10:49:38.2957768Z' while content on disk has modification time of '2025-09-04T10:50:07.7020841Z'
  ERROR: Build asset version error: assets/scripts/circlelinegenerator.cs in SourceAssetDB has modification time of '2025-09-04T10:49:38.2957768Z' while content on disk has modification time of '2025-09-04T10:50:07.7020841Z'
Number of updated asset objects reloaded before import = 0Number of asset objects unloaded after import = 0

========================================================================
Received Import Request.
  Time since last request: 0.022007 seconds.
  path: Assets/Scripts/CircleLineGenerator.cs
  artifactKey: Guid(1a0d45d072749bd4db55e305e44ed191) Importer(815301076,1909f56bfc062723c751e8b465ee728b)
Start importing Assets/Scripts/CircleLineGenerator.cs using Guid(1a0d45d072749bd4db55e305e44ed191) Importer(815301076,1909f56bfc062723c751e8b465ee728b) (PreviewImporter) -> (artifact id: '00000000000000000000000000000000') in 0.0005796 seconds
Import Error Code:(4)
Message: Build asset version error: assets/scripts/circlelinegenerator.cs in SourceAssetDB has modification time of '2025-09-04T10:49:38.2957768Z' while content on disk has modification time of '2025-09-04T10:50:07.7020841Z'
  ERROR: Build asset version error: assets/scripts/circlelinegenerator.cs in SourceAssetDB has modification time of '2025-09-04T10:49:38.2957768Z' while content on disk has modification time of '2025-09-04T10:50:07.7020841Z'
Number of updated asset objects reloaded before import = 0Number of asset objects unloaded after import = 0

========================================================================
Received Import Request.
  Time since last request: 0.030845 seconds.
  path: Assets/Scripts/CircleLineGenerator.cs
  artifactKey: Guid(1a0d45d072749bd4db55e305e44ed191) Importer(815301076,1909f56bfc062723c751e8b465ee728b)
Start importing Assets/Scripts/CircleLineGenerator.cs using Guid(1a0d45d072749bd4db55e305e44ed191) Importer(815301076,1909f56bfc062723c751e8b465ee728b) (PreviewImporter) -> (artifact id: '00000000000000000000000000000000') in 0.0005871 seconds
Import Error Code:(4)
Message: Build asset version error: assets/scripts/circlelinegenerator.cs in SourceAssetDB has modification time of '2025-09-04T10:49:38.2957768Z' while content on disk has modification time of '2025-09-04T10:50:07.7020841Z'
  ERROR: Build asset version error: assets/scripts/circlelinegenerator.cs in SourceAssetDB has modification time of '2025-09-04T10:49:38.2957768Z' while content on disk has modification time of '2025-09-04T10:50:07.7020841Z'
Number of updated asset objects reloaded before import = 0Number of asset objects unloaded after import = 0

========================================================================
Received Import Request.
  Time since last request: 0.035157 seconds.
  path: Assets/Scripts/CircleLineGenerator.cs
  artifactKey: Guid(1a0d45d072749bd4db55e305e44ed191) Importer(815301076,1909f56bfc062723c751e8b465ee728b)
Start importing Assets/Scripts/CircleLineGenerator.cs using Guid(1a0d45d072749bd4db55e305e44ed191) Importer(815301076,1909f56bfc062723c751e8b465ee728b) (PreviewImporter) -> (artifact id: '00000000000000000000000000000000') in 0.0006803 seconds
Import Error Code:(4)
Message: Build asset version error: assets/scripts/circlelinegenerator.cs in SourceAssetDB has modification time of '2025-09-04T10:49:38.2957768Z' while content on disk has modification time of '2025-09-04T10:50:07.7020841Z'
  ERROR: Build asset version error: assets/scripts/circlelinegenerator.cs in SourceAssetDB has modification time of '2025-09-04T10:49:38.2957768Z' while content on disk has modification time of '2025-09-04T10:50:07.7020841Z'
Number of updated asset objects reloaded before import = 0Number of asset objects unloaded after import = 0

========================================================================
Received Import Request.
  Time since last request: 0.031968 seconds.
  path: Assets/Scripts/CircleLineGenerator.cs
  artifactKey: Guid(1a0d45d072749bd4db55e305e44ed191) Importer(815301076,1909f56bfc062723c751e8b465ee728b)
Start importing Assets/Scripts/CircleLineGenerator.cs using Guid(1a0d45d072749bd4db55e305e44ed191) Importer(815301076,1909f56bfc062723c751e8b465ee728b) (PreviewImporter) -> (artifact id: '00000000000000000000000000000000') in 0.0005765 seconds
Import Error Code:(4)
Message: Build asset version error: assets/scripts/circlelinegenerator.cs in SourceAssetDB has modification time of '2025-09-04T10:49:38.2957768Z' while content on disk has modification time of '2025-09-04T10:50:07.7020841Z'
  ERROR: Build asset version error: assets/scripts/circlelinegenerator.cs in SourceAssetDB has modification time of '2025-09-04T10:49:38.2957768Z' while content on disk has modification time of '2025-09-04T10:50:07.7020841Z'
Number of updated asset objects reloaded before import = 0Number of asset objects unloaded after import = 0

========================================================================
Received Import Request.
  Time since last request: 0.036676 seconds.
  path: Assets/Scripts/CircleLineGenerator.cs
  artifactKey: Guid(1a0d45d072749bd4db55e305e44ed191) Importer(815301076,1909f56bfc062723c751e8b465ee728b)
Start importing Assets/Scripts/CircleLineGenerator.cs using Guid(1a0d45d072749bd4db55e305e44ed191) Importer(815301076,1909f56bfc062723c751e8b465ee728b) (PreviewImporter) -> (artifact id: '00000000000000000000000000000000') in 0.0006919 seconds
Import Error Code:(4)
Message: Build asset version error: assets/scripts/circlelinegenerator.cs in SourceAssetDB has modification time of '2025-09-04T10:49:38.2957768Z' while content on disk has modification time of '2025-09-04T10:50:07.7020841Z'
  ERROR: Build asset version error: assets/scripts/circlelinegenerator.cs in SourceAssetDB has modification time of '2025-09-04T10:49:38.2957768Z' while content on disk has modification time of '2025-09-04T10:50:07.7020841Z'
Number of updated asset objects reloaded before import = 0Number of asset objects unloaded after import = 0

========================================================================
Received Import Request.
  Time since last request: 0.036025 seconds.
  path: Assets/Scripts/CircleLineGenerator.cs
  artifactKey: Guid(1a0d45d072749bd4db55e305e44ed191) Importer(815301076,1909f56bfc062723c751e8b465ee728b)
Start importing Assets/Scripts/CircleLineGenerator.cs using Guid(1a0d45d072749bd4db55e305e44ed191) Importer(815301076,1909f56bfc062723c751e8b465ee728b) (PreviewImporter) -> (artifact id: '00000000000000000000000000000000') in 0.0005679 seconds
Import Error Code:(4)
Message: Build asset version error: assets/scripts/circlelinegenerator.cs in SourceAssetDB has modification time of '2025-09-04T10:49:38.2957768Z' while content on disk has modification time of '2025-09-04T10:50:07.7020841Z'
  ERROR: Build asset version error: assets/scripts/circlelinegenerator.cs in SourceAssetDB has modification time of '2025-09-04T10:49:38.2957768Z' while content on disk has modification time of '2025-09-04T10:50:07.7020841Z'
Number of updated asset objects reloaded before import = 0Number of asset objects unloaded after import = 0

========================================================================
Received Import Request.
  Time since last request: 0.036548 seconds.
  path: Assets/Scripts/CircleLineGenerator.cs
  artifactKey: Guid(1a0d45d072749bd4db55e305e44ed191) Importer(815301076,1909f56bfc062723c751e8b465ee728b)
Start importing Assets/Scripts/CircleLineGenerator.cs using Guid(1a0d45d072749bd4db55e305e44ed191) Importer(815301076,1909f56bfc062723c751e8b465ee728b) (PreviewImporter) -> (artifact id: '00000000000000000000000000000000') in 0.0005794 seconds
Import Error Code:(4)
Message: Build asset version error: assets/scripts/circlelinegenerator.cs in SourceAssetDB has modification time of '2025-09-04T10:49:38.2957768Z' while content on disk has modification time of '2025-09-04T10:50:07.7020841Z'
  ERROR: Build asset version error: assets/scripts/circlelinegenerator.cs in SourceAssetDB has modification time of '2025-09-04T10:49:38.2957768Z' while content on disk has modification time of '2025-09-04T10:50:07.7020841Z'
Number of updated asset objects reloaded before import = 0Number of asset objects unloaded after import = 0

========================================================================
Received Import Request.
  Time since last request: 0.037591 seconds.
  path: Assets/Scripts/CircleLineGenerator.cs
  artifactKey: Guid(1a0d45d072749bd4db55e305e44ed191) Importer(815301076,1909f56bfc062723c751e8b465ee728b)
Start importing Assets/Scripts/CircleLineGenerator.cs using Guid(1a0d45d072749bd4db55e305e44ed191) Importer(815301076,1909f56bfc062723c751e8b465ee728b) (PreviewImporter) -> (artifact id: '00000000000000000000000000000000') in 0.00061 seconds
Import Error Code:(4)
Message: Build asset version error: assets/scripts/circlelinegenerator.cs in SourceAssetDB has modification time of '2025-09-04T10:49:38.2957768Z' while content on disk has modification time of '2025-09-04T10:50:07.7020841Z'
  ERROR: Build asset version error: assets/scripts/circlelinegenerator.cs in SourceAssetDB has modification time of '2025-09-04T10:49:38.2957768Z' while content on disk has modification time of '2025-09-04T10:50:07.7020841Z'
Number of updated asset objects reloaded before import = 0Number of asset objects unloaded after import = 0

========================================================================
Received Import Request.
  Time since last request: 0.036671 seconds.
  path: Assets/Scripts/CircleLineGenerator.cs
  artifactKey: Guid(1a0d45d072749bd4db55e305e44ed191) Importer(815301076,1909f56bfc062723c751e8b465ee728b)
Start importing Assets/Scripts/CircleLineGenerator.cs using Guid(1a0d45d072749bd4db55e305e44ed191) Importer(815301076,1909f56bfc062723c751e8b465ee728b) (PreviewImporter) -> (artifact id: '00000000000000000000000000000000') in 0.0006069 seconds
Import Error Code:(4)
Message: Build asset version error: assets/scripts/circlelinegenerator.cs in SourceAssetDB has modification time of '2025-09-04T10:49:38.2957768Z' while content on disk has modification time of '2025-09-04T10:50:07.7020841Z'
  ERROR: Build asset version error: assets/scripts/circlelinegenerator.cs in SourceAssetDB has modification time of '2025-09-04T10:49:38.2957768Z' while content on disk has modification time of '2025-09-04T10:50:07.7020841Z'
Number of updated asset objects reloaded before import = 0Number of asset objects unloaded after import = 0

========================================================================
Received Import Request.
  Time since last request: 0.035010 seconds.
  path: Assets/Scripts/CircleLineGenerator.cs
  artifactKey: Guid(1a0d45d072749bd4db55e305e44ed191) Importer(815301076,1909f56bfc062723c751e8b465ee728b)
Start importing Assets/Scripts/CircleLineGenerator.cs using Guid(1a0d45d072749bd4db55e305e44ed191) Importer(815301076,1909f56bfc062723c751e8b465ee728b) (PreviewImporter) -> (artifact id: '00000000000000000000000000000000') in 0.0006392 seconds
Import Error Code:(4)
Message: Build asset version error: assets/scripts/circlelinegenerator.cs in SourceAssetDB has modification time of '2025-09-04T10:49:38.2957768Z' while content on disk has modification time of '2025-09-04T10:50:07.7020841Z'
  ERROR: Build asset version error: assets/scripts/circlelinegenerator.cs in SourceAssetDB has modification time of '2025-09-04T10:49:38.2957768Z' while content on disk has modification time of '2025-09-04T10:50:07.7020841Z'
Number of updated asset objects reloaded before import = 0Number of asset objects unloaded after import = 0

========================================================================
Received Import Request.
  Time since last request: 0.040333 seconds.
  path: Assets/Scripts/CircleLineGenerator.cs
  artifactKey: Guid(1a0d45d072749bd4db55e305e44ed191) Importer(815301076,1909f56bfc062723c751e8b465ee728b)
Start importing Assets/Scripts/CircleLineGenerator.cs using Guid(1a0d45d072749bd4db55e305e44ed191) Importer(815301076,1909f56bfc062723c751e8b465ee728b) (PreviewImporter) -> (artifact id: '00000000000000000000000000000000') in 0.0006124 seconds
Import Error Code:(4)
Message: Build asset version error: assets/scripts/circlelinegenerator.cs in SourceAssetDB has modification time of '2025-09-04T10:49:38.2957768Z' while content on disk has modification time of '2025-09-04T10:50:07.7020841Z'
  ERROR: Build asset version error: assets/scripts/circlelinegenerator.cs in SourceAssetDB has modification time of '2025-09-04T10:49:38.2957768Z' while content on disk has modification time of '2025-09-04T10:50:07.7020841Z'
Number of updated asset objects reloaded before import = 0Number of asset objects unloaded after import = 0

========================================================================
Received Import Request.
  Time since last request: 0.035325 seconds.
  path: Assets/Scripts/CircleLineGenerator.cs
  artifactKey: Guid(1a0d45d072749bd4db55e305e44ed191) Importer(815301076,1909f56bfc062723c751e8b465ee728b)
Start importing Assets/Scripts/CircleLineGenerator.cs using Guid(1a0d45d072749bd4db55e305e44ed191) Importer(815301076,1909f56bfc062723c751e8b465ee728b) (PreviewImporter) -> (artifact id: '00000000000000000000000000000000') in 0.000713 seconds
Import Error Code:(4)
Message: Build asset version error: assets/scripts/circlelinegenerator.cs in SourceAssetDB has modification time of '2025-09-04T10:49:38.2957768Z' while content on disk has modification time of '2025-09-04T10:50:07.7020841Z'
  ERROR: Build asset version error: assets/scripts/circlelinegenerator.cs in SourceAssetDB has modification time of '2025-09-04T10:49:38.2957768Z' while content on disk has modification time of '2025-09-04T10:50:07.7020841Z'
Number of updated asset objects reloaded before import = 0Number of asset objects unloaded after import = 0

========================================================================
Received Import Request.
  Time since last request: 0.034055 seconds.
  path: Assets/Scripts/CircleLineGenerator.cs
  artifactKey: Guid(1a0d45d072749bd4db55e305e44ed191) Importer(815301076,1909f56bfc062723c751e8b465ee728b)
Start importing Assets/Scripts/CircleLineGenerator.cs using Guid(1a0d45d072749bd4db55e305e44ed191) Importer(815301076,1909f56bfc062723c751e8b465ee728b) (PreviewImporter) -> (artifact id: '00000000000000000000000000000000') in 0.0006993 seconds
Import Error Code:(4)
Message: Build asset version error: assets/scripts/circlelinegenerator.cs in SourceAssetDB has modification time of '2025-09-04T10:49:38.2957768Z' while content on disk has modification time of '2025-09-04T10:50:07.7020841Z'
  ERROR: Build asset version error: assets/scripts/circlelinegenerator.cs in SourceAssetDB has modification time of '2025-09-04T10:49:38.2957768Z' while content on disk has modification time of '2025-09-04T10:50:07.7020841Z'
Number of updated asset objects reloaded before import = 0Number of asset objects unloaded after import = 0

========================================================================
Received Import Request.
  Time since last request: 0.035192 seconds.
  path: Assets/Scripts/CircleLineGenerator.cs
  artifactKey: Guid(1a0d45d072749bd4db55e305e44ed191) Importer(815301076,1909f56bfc062723c751e8b465ee728b)
Start importing Assets/Scripts/CircleLineGenerator.cs using Guid(1a0d45d072749bd4db55e305e44ed191) Importer(815301076,1909f56bfc062723c751e8b465ee728b) (PreviewImporter) -> (artifact id: '00000000000000000000000000000000') in 0.00059 seconds
Import Error Code:(4)
Message: Build asset version error: assets/scripts/circlelinegenerator.cs in SourceAssetDB has modification time of '2025-09-04T10:49:38.2957768Z' while content on disk has modification time of '2025-09-04T10:50:07.7020841Z'
  ERROR: Build asset version error: assets/scripts/circlelinegenerator.cs in SourceAssetDB has modification time of '2025-09-04T10:49:38.2957768Z' while content on disk has modification time of '2025-09-04T10:50:07.7020841Z'
Number of updated asset objects reloaded before import = 0Number of asset objects unloaded after import = 0

========================================================================
Received Import Request.
  Time since last request: 0.038501 seconds.
  path: Assets/Scripts/CircleLineGenerator.cs
  artifactKey: Guid(1a0d45d072749bd4db55e305e44ed191) Importer(815301076,1909f56bfc062723c751e8b465ee728b)
Start importing Assets/Scripts/CircleLineGenerator.cs using Guid(1a0d45d072749bd4db55e305e44ed191) Importer(815301076,1909f56bfc062723c751e8b465ee728b) (PreviewImporter) -> (artifact id: '00000000000000000000000000000000') in 0.0007353 seconds
Import Error Code:(4)
Message: Build asset version error: assets/scripts/circlelinegenerator.cs in SourceAssetDB has modification time of '2025-09-04T10:49:38.2957768Z' while content on disk has modification time of '2025-09-04T10:50:07.7020841Z'
  ERROR: Build asset version error: assets/scripts/circlelinegenerator.cs in SourceAssetDB has modification time of '2025-09-04T10:49:38.2957768Z' while content on disk has modification time of '2025-09-04T10:50:07.7020841Z'
Number of updated asset objects reloaded before import = 0Number of asset objects unloaded after import = 0

========================================================================
Received Import Request.
  Time since last request: 0.032194 seconds.
  path: Assets/Scripts/CircleLineGenerator.cs
  artifactKey: Guid(1a0d45d072749bd4db55e305e44ed191) Importer(815301076,1909f56bfc062723c751e8b465ee728b)
Start importing Assets/Scripts/CircleLineGenerator.cs using Guid(1a0d45d072749bd4db55e305e44ed191) Importer(815301076,1909f56bfc062723c751e8b465ee728b) (PreviewImporter) -> (artifact id: '00000000000000000000000000000000') in 0.000606 seconds
Import Error Code:(4)
Message: Build asset version error: assets/scripts/circlelinegenerator.cs in SourceAssetDB has modification time of '2025-09-04T10:49:38.2957768Z' while content on disk has modification time of '2025-09-04T10:50:07.7020841Z'
  ERROR: Build asset version error: assets/scripts/circlelinegenerator.cs in SourceAssetDB has modification time of '2025-09-04T10:49:38.2957768Z' while content on disk has modification time of '2025-09-04T10:50:07.7020841Z'
Number of updated asset objects reloaded before import = 0Number of asset objects unloaded after import = 0

========================================================================
Received Import Request.
  Time since last request: 0.036888 seconds.
  path: Assets/Scripts/CircleLineGenerator.cs
  artifactKey: Guid(1a0d45d072749bd4db55e305e44ed191) Importer(815301076,1909f56bfc062723c751e8b465ee728b)
Start importing Assets/Scripts/CircleLineGenerator.cs using Guid(1a0d45d072749bd4db55e305e44ed191) Importer(815301076,1909f56bfc062723c751e8b465ee728b) (PreviewImporter) -> (artifact id: '00000000000000000000000000000000') in 0.0006094 seconds
Import Error Code:(4)
Message: Build asset version error: assets/scripts/circlelinegenerator.cs in SourceAssetDB has modification time of '2025-09-04T10:49:38.2957768Z' while content on disk has modification time of '2025-09-04T10:50:07.7020841Z'
  ERROR: Build asset version error: assets/scripts/circlelinegenerator.cs in SourceAssetDB has modification time of '2025-09-04T10:49:38.2957768Z' while content on disk has modification time of '2025-09-04T10:50:07.7020841Z'
Number of updated asset objects reloaded before import = 0Number of asset objects unloaded after import = 0

========================================================================
Received Import Request.
  Time since last request: 0.035827 seconds.
  path: Assets/Scripts/CircleLineGenerator.cs
  artifactKey: Guid(1a0d45d072749bd4db55e305e44ed191) Importer(815301076,1909f56bfc062723c751e8b465ee728b)
Start importing Assets/Scripts/CircleLineGenerator.cs using Guid(1a0d45d072749bd4db55e305e44ed191) Importer(815301076,1909f56bfc062723c751e8b465ee728b) (PreviewImporter) -> (artifact id: '00000000000000000000000000000000') in 0.0006549 seconds
Import Error Code:(4)
Message: Build asset version error: assets/scripts/circlelinegenerator.cs in SourceAssetDB has modification time of '2025-09-04T10:49:38.2957768Z' while content on disk has modification time of '2025-09-04T10:50:07.7020841Z'
  ERROR: Build asset version error: assets/scripts/circlelinegenerator.cs in SourceAssetDB has modification time of '2025-09-04T10:49:38.2957768Z' while content on disk has modification time of '2025-09-04T10:50:07.7020841Z'
Number of updated asset objects reloaded before import = 0Number of asset objects unloaded after import = 0

========================================================================
Received Import Request.
  Time since last request: 0.041658 seconds.
  path: Assets/Scripts/CircleLineGenerator.cs
  artifactKey: Guid(1a0d45d072749bd4db55e305e44ed191) Importer(815301076,1909f56bfc062723c751e8b465ee728b)
Start importing Assets/Scripts/CircleLineGenerator.cs using Guid(1a0d45d072749bd4db55e305e44ed191) Importer(815301076,1909f56bfc062723c751e8b465ee728b) (PreviewImporter) -> (artifact id: '00000000000000000000000000000000') in 0.0006608 seconds
Import Error Code:(4)
Message: Build asset version error: assets/scripts/circlelinegenerator.cs in SourceAssetDB has modification time of '2025-09-04T10:49:38.2957768Z' while content on disk has modification time of '2025-09-04T10:50:07.7020841Z'
  ERROR: Build asset version error: assets/scripts/circlelinegenerator.cs in SourceAssetDB has modification time of '2025-09-04T10:49:38.2957768Z' while content on disk has modification time of '2025-09-04T10:50:07.7020841Z'
Number of updated asset objects reloaded before import = 0Number of asset objects unloaded after import = 0

========================================================================
Received Import Request.
  Time since last request: 0.011110 seconds.
  path: Assets/Scripts/CircleLineGenerator.cs
  artifactKey: Guid(1a0d45d072749bd4db55e305e44ed191) Importer(815301076,1909f56bfc062723c751e8b465ee728b)
Start importing Assets/Scripts/CircleLineGenerator.cs using Guid(1a0d45d072749bd4db55e305e44ed191) Importer(815301076,1909f56bfc062723c751e8b465ee728b) (PreviewImporter) -> (artifact id: '00000000000000000000000000000000') in 0.0008897 seconds
Import Error Code:(4)
Message: Build asset version error: assets/scripts/circlelinegenerator.cs in SourceAssetDB has modification time of '2025-09-04T10:49:38.2957768Z' while content on disk has modification time of '2025-09-04T10:50:07.7020841Z'
  ERROR: Build asset version error: assets/scripts/circlelinegenerator.cs in SourceAssetDB has modification time of '2025-09-04T10:49:38.2957768Z' while content on disk has modification time of '2025-09-04T10:50:07.7020841Z'
Number of updated asset objects reloaded before import = 0Number of asset objects unloaded after import = 0

========================================================================
Received Import Request.
  Time since last request: 0.017930 seconds.
  path: Assets/Scripts/CircleLineGenerator.cs
  artifactKey: Guid(1a0d45d072749bd4db55e305e44ed191) Importer(815301076,1909f56bfc062723c751e8b465ee728b)
Start importing Assets/Scripts/CircleLineGenerator.cs using Guid(1a0d45d072749bd4db55e305e44ed191) Importer(815301076,1909f56bfc062723c751e8b465ee728b) (PreviewImporter) -> (artifact id: '00000000000000000000000000000000') in 0.0007076 seconds
Import Error Code:(4)
Message: Build asset version error: assets/scripts/circlelinegenerator.cs in SourceAssetDB has modification time of '2025-09-04T10:49:38.2957768Z' while content on disk has modification time of '2025-09-04T10:50:07.7020841Z'
  ERROR: Build asset version error: assets/scripts/circlelinegenerator.cs in SourceAssetDB has modification time of '2025-09-04T10:49:38.2957768Z' while content on disk has modification time of '2025-09-04T10:50:07.7020841Z'
Number of updated asset objects reloaded before import = 0Number of asset objects unloaded after import = 0

========================================================================
Received Import Request.
  Time since last request: 0.019467 seconds.
  path: Assets/Scripts/CircleLineGenerator.cs
  artifactKey: Guid(1a0d45d072749bd4db55e305e44ed191) Importer(815301076,1909f56bfc062723c751e8b465ee728b)
Start importing Assets/Scripts/CircleLineGenerator.cs using Guid(1a0d45d072749bd4db55e305e44ed191) Importer(815301076,1909f56bfc062723c751e8b465ee728b) (PreviewImporter) -> (artifact id: '00000000000000000000000000000000') in 0.0006516 seconds
Import Error Code:(4)
Message: Build asset version error: assets/scripts/circlelinegenerator.cs in SourceAssetDB has modification time of '2025-09-04T10:49:38.2957768Z' while content on disk has modification time of '2025-09-04T10:50:07.7020841Z'
  ERROR: Build asset version error: assets/scripts/circlelinegenerator.cs in SourceAssetDB has modification time of '2025-09-04T10:49:38.2957768Z' while content on disk has modification time of '2025-09-04T10:50:07.7020841Z'
Number of updated asset objects reloaded before import = 0Number of asset objects unloaded after import = 0

========================================================================
Received Import Request.
  Time since last request: 0.030575 seconds.
  path: Assets/Scripts/CircleLineGenerator.cs
  artifactKey: Guid(1a0d45d072749bd4db55e305e44ed191) Importer(815301076,1909f56bfc062723c751e8b465ee728b)
Start importing Assets/Scripts/CircleLineGenerator.cs using Guid(1a0d45d072749bd4db55e305e44ed191) Importer(815301076,1909f56bfc062723c751e8b465ee728b) (PreviewImporter) -> (artifact id: '00000000000000000000000000000000') in 0.0007638 seconds
Import Error Code:(4)
Message: Build asset version error: assets/scripts/circlelinegenerator.cs in SourceAssetDB has modification time of '2025-09-04T10:49:38.2957768Z' while content on disk has modification time of '2025-09-04T10:50:07.7020841Z'
  ERROR: Build asset version error: assets/scripts/circlelinegenerator.cs in SourceAssetDB has modification time of '2025-09-04T10:49:38.2957768Z' while content on disk has modification time of '2025-09-04T10:50:07.7020841Z'
Number of updated asset objects reloaded before import = 0Number of asset objects unloaded after import = 0

========================================================================
Received Import Request.
  Time since last request: 0.024008 seconds.
  path: Assets/Scripts/CircleLineGenerator.cs
  artifactKey: Guid(1a0d45d072749bd4db55e305e44ed191) Importer(815301076,1909f56bfc062723c751e8b465ee728b)
Start importing Assets/Scripts/CircleLineGenerator.cs using Guid(1a0d45d072749bd4db55e305e44ed191) Importer(815301076,1909f56bfc062723c751e8b465ee728b) (PreviewImporter) -> (artifact id: '00000000000000000000000000000000') in 0.0007165 seconds
Import Error Code:(4)
Message: Build asset version error: assets/scripts/circlelinegenerator.cs in SourceAssetDB has modification time of '2025-09-04T10:49:38.2957768Z' while content on disk has modification time of '2025-09-04T10:50:07.7020841Z'
  ERROR: Build asset version error: assets/scripts/circlelinegenerator.cs in SourceAssetDB has modification time of '2025-09-04T10:49:38.2957768Z' while content on disk has modification time of '2025-09-04T10:50:07.7020841Z'
Number of updated asset objects reloaded before import = 0Number of asset objects unloaded after import = 0

========================================================================
Received Import Request.
  Time since last request: 0.028526 seconds.
  path: Assets/Scripts/CircleLineGenerator.cs
  artifactKey: Guid(1a0d45d072749bd4db55e305e44ed191) Importer(815301076,1909f56bfc062723c751e8b465ee728b)
Start importing Assets/Scripts/CircleLineGenerator.cs using Guid(1a0d45d072749bd4db55e305e44ed191) Importer(815301076,1909f56bfc062723c751e8b465ee728b) (PreviewImporter) -> (artifact id: '00000000000000000000000000000000') in 0.0007127 seconds
Import Error Code:(4)
Message: Build asset version error: assets/scripts/circlelinegenerator.cs in SourceAssetDB has modification time of '2025-09-04T10:49:38.2957768Z' while content on disk has modification time of '2025-09-04T10:50:07.7020841Z'
  ERROR: Build asset version error: assets/scripts/circlelinegenerator.cs in SourceAssetDB has modification time of '2025-09-04T10:49:38.2957768Z' while content on disk has modification time of '2025-09-04T10:50:07.7020841Z'
Number of updated asset objects reloaded before import = 0Number of asset objects unloaded after import = 0

========================================================================
Received Import Request.
  Time since last request: 0.028020 seconds.
  path: Assets/Scripts/CircleLineGenerator.cs
  artifactKey: Guid(1a0d45d072749bd4db55e305e44ed191) Importer(815301076,1909f56bfc062723c751e8b465ee728b)
Start importing Assets/Scripts/CircleLineGenerator.cs using Guid(1a0d45d072749bd4db55e305e44ed191) Importer(815301076,1909f56bfc062723c751e8b465ee728b) (PreviewImporter) -> (artifact id: '00000000000000000000000000000000') in 0.0007096 seconds
Import Error Code:(4)
Message: Build asset version error: assets/scripts/circlelinegenerator.cs in SourceAssetDB has modification time of '2025-09-04T10:49:38.2957768Z' while content on disk has modification time of '2025-09-04T10:50:07.7020841Z'
  ERROR: Build asset version error: assets/scripts/circlelinegenerator.cs in SourceAssetDB has modification time of '2025-09-04T10:49:38.2957768Z' while content on disk has modification time of '2025-09-04T10:50:07.7020841Z'
Number of updated asset objects reloaded before import = 0Number of asset objects unloaded after import = 0

========================================================================
Received Import Request.
  Time since last request: 0.020209 seconds.
  path: Assets/Scripts/CircleLineGenerator.cs
  artifactKey: Guid(1a0d45d072749bd4db55e305e44ed191) Importer(815301076,1909f56bfc062723c751e8b465ee728b)
Start importing Assets/Scripts/CircleLineGenerator.cs using Guid(1a0d45d072749bd4db55e305e44ed191) Importer(815301076,1909f56bfc062723c751e8b465ee728b) (PreviewImporter) -> (artifact id: '00000000000000000000000000000000') in 0.0010467 seconds
Import Error Code:(4)
Message: Build asset version error: assets/scripts/circlelinegenerator.cs in SourceAssetDB has modification time of '2025-09-04T10:49:38.2957768Z' while content on disk has modification time of '2025-09-04T10:50:07.7020841Z'
  ERROR: Build asset version error: assets/scripts/circlelinegenerator.cs in SourceAssetDB has modification time of '2025-09-04T10:49:38.2957768Z' while content on disk has modification time of '2025-09-04T10:50:07.7020841Z'
Number of updated asset objects reloaded before import = 0Number of asset objects unloaded after import = 0

========================================================================
Received Import Request.
  Time since last request: 0.016761 seconds.
  path: Assets/Scripts/CircleLineGenerator.cs
  artifactKey: Guid(1a0d45d072749bd4db55e305e44ed191) Importer(815301076,1909f56bfc062723c751e8b465ee728b)
Start importing Assets/Scripts/CircleLineGenerator.cs using Guid(1a0d45d072749bd4db55e305e44ed191) Importer(815301076,1909f56bfc062723c751e8b465ee728b) (PreviewImporter) -> (artifact id: '00000000000000000000000000000000') in 0.0008415 seconds
Import Error Code:(4)
Message: Build asset version error: assets/scripts/circlelinegenerator.cs in SourceAssetDB has modification time of '2025-09-04T10:49:38.2957768Z' while content on disk has modification time of '2025-09-04T10:50:07.7020841Z'
  ERROR: Build asset version error: assets/scripts/circlelinegenerator.cs in SourceAssetDB has modification time of '2025-09-04T10:49:38.2957768Z' while content on disk has modification time of '2025-09-04T10:50:07.7020841Z'
Number of updated asset objects reloaded before import = 0Number of asset objects unloaded after import = 0

========================================================================
Received Import Request.
  Time since last request: 0.009546 seconds.
  path: Assets/Scripts/CircleLineGenerator.cs
  artifactKey: Guid(1a0d45d072749bd4db55e305e44ed191) Importer(815301076,1909f56bfc062723c751e8b465ee728b)
Start importing Assets/Scripts/CircleLineGenerator.cs using Guid(1a0d45d072749bd4db55e305e44ed191) Importer(815301076,1909f56bfc062723c751e8b465ee728b) (PreviewImporter) -> (artifact id: '00000000000000000000000000000000') in 0.000616 seconds
Import Error Code:(4)
Message: Build asset version error: assets/scripts/circlelinegenerator.cs in SourceAssetDB has modification time of '2025-09-04T10:49:38.2957768Z' while content on disk has modification time of '2025-09-04T10:50:07.7020841Z'
  ERROR: Build asset version error: assets/scripts/circlelinegenerator.cs in SourceAssetDB has modification time of '2025-09-04T10:49:38.2957768Z' while content on disk has modification time of '2025-09-04T10:50:07.7020841Z'
Number of updated asset objects reloaded before import = 0Number of asset objects unloaded after import = 0

========================================================================
Received Import Request.
  Time since last request: 0.000529 seconds.
  path: Assets/Scripts/CircleLineGenerator.cs
  artifactKey: Guid(1a0d45d072749bd4db55e305e44ed191) Importer(815301076,1909f56bfc062723c751e8b465ee728b)
Start importing Assets/Scripts/CircleLineGenerator.cs using Guid(1a0d45d072749bd4db55e305e44ed191) Importer(815301076,1909f56bfc062723c751e8b465ee728b) (PreviewImporter) -> (artifact id: '00000000000000000000000000000000') in 0.0009253 seconds
Import Error Code:(4)
Message: Build asset version error: assets/scripts/circlelinegenerator.cs in SourceAssetDB has modification time of '2025-09-04T10:49:38.2957768Z' while content on disk has modification time of '2025-09-04T10:50:07.7020841Z'
  ERROR: Build asset version error: assets/scripts/circlelinegenerator.cs in SourceAssetDB has modification time of '2025-09-04T10:49:38.2957768Z' while content on disk has modification time of '2025-09-04T10:50:07.7020841Z'
Number of updated asset objects reloaded before import = 0Number of asset objects unloaded after import = 0

========================================================================
Received Import Request.
  Time since last request: 0.000030 seconds.
  path: Assets/Scripts/CircleLineGenerator.cs
  artifactKey: Guid(1a0d45d072749bd4db55e305e44ed191) Importer(815301076,1909f56bfc062723c751e8b465ee728b)
Start importing Assets/Scripts/CircleLineGenerator.cs using Guid(1a0d45d072749bd4db55e305e44ed191) Importer(815301076,1909f56bfc062723c751e8b465ee728b) (PreviewImporter) -> (artifact id: '00000000000000000000000000000000') in 0.0009394 seconds
Import Error Code:(4)
Message: Build asset version error: assets/scripts/circlelinegenerator.cs in SourceAssetDB has modification time of '2025-09-04T10:49:38.2957768Z' while content on disk has modification time of '2025-09-04T10:50:07.7020841Z'
  ERROR: Build asset version error: assets/scripts/circlelinegenerator.cs in SourceAssetDB has modification time of '2025-09-04T10:49:38.2957768Z' while content on disk has modification time of '2025-09-04T10:50:07.7020841Z'
Number of updated asset objects reloaded before import = 0Number of asset objects unloaded after import = 0

========================================================================
Received Import Request.
  Time since last request: 0.000035 seconds.
  path: Assets/Scripts/CircleLineGenerator.cs
  artifactKey: Guid(1a0d45d072749bd4db55e305e44ed191) Importer(815301076,1909f56bfc062723c751e8b465ee728b)
Start importing Assets/Scripts/CircleLineGenerator.cs using Guid(1a0d45d072749bd4db55e305e44ed191) Importer(815301076,1909f56bfc062723c751e8b465ee728b) (PreviewImporter) -> (artifact id: '00000000000000000000000000000000') in 0.0007369 seconds
Import Error Code:(4)
Message: Build asset version error: assets/scripts/circlelinegenerator.cs in SourceAssetDB has modification time of '2025-09-04T10:49:38.2957768Z' while content on disk has modification time of '2025-09-04T10:50:07.7020841Z'
  ERROR: Build asset version error: assets/scripts/circlelinegenerator.cs in SourceAssetDB has modification time of '2025-09-04T10:49:38.2957768Z' while content on disk has modification time of '2025-09-04T10:50:07.7020841Z'
Number of updated asset objects reloaded before import = 0Number of asset objects unloaded after import = 0

========================================================================
Received Import Request.
  Time since last request: 0.011322 seconds.
  path: Assets/Scripts/CircleLineGenerator.cs
  artifactKey: Guid(1a0d45d072749bd4db55e305e44ed191) Importer(815301076,1909f56bfc062723c751e8b465ee728b)
Start importing Assets/Scripts/CircleLineGenerator.cs using Guid(1a0d45d072749bd4db55e305e44ed191) Importer(815301076,1909f56bfc062723c751e8b465ee728b) (PreviewImporter) -> (artifact id: '00000000000000000000000000000000') in 0.0005915 seconds
Import Error Code:(4)
Message: Build asset version error: assets/scripts/circlelinegenerator.cs in SourceAssetDB has modification time of '2025-09-04T10:49:38.2957768Z' while content on disk has modification time of '2025-09-04T10:50:07.7020841Z'
  ERROR: Build asset version error: assets/scripts/circlelinegenerator.cs in SourceAssetDB has modification time of '2025-09-04T10:49:38.2957768Z' while content on disk has modification time of '2025-09-04T10:50:07.7020841Z'
Number of updated asset objects reloaded before import = 0Number of asset objects unloaded after import = 0

========================================================================
Received Import Request.
  Time since last request: 0.005878 seconds.
  path: Assets/Scripts/CircleLineGenerator.cs
  artifactKey: Guid(1a0d45d072749bd4db55e305e44ed191) Importer(815301076,1909f56bfc062723c751e8b465ee728b)
Start importing Assets/Scripts/CircleLineGenerator.cs using Guid(1a0d45d072749bd4db55e305e44ed191) Importer(815301076,1909f56bfc062723c751e8b465ee728b) (PreviewImporter) -> (artifact id: '00000000000000000000000000000000') in 0.0006416 seconds
Import Error Code:(4)
Message: Build asset version error: assets/scripts/circlelinegenerator.cs in SourceAssetDB has modification time of '2025-09-04T10:49:38.2957768Z' while content on disk has modification time of '2025-09-04T10:50:07.7020841Z'
  ERROR: Build asset version error: assets/scripts/circlelinegenerator.cs in SourceAssetDB has modification time of '2025-09-04T10:49:38.2957768Z' while content on disk has modification time of '2025-09-04T10:50:07.7020841Z'
Number of updated asset objects reloaded before import = 0Number of asset objects unloaded after import = 0

========================================================================
Received Import Request.
  Time since last request: 0.032646 seconds.
  path: Assets/Scripts/CircleLineGenerator.cs
  artifactKey: Guid(1a0d45d072749bd4db55e305e44ed191) Importer(815301076,1909f56bfc062723c751e8b465ee728b)
Start importing Assets/Scripts/CircleLineGenerator.cs using Guid(1a0d45d072749bd4db55e305e44ed191) Importer(815301076,1909f56bfc062723c751e8b465ee728b) (PreviewImporter) -> (artifact id: '00000000000000000000000000000000') in 0.0006369 seconds
Import Error Code:(4)
Message: Build asset version error: assets/scripts/circlelinegenerator.cs in SourceAssetDB has modification time of '2025-09-04T10:49:38.2957768Z' while content on disk has modification time of '2025-09-04T10:50:07.7020841Z'
  ERROR: Build asset version error: assets/scripts/circlelinegenerator.cs in SourceAssetDB has modification time of '2025-09-04T10:49:38.2957768Z' while content on disk has modification time of '2025-09-04T10:50:07.7020841Z'
Number of updated asset objects reloaded before import = 0Number of asset objects unloaded after import = 0

========================================================================
Received Import Request.
  Time since last request: 0.022719 seconds.
  path: Assets/Scripts/CircleLineGenerator.cs
  artifactKey: Guid(1a0d45d072749bd4db55e305e44ed191) Importer(815301076,1909f56bfc062723c751e8b465ee728b)
Start importing Assets/Scripts/CircleLineGenerator.cs using Guid(1a0d45d072749bd4db55e305e44ed191) Importer(815301076,1909f56bfc062723c751e8b465ee728b) (PreviewImporter) -> (artifact id: '00000000000000000000000000000000') in 0.000581 seconds
Import Error Code:(4)
Message: Build asset version error: assets/scripts/circlelinegenerator.cs in SourceAssetDB has modification time of '2025-09-04T10:49:38.2957768Z' while content on disk has modification time of '2025-09-04T10:50:07.7020841Z'
  ERROR: Build asset version error: assets/scripts/circlelinegenerator.cs in SourceAssetDB has modification time of '2025-09-04T10:49:38.2957768Z' while content on disk has modification time of '2025-09-04T10:50:07.7020841Z'
Number of updated asset objects reloaded before import = 0Number of asset objects unloaded after import = 0

========================================================================
Received Import Request.
  Time since last request: 0.037710 seconds.
  path: Assets/Scripts/CircleLineGenerator.cs
  artifactKey: Guid(1a0d45d072749bd4db55e305e44ed191) Importer(815301076,1909f56bfc062723c751e8b465ee728b)
Start importing Assets/Scripts/CircleLineGenerator.cs using Guid(1a0d45d072749bd4db55e305e44ed191) Importer(815301076,1909f56bfc062723c751e8b465ee728b) (PreviewImporter) -> (artifact id: '00000000000000000000000000000000') in 0.000609 seconds
Import Error Code:(4)
Message: Build asset version error: assets/scripts/circlelinegenerator.cs in SourceAssetDB has modification time of '2025-09-04T10:49:38.2957768Z' while content on disk has modification time of '2025-09-04T10:50:07.7020841Z'
  ERROR: Build asset version error: assets/scripts/circlelinegenerator.cs in SourceAssetDB has modification time of '2025-09-04T10:49:38.2957768Z' while content on disk has modification time of '2025-09-04T10:50:07.7020841Z'
Number of updated asset objects reloaded before import = 0Number of asset objects unloaded after import = 0

========================================================================
Received Import Request.
  Time since last request: 0.038409 seconds.
  path: Assets/Scripts/CircleLineGenerator.cs
  artifactKey: Guid(1a0d45d072749bd4db55e305e44ed191) Importer(815301076,1909f56bfc062723c751e8b465ee728b)
Start importing Assets/Scripts/CircleLineGenerator.cs using Guid(1a0d45d072749bd4db55e305e44ed191) Importer(815301076,1909f56bfc062723c751e8b465ee728b) (PreviewImporter) -> (artifact id: '00000000000000000000000000000000') in 0.0005927 seconds
Import Error Code:(4)
Message: Build asset version error: assets/scripts/circlelinegenerator.cs in SourceAssetDB has modification time of '2025-09-04T10:49:38.2957768Z' while content on disk has modification time of '2025-09-04T10:50:07.7020841Z'
  ERROR: Build asset version error: assets/scripts/circlelinegenerator.cs in SourceAssetDB has modification time of '2025-09-04T10:49:38.2957768Z' while content on disk has modification time of '2025-09-04T10:50:07.7020841Z'
Number of updated asset objects reloaded before import = 0Number of asset objects unloaded after import = 0

========================================================================
Received Import Request.
  Time since last request: 0.035717 seconds.
  path: Assets/Scripts/CircleLineGenerator.cs
  artifactKey: Guid(1a0d45d072749bd4db55e305e44ed191) Importer(815301076,1909f56bfc062723c751e8b465ee728b)
Start importing Assets/Scripts/CircleLineGenerator.cs using Guid(1a0d45d072749bd4db55e305e44ed191) Importer(815301076,1909f56bfc062723c751e8b465ee728b) (PreviewImporter) -> (artifact id: '00000000000000000000000000000000') in 0.0005983 seconds
Import Error Code:(4)
Message: Build asset version error: assets/scripts/circlelinegenerator.cs in SourceAssetDB has modification time of '2025-09-04T10:49:38.2957768Z' while content on disk has modification time of '2025-09-04T10:50:07.7020841Z'
  ERROR: Build asset version error: assets/scripts/circlelinegenerator.cs in SourceAssetDB has modification time of '2025-09-04T10:49:38.2957768Z' while content on disk has modification time of '2025-09-04T10:50:07.7020841Z'
Number of updated asset objects reloaded before import = 0Number of asset objects unloaded after import = 0

========================================================================
Received Import Request.
  Time since last request: 0.039297 seconds.
  path: Assets/Scripts/CircleLineGenerator.cs
  artifactKey: Guid(1a0d45d072749bd4db55e305e44ed191) Importer(815301076,1909f56bfc062723c751e8b465ee728b)
Start importing Assets/Scripts/CircleLineGenerator.cs using Guid(1a0d45d072749bd4db55e305e44ed191) Importer(815301076,1909f56bfc062723c751e8b465ee728b) (PreviewImporter) -> (artifact id: '00000000000000000000000000000000') in 0.000628 seconds
Import Error Code:(4)
Message: Build asset version error: assets/scripts/circlelinegenerator.cs in SourceAssetDB has modification time of '2025-09-04T10:49:38.2957768Z' while content on disk has modification time of '2025-09-04T10:50:07.7020841Z'
  ERROR: Build asset version error: assets/scripts/circlelinegenerator.cs in SourceAssetDB has modification time of '2025-09-04T10:49:38.2957768Z' while content on disk has modification time of '2025-09-04T10:50:07.7020841Z'
Number of updated asset objects reloaded before import = 0Number of asset objects unloaded after import = 0

========================================================================
Received Import Request.
  Time since last request: 0.035946 seconds.
  path: Assets/Scripts/CircleLineGenerator.cs
  artifactKey: Guid(1a0d45d072749bd4db55e305e44ed191) Importer(815301076,1909f56bfc062723c751e8b465ee728b)
Start importing Assets/Scripts/CircleLineGenerator.cs using Guid(1a0d45d072749bd4db55e305e44ed191) Importer(815301076,1909f56bfc062723c751e8b465ee728b) (PreviewImporter) -> (artifact id: '00000000000000000000000000000000') in 0.0006091 seconds
Import Error Code:(4)
Message: Build asset version error: assets/scripts/circlelinegenerator.cs in SourceAssetDB has modification time of '2025-09-04T10:49:38.2957768Z' while content on disk has modification time of '2025-09-04T10:50:07.7020841Z'
  ERROR: Build asset version error: assets/scripts/circlelinegenerator.cs in SourceAssetDB has modification time of '2025-09-04T10:49:38.2957768Z' while content on disk has modification time of '2025-09-04T10:50:07.7020841Z'
Number of updated asset objects reloaded before import = 0Number of asset objects unloaded after import = 0

========================================================================
Received Import Request.
  Time since last request: 0.039158 seconds.
  path: Assets/Scripts/CircleLineGenerator.cs
  artifactKey: Guid(1a0d45d072749bd4db55e305e44ed191) Importer(815301076,1909f56bfc062723c751e8b465ee728b)
Start importing Assets/Scripts/CircleLineGenerator.cs using Guid(1a0d45d072749bd4db55e305e44ed191) Importer(815301076,1909f56bfc062723c751e8b465ee728b) (PreviewImporter) -> (artifact id: '00000000000000000000000000000000') in 0.0006787 seconds
Import Error Code:(4)
Message: Build asset version error: assets/scripts/circlelinegenerator.cs in SourceAssetDB has modification time of '2025-09-04T10:49:38.2957768Z' while content on disk has modification time of '2025-09-04T10:50:07.7020841Z'
  ERROR: Build asset version error: assets/scripts/circlelinegenerator.cs in SourceAssetDB has modification time of '2025-09-04T10:49:38.2957768Z' while content on disk has modification time of '2025-09-04T10:50:07.7020841Z'
Number of updated asset objects reloaded before import = 0Number of asset objects unloaded after import = 0

========================================================================
Received Import Request.
  Time since last request: 0.041236 seconds.
  path: Assets/Scripts/CircleLineGenerator.cs
  artifactKey: Guid(1a0d45d072749bd4db55e305e44ed191) Importer(815301076,1909f56bfc062723c751e8b465ee728b)
Start importing Assets/Scripts/CircleLineGenerator.cs using Guid(1a0d45d072749bd4db55e305e44ed191) Importer(815301076,1909f56bfc062723c751e8b465ee728b) (PreviewImporter) -> (artifact id: '00000000000000000000000000000000') in 0.000657 seconds
Import Error Code:(4)
Message: Build asset version error: assets/scripts/circlelinegenerator.cs in SourceAssetDB has modification time of '2025-09-04T10:49:38.2957768Z' while content on disk has modification time of '2025-09-04T10:50:07.7020841Z'
  ERROR: Build asset version error: assets/scripts/circlelinegenerator.cs in SourceAssetDB has modification time of '2025-09-04T10:49:38.2957768Z' while content on disk has modification time of '2025-09-04T10:50:07.7020841Z'
Number of updated asset objects reloaded before import = 0Number of asset objects unloaded after import = 0

========================================================================
Received Import Request.
  Time since last request: 0.032806 seconds.
  path: Assets/Scripts/CircleLineGenerator.cs
  artifactKey: Guid(1a0d45d072749bd4db55e305e44ed191) Importer(815301076,1909f56bfc062723c751e8b465ee728b)
Start importing Assets/Scripts/CircleLineGenerator.cs using Guid(1a0d45d072749bd4db55e305e44ed191) Importer(815301076,1909f56bfc062723c751e8b465ee728b) (PreviewImporter) -> (artifact id: '00000000000000000000000000000000') in 0.0006302 seconds
Import Error Code:(4)
Message: Build asset version error: assets/scripts/circlelinegenerator.cs in SourceAssetDB has modification time of '2025-09-04T10:49:38.2957768Z' while content on disk has modification time of '2025-09-04T10:50:07.7020841Z'
  ERROR: Build asset version error: assets/scripts/circlelinegenerator.cs in SourceAssetDB has modification time of '2025-09-04T10:49:38.2957768Z' while content on disk has modification time of '2025-09-04T10:50:07.7020841Z'
Number of updated asset objects reloaded before import = 0Number of asset objects unloaded after import = 0

========================================================================
Received Import Request.
  Time since last request: 0.034867 seconds.
  path: Assets/Scripts/CircleLineGenerator.cs
  artifactKey: Guid(1a0d45d072749bd4db55e305e44ed191) Importer(815301076,1909f56bfc062723c751e8b465ee728b)
Start importing Assets/Scripts/CircleLineGenerator.cs using Guid(1a0d45d072749bd4db55e305e44ed191) Importer(815301076,1909f56bfc062723c751e8b465ee728b) (PreviewImporter) -> (artifact id: '00000000000000000000000000000000') in 0.0005743 seconds
Import Error Code:(4)
Message: Build asset version error: assets/scripts/circlelinegenerator.cs in SourceAssetDB has modification time of '2025-09-04T10:49:38.2957768Z' while content on disk has modification time of '2025-09-04T10:50:07.7020841Z'
  ERROR: Build asset version error: assets/scripts/circlelinegenerator.cs in SourceAssetDB has modification time of '2025-09-04T10:49:38.2957768Z' while content on disk has modification time of '2025-09-04T10:50:07.7020841Z'
Number of updated asset objects reloaded before import = 0Number of asset objects unloaded after import = 0

========================================================================
Received Import Request.
  Time since last request: 0.045363 seconds.
  path: Assets/Scripts/CircleLineGenerator.cs
  artifactKey: Guid(1a0d45d072749bd4db55e305e44ed191) Importer(815301076,1909f56bfc062723c751e8b465ee728b)
Start importing Assets/Scripts/CircleLineGenerator.cs using Guid(1a0d45d072749bd4db55e305e44ed191) Importer(815301076,1909f56bfc062723c751e8b465ee728b) (PreviewImporter) -> (artifact id: '00000000000000000000000000000000') in 0.0005983 seconds
Import Error Code:(4)
Message: Build asset version error: assets/scripts/circlelinegenerator.cs in SourceAssetDB has modification time of '2025-09-04T10:49:38.2957768Z' while content on disk has modification time of '2025-09-04T10:50:07.7020841Z'
  ERROR: Build asset version error: assets/scripts/circlelinegenerator.cs in SourceAssetDB has modification time of '2025-09-04T10:49:38.2957768Z' while content on disk has modification time of '2025-09-04T10:50:07.7020841Z'
Number of updated asset objects reloaded before import = 0Number of asset objects unloaded after import = 0

========================================================================
Received Import Request.
  Time since last request: 0.036825 seconds.
  path: Assets/Scripts/CircleLineGenerator.cs
  artifactKey: Guid(1a0d45d072749bd4db55e305e44ed191) Importer(815301076,1909f56bfc062723c751e8b465ee728b)
Start importing Assets/Scripts/CircleLineGenerator.cs using Guid(1a0d45d072749bd4db55e305e44ed191) Importer(815301076,1909f56bfc062723c751e8b465ee728b) (PreviewImporter) -> (artifact id: '00000000000000000000000000000000') in 0.000617 seconds
Import Error Code:(4)
Message: Build asset version error: assets/scripts/circlelinegenerator.cs in SourceAssetDB has modification time of '2025-09-04T10:49:38.2957768Z' while content on disk has modification time of '2025-09-04T10:50:07.7020841Z'
  ERROR: Build asset version error: assets/scripts/circlelinegenerator.cs in SourceAssetDB has modification time of '2025-09-04T10:49:38.2957768Z' while content on disk has modification time of '2025-09-04T10:50:07.7020841Z'
Number of updated asset objects reloaded before import = 0Number of asset objects unloaded after import = 0

========================================================================
Received Import Request.
  Time since last request: 0.035261 seconds.
  path: Assets/Scripts/CircleLineGenerator.cs
  artifactKey: Guid(1a0d45d072749bd4db55e305e44ed191) Importer(815301076,1909f56bfc062723c751e8b465ee728b)
Start importing Assets/Scripts/CircleLineGenerator.cs using Guid(1a0d45d072749bd4db55e305e44ed191) Importer(815301076,1909f56bfc062723c751e8b465ee728b) (PreviewImporter) -> (artifact id: '00000000000000000000000000000000') in 0.0007701 seconds
Import Error Code:(4)
Message: Build asset version error: assets/scripts/circlelinegenerator.cs in SourceAssetDB has modification time of '2025-09-04T10:49:38.2957768Z' while content on disk has modification time of '2025-09-04T10:50:07.7020841Z'
  ERROR: Build asset version error: assets/scripts/circlelinegenerator.cs in SourceAssetDB has modification time of '2025-09-04T10:49:38.2957768Z' while content on disk has modification time of '2025-09-04T10:50:07.7020841Z'
Number of updated asset objects reloaded before import = 0Number of asset objects unloaded after import = 0

========================================================================
Received Import Request.
  Time since last request: 0.030976 seconds.
  path: Assets/Scripts/CircleLineGenerator.cs
  artifactKey: Guid(1a0d45d072749bd4db55e305e44ed191) Importer(815301076,1909f56bfc062723c751e8b465ee728b)
Start importing Assets/Scripts/CircleLineGenerator.cs using Guid(1a0d45d072749bd4db55e305e44ed191) Importer(815301076,1909f56bfc062723c751e8b465ee728b) (PreviewImporter) -> (artifact id: '00000000000000000000000000000000') in 0.0011107 seconds
Import Error Code:(4)
Message: Build asset version error: assets/scripts/circlelinegenerator.cs in SourceAssetDB has modification time of '2025-09-04T10:49:38.2957768Z' while content on disk has modification time of '2025-09-04T10:50:07.7020841Z'
  ERROR: Build asset version error: assets/scripts/circlelinegenerator.cs in SourceAssetDB has modification time of '2025-09-04T10:49:38.2957768Z' while content on disk has modification time of '2025-09-04T10:50:07.7020841Z'
Number of updated asset objects reloaded before import = 0Number of asset objects unloaded after import = 0

========================================================================
Received Import Request.
  Time since last request: 0.021251 seconds.
  path: Assets/Scripts/CircleLineGenerator.cs
  artifactKey: Guid(1a0d45d072749bd4db55e305e44ed191) Importer(815301076,1909f56bfc062723c751e8b465ee728b)
Start importing Assets/Scripts/CircleLineGenerator.cs using Guid(1a0d45d072749bd4db55e305e44ed191) Importer(815301076,1909f56bfc062723c751e8b465ee728b) (PreviewImporter) -> (artifact id: '00000000000000000000000000000000') in 0.0006138 seconds
Import Error Code:(4)
Message: Build asset version error: assets/scripts/circlelinegenerator.cs in SourceAssetDB has modification time of '2025-09-04T10:49:38.2957768Z' while content on disk has modification time of '2025-09-04T10:50:07.7020841Z'
  ERROR: Build asset version error: assets/scripts/circlelinegenerator.cs in SourceAssetDB has modification time of '2025-09-04T10:49:38.2957768Z' while content on disk has modification time of '2025-09-04T10:50:07.7020841Z'
Number of updated asset objects reloaded before import = 0Number of asset objects unloaded after import = 0

========================================================================
Received Import Request.
  Time since last request: 0.025544 seconds.
  path: Assets/Scripts/CircleLineGenerator.cs
  artifactKey: Guid(1a0d45d072749bd4db55e305e44ed191) Importer(815301076,1909f56bfc062723c751e8b465ee728b)
Start importing Assets/Scripts/CircleLineGenerator.cs using Guid(1a0d45d072749bd4db55e305e44ed191) Importer(815301076,1909f56bfc062723c751e8b465ee728b) (PreviewImporter) -> (artifact id: '00000000000000000000000000000000') in 0.0006014 seconds
Import Error Code:(4)
Message: Build asset version error: assets/scripts/circlelinegenerator.cs in SourceAssetDB has modification time of '2025-09-04T10:49:38.2957768Z' while content on disk has modification time of '2025-09-04T10:50:07.7020841Z'
  ERROR: Build asset version error: assets/scripts/circlelinegenerator.cs in SourceAssetDB has modification time of '2025-09-04T10:49:38.2957768Z' while content on disk has modification time of '2025-09-04T10:50:07.7020841Z'
Number of updated asset objects reloaded before import = 0Number of asset objects unloaded after import = 0

========================================================================
Received Import Request.
  Time since last request: 0.024216 seconds.
  path: Assets/Scripts/CircleLineGenerator.cs
  artifactKey: Guid(1a0d45d072749bd4db55e305e44ed191) Importer(815301076,1909f56bfc062723c751e8b465ee728b)
Start importing Assets/Scripts/CircleLineGenerator.cs using Guid(1a0d45d072749bd4db55e305e44ed191) Importer(815301076,1909f56bfc062723c751e8b465ee728b) (PreviewImporter) -> (artifact id: '00000000000000000000000000000000') in 0.0008565 seconds
Import Error Code:(4)
Message: Build asset version error: assets/scripts/circlelinegenerator.cs in SourceAssetDB has modification time of '2025-09-04T10:49:38.2957768Z' while content on disk has modification time of '2025-09-04T10:50:07.7020841Z'
  ERROR: Build asset version error: assets/scripts/circlelinegenerator.cs in SourceAssetDB has modification time of '2025-09-04T10:49:38.2957768Z' while content on disk has modification time of '2025-09-04T10:50:07.7020841Z'
Number of updated asset objects reloaded before import = 0Number of asset objects unloaded after import = 0

========================================================================
Received Import Request.
  Time since last request: 0.030666 seconds.
  path: Assets/Scripts/CircleLineGenerator.cs
  artifactKey: Guid(1a0d45d072749bd4db55e305e44ed191) Importer(815301076,1909f56bfc062723c751e8b465ee728b)
Start importing Assets/Scripts/CircleLineGenerator.cs using Guid(1a0d45d072749bd4db55e305e44ed191) Importer(815301076,1909f56bfc062723c751e8b465ee728b) (PreviewImporter) -> (artifact id: '00000000000000000000000000000000') in 0.0006813 seconds
Import Error Code:(4)
Message: Build asset version error: assets/scripts/circlelinegenerator.cs in SourceAssetDB has modification time of '2025-09-04T10:49:38.2957768Z' while content on disk has modification time of '2025-09-04T10:50:07.7020841Z'
  ERROR: Build asset version error: assets/scripts/circlelinegenerator.cs in SourceAssetDB has modification time of '2025-09-04T10:49:38.2957768Z' while content on disk has modification time of '2025-09-04T10:50:07.7020841Z'
Number of updated asset objects reloaded before import = 0Number of asset objects unloaded after import = 0

========================================================================
Received Import Request.
  Time since last request: 0.018821 seconds.
  path: Assets/Scripts/CircleLineGenerator.cs
  artifactKey: Guid(1a0d45d072749bd4db55e305e44ed191) Importer(815301076,1909f56bfc062723c751e8b465ee728b)
Start importing Assets/Scripts/CircleLineGenerator.cs using Guid(1a0d45d072749bd4db55e305e44ed191) Importer(815301076,1909f56bfc062723c751e8b465ee728b) (PreviewImporter) -> (artifact id: '00000000000000000000000000000000') in 0.0006036 seconds
Import Error Code:(4)
Message: Build asset version error: assets/scripts/circlelinegenerator.cs in SourceAssetDB has modification time of '2025-09-04T10:49:38.2957768Z' while content on disk has modification time of '2025-09-04T10:50:07.7020841Z'
  ERROR: Build asset version error: assets/scripts/circlelinegenerator.cs in SourceAssetDB has modification time of '2025-09-04T10:49:38.2957768Z' while content on disk has modification time of '2025-09-04T10:50:07.7020841Z'
Number of updated asset objects reloaded before import = 0Number of asset objects unloaded after import = 0

========================================================================
Received Import Request.
  Time since last request: 0.036645 seconds.
  path: Assets/Scripts/CircleLineGenerator.cs
  artifactKey: Guid(1a0d45d072749bd4db55e305e44ed191) Importer(815301076,1909f56bfc062723c751e8b465ee728b)
Start importing Assets/Scripts/CircleLineGenerator.cs using Guid(1a0d45d072749bd4db55e305e44ed191) Importer(815301076,1909f56bfc062723c751e8b465ee728b) (PreviewImporter) -> (artifact id: '00000000000000000000000000000000') in 0.0006371 seconds
Import Error Code:(4)
Message: Build asset version error: assets/scripts/circlelinegenerator.cs in SourceAssetDB has modification time of '2025-09-04T10:49:38.2957768Z' while content on disk has modification time of '2025-09-04T10:50:07.7020841Z'
  ERROR: Build asset version error: assets/scripts/circlelinegenerator.cs in SourceAssetDB has modification time of '2025-09-04T10:49:38.2957768Z' while content on disk has modification time of '2025-09-04T10:50:07.7020841Z'
Number of updated asset objects reloaded before import = 0Number of asset objects unloaded after import = 0

========================================================================
Received Import Request.
  Time since last request: 0.037398 seconds.
  path: Assets/Scripts/CircleLineGenerator.cs
  artifactKey: Guid(1a0d45d072749bd4db55e305e44ed191) Importer(815301076,1909f56bfc062723c751e8b465ee728b)
Start importing Assets/Scripts/CircleLineGenerator.cs using Guid(1a0d45d072749bd4db55e305e44ed191) Importer(815301076,1909f56bfc062723c751e8b465ee728b) (PreviewImporter) -> (artifact id: '00000000000000000000000000000000') in 0.0007258 seconds
Import Error Code:(4)
Message: Build asset version error: assets/scripts/circlelinegenerator.cs in SourceAssetDB has modification time of '2025-09-04T10:49:38.2957768Z' while content on disk has modification time of '2025-09-04T10:50:07.7020841Z'
  ERROR: Build asset version error: assets/scripts/circlelinegenerator.cs in SourceAssetDB has modification time of '2025-09-04T10:49:38.2957768Z' while content on disk has modification time of '2025-09-04T10:50:07.7020841Z'
Number of updated asset objects reloaded before import = 0Number of asset objects unloaded after import = 0

========================================================================
Received Import Request.
  Time since last request: 0.027860 seconds.
  path: Assets/Scripts/CircleLineGenerator.cs
  artifactKey: Guid(1a0d45d072749bd4db55e305e44ed191) Importer(815301076,1909f56bfc062723c751e8b465ee728b)
Start importing Assets/Scripts/CircleLineGenerator.cs using Guid(1a0d45d072749bd4db55e305e44ed191) Importer(815301076,1909f56bfc062723c751e8b465ee728b) (PreviewImporter) -> (artifact id: '00000000000000000000000000000000') in 0.0007775 seconds
Import Error Code:(4)
Message: Build asset version error: assets/scripts/circlelinegenerator.cs in SourceAssetDB has modification time of '2025-09-04T10:49:38.2957768Z' while content on disk has modification time of '2025-09-04T10:50:07.7020841Z'
  ERROR: Build asset version error: assets/scripts/circlelinegenerator.cs in SourceAssetDB has modification time of '2025-09-04T10:49:38.2957768Z' while content on disk has modification time of '2025-09-04T10:50:07.7020841Z'
Number of updated asset objects reloaded before import = 0Number of asset objects unloaded after import = 0

========================================================================
Received Import Request.
  Time since last request: 0.029012 seconds.
  path: Assets/Scripts/CircleLineGenerator.cs
  artifactKey: Guid(1a0d45d072749bd4db55e305e44ed191) Importer(815301076,1909f56bfc062723c751e8b465ee728b)
Start importing Assets/Scripts/CircleLineGenerator.cs using Guid(1a0d45d072749bd4db55e305e44ed191) Importer(815301076,1909f56bfc062723c751e8b465ee728b) (PreviewImporter) -> (artifact id: '00000000000000000000000000000000') in 0.0006239 seconds
Import Error Code:(4)
Message: Build asset version error: assets/scripts/circlelinegenerator.cs in SourceAssetDB has modification time of '2025-09-04T10:49:38.2957768Z' while content on disk has modification time of '2025-09-04T10:50:07.7020841Z'
  ERROR: Build asset version error: assets/scripts/circlelinegenerator.cs in SourceAssetDB has modification time of '2025-09-04T10:49:38.2957768Z' while content on disk has modification time of '2025-09-04T10:50:07.7020841Z'
Number of updated asset objects reloaded before import = 0Number of asset objects unloaded after import = 0

========================================================================
Received Import Request.
  Time since last request: 0.035395 seconds.
  path: Assets/Scripts/CircleLineGenerator.cs
  artifactKey: Guid(1a0d45d072749bd4db55e305e44ed191) Importer(815301076,1909f56bfc062723c751e8b465ee728b)
Start importing Assets/Scripts/CircleLineGenerator.cs using Guid(1a0d45d072749bd4db55e305e44ed191) Importer(815301076,1909f56bfc062723c751e8b465ee728b) (PreviewImporter) -> (artifact id: '00000000000000000000000000000000') in 0.0009778 seconds
Import Error Code:(4)
Message: Build asset version error: assets/scripts/circlelinegenerator.cs in SourceAssetDB has modification time of '2025-09-04T10:49:38.2957768Z' while content on disk has modification time of '2025-09-04T10:50:07.7020841Z'
  ERROR: Build asset version error: assets/scripts/circlelinegenerator.cs in SourceAssetDB has modification time of '2025-09-04T10:49:38.2957768Z' while content on disk has modification time of '2025-09-04T10:50:07.7020841Z'
Number of updated asset objects reloaded before import = 0Number of asset objects unloaded after import = 0

========================================================================
Received Import Request.
  Time since last request: 0.038986 seconds.
  path: Assets/Scripts/CircleLineGenerator.cs
  artifactKey: Guid(1a0d45d072749bd4db55e305e44ed191) Importer(815301076,1909f56bfc062723c751e8b465ee728b)
Start importing Assets/Scripts/CircleLineGenerator.cs using Guid(1a0d45d072749bd4db55e305e44ed191) Importer(815301076,1909f56bfc062723c751e8b465ee728b) (PreviewImporter) -> (artifact id: '00000000000000000000000000000000') in 0.0013164 seconds
Import Error Code:(4)
Message: Build asset version error: assets/scripts/circlelinegenerator.cs in SourceAssetDB has modification time of '2025-09-04T10:49:38.2957768Z' while content on disk has modification time of '2025-09-04T10:50:07.7020841Z'
  ERROR: Build asset version error: assets/scripts/circlelinegenerator.cs in SourceAssetDB has modification time of '2025-09-04T10:49:38.2957768Z' while content on disk has modification time of '2025-09-04T10:50:07.7020841Z'
Number of updated asset objects reloaded before import = 0Number of asset objects unloaded after import = 0

========================================================================
Received Import Request.
  Time since last request: 0.000021 seconds.
  path: Assets/Scripts/CircleLineGenerator.cs
  artifactKey: Guid(1a0d45d072749bd4db55e305e44ed191) Importer(815301076,1909f56bfc062723c751e8b465ee728b)
Start importing Assets/Scripts/CircleLineGenerator.cs using Guid(1a0d45d072749bd4db55e305e44ed191) Importer(815301076,1909f56bfc062723c751e8b465ee728b) (PreviewImporter) -> (artifact id: '00000000000000000000000000000000') in 0.0006198 seconds
Import Error Code:(4)
Message: Build asset version error: assets/scripts/circlelinegenerator.cs in SourceAssetDB has modification time of '2025-09-04T10:49:38.2957768Z' while content on disk has modification time of '2025-09-04T10:50:07.7020841Z'
  ERROR: Build asset version error: assets/scripts/circlelinegenerator.cs in SourceAssetDB has modification time of '2025-09-04T10:49:38.2957768Z' while content on disk has modification time of '2025-09-04T10:50:07.7020841Z'
Number of updated asset objects reloaded before import = 0Number of asset objects unloaded after import = 0

========================================================================
Received Import Request.
  Time since last request: 0.000023 seconds.
  path: Assets/Scripts/CircleLineGenerator.cs
  artifactKey: Guid(1a0d45d072749bd4db55e305e44ed191) Importer(815301076,1909f56bfc062723c751e8b465ee728b)
Start importing Assets/Scripts/CircleLineGenerator.cs using Guid(1a0d45d072749bd4db55e305e44ed191) Importer(815301076,1909f56bfc062723c751e8b465ee728b) (PreviewImporter) -> (artifact id: '00000000000000000000000000000000') in 0.0006205 seconds
Import Error Code:(4)
Message: Build asset version error: assets/scripts/circlelinegenerator.cs in SourceAssetDB has modification time of '2025-09-04T10:49:38.2957768Z' while content on disk has modification time of '2025-09-04T10:50:07.7020841Z'
  ERROR: Build asset version error: assets/scripts/circlelinegenerator.cs in SourceAssetDB has modification time of '2025-09-04T10:49:38.2957768Z' while content on disk has modification time of '2025-09-04T10:50:07.7020841Z'
Number of updated asset objects reloaded before import = 0Number of asset objects unloaded after import = 0

========================================================================
Received Import Request.
  Time since last request: 0.016494 seconds.
  path: Assets/Scripts/CircleLineGenerator.cs
  artifactKey: Guid(1a0d45d072749bd4db55e305e44ed191) Importer(815301076,1909f56bfc062723c751e8b465ee728b)
Start importing Assets/Scripts/CircleLineGenerator.cs using Guid(1a0d45d072749bd4db55e305e44ed191) Importer(815301076,1909f56bfc062723c751e8b465ee728b) (PreviewImporter) -> (artifact id: '00000000000000000000000000000000') in 0.0006399 seconds
Import Error Code:(4)
Message: Build asset version error: assets/scripts/circlelinegenerator.cs in SourceAssetDB has modification time of '2025-09-04T10:49:38.2957768Z' while content on disk has modification time of '2025-09-04T10:50:07.7020841Z'
  ERROR: Build asset version error: assets/scripts/circlelinegenerator.cs in SourceAssetDB has modification time of '2025-09-04T10:49:38.2957768Z' while content on disk has modification time of '2025-09-04T10:50:07.7020841Z'
Number of updated asset objects reloaded before import = 0Number of asset objects unloaded after import = 0

========================================================================
Received Import Request.
  Time since last request: 0.042243 seconds.
  path: Assets/Scripts/CircleLineGenerator.cs
  artifactKey: Guid(1a0d45d072749bd4db55e305e44ed191) Importer(815301076,1909f56bfc062723c751e8b465ee728b)
Start importing Assets/Scripts/CircleLineGenerator.cs using Guid(1a0d45d072749bd4db55e305e44ed191) Importer(815301076,1909f56bfc062723c751e8b465ee728b) (PreviewImporter) -> (artifact id: '00000000000000000000000000000000') in 0.0007084 seconds
Import Error Code:(4)
Message: Build asset version error: assets/scripts/circlelinegenerator.cs in SourceAssetDB has modification time of '2025-09-04T10:49:38.2957768Z' while content on disk has modification time of '2025-09-04T10:50:07.7020841Z'
  ERROR: Build asset version error: assets/scripts/circlelinegenerator.cs in SourceAssetDB has modification time of '2025-09-04T10:49:38.2957768Z' while content on disk has modification time of '2025-09-04T10:50:07.7020841Z'
Number of updated asset objects reloaded before import = 0Number of asset objects unloaded after import = 0

========================================================================
Received Import Request.
  Time since last request: 0.028794 seconds.
  path: Assets/Scripts/CircleLineGenerator.cs
  artifactKey: Guid(1a0d45d072749bd4db55e305e44ed191) Importer(815301076,1909f56bfc062723c751e8b465ee728b)
Start importing Assets/Scripts/CircleLineGenerator.cs using Guid(1a0d45d072749bd4db55e305e44ed191) Importer(815301076,1909f56bfc062723c751e8b465ee728b) (PreviewImporter) -> (artifact id: '00000000000000000000000000000000') in 0.0005774 seconds
Import Error Code:(4)
Message: Build asset version error: assets/scripts/circlelinegenerator.cs in SourceAssetDB has modification time of '2025-09-04T10:49:38.2957768Z' while content on disk has modification time of '2025-09-04T10:50:07.7020841Z'
  ERROR: Build asset version error: assets/scripts/circlelinegenerator.cs in SourceAssetDB has modification time of '2025-09-04T10:49:38.2957768Z' while content on disk has modification time of '2025-09-04T10:50:07.7020841Z'
Number of updated asset objects reloaded before import = 0Number of asset objects unloaded after import = 0

========================================================================
Received Import Request.
  Time since last request: 0.037534 seconds.
  path: Assets/Scripts/CircleLineGenerator.cs
  artifactKey: Guid(1a0d45d072749bd4db55e305e44ed191) Importer(815301076,1909f56bfc062723c751e8b465ee728b)
Start importing Assets/Scripts/CircleLineGenerator.cs using Guid(1a0d45d072749bd4db55e305e44ed191) Importer(815301076,1909f56bfc062723c751e8b465ee728b) (PreviewImporter) -> (artifact id: '00000000000000000000000000000000') in 0.0006486 seconds
Import Error Code:(4)
Message: Build asset version error: assets/scripts/circlelinegenerator.cs in SourceAssetDB has modification time of '2025-09-04T10:49:38.2957768Z' while content on disk has modification time of '2025-09-04T10:50:07.7020841Z'
  ERROR: Build asset version error: assets/scripts/circlelinegenerator.cs in SourceAssetDB has modification time of '2025-09-04T10:49:38.2957768Z' while content on disk has modification time of '2025-09-04T10:50:07.7020841Z'
Number of updated asset objects reloaded before import = 0Number of asset objects unloaded after import = 0

========================================================================
Received Import Request.
  Time since last request: 0.032792 seconds.
  path: Assets/Scripts/CircleLineGenerator.cs
  artifactKey: Guid(1a0d45d072749bd4db55e305e44ed191) Importer(815301076,1909f56bfc062723c751e8b465ee728b)
Start importing Assets/Scripts/CircleLineGenerator.cs using Guid(1a0d45d072749bd4db55e305e44ed191) Importer(815301076,1909f56bfc062723c751e8b465ee728b) (PreviewImporter) -> (artifact id: '00000000000000000000000000000000') in 0.0005814 seconds
Import Error Code:(4)
Message: Build asset version error: assets/scripts/circlelinegenerator.cs in SourceAssetDB has modification time of '2025-09-04T10:49:38.2957768Z' while content on disk has modification time of '2025-09-04T10:50:07.7020841Z'
  ERROR: Build asset version error: assets/scripts/circlelinegenerator.cs in SourceAssetDB has modification time of '2025-09-04T10:49:38.2957768Z' while content on disk has modification time of '2025-09-04T10:50:07.7020841Z'
Number of updated asset objects reloaded before import = 0Number of asset objects unloaded after import = 0

========================================================================
Received Import Request.
  Time since last request: 0.038950 seconds.
  path: Assets/Scripts/CircleLineGenerator.cs
  artifactKey: Guid(1a0d45d072749bd4db55e305e44ed191) Importer(815301076,1909f56bfc062723c751e8b465ee728b)
Start importing Assets/Scripts/CircleLineGenerator.cs using Guid(1a0d45d072749bd4db55e305e44ed191) Importer(815301076,1909f56bfc062723c751e8b465ee728b) (PreviewImporter) -> (artifact id: '00000000000000000000000000000000') in 0.0006496 seconds
Import Error Code:(4)
Message: Build asset version error: assets/scripts/circlelinegenerator.cs in SourceAssetDB has modification time of '2025-09-04T10:49:38.2957768Z' while content on disk has modification time of '2025-09-04T10:50:07.7020841Z'
  ERROR: Build asset version error: assets/scripts/circlelinegenerator.cs in SourceAssetDB has modification time of '2025-09-04T10:49:38.2957768Z' while content on disk has modification time of '2025-09-04T10:50:07.7020841Z'
Number of updated asset objects reloaded before import = 0Number of asset objects unloaded after import = 0

========================================================================
Received Import Request.
  Time since last request: 0.035370 seconds.
  path: Assets/Scripts/CircleLineGenerator.cs
  artifactKey: Guid(1a0d45d072749bd4db55e305e44ed191) Importer(815301076,1909f56bfc062723c751e8b465ee728b)
Start importing Assets/Scripts/CircleLineGenerator.cs using Guid(1a0d45d072749bd4db55e305e44ed191) Importer(815301076,1909f56bfc062723c751e8b465ee728b) (PreviewImporter) -> (artifact id: '00000000000000000000000000000000') in 0.0005906 seconds
Import Error Code:(4)
Message: Build asset version error: assets/scripts/circlelinegenerator.cs in SourceAssetDB has modification time of '2025-09-04T10:49:38.2957768Z' while content on disk has modification time of '2025-09-04T10:50:07.7020841Z'
  ERROR: Build asset version error: assets/scripts/circlelinegenerator.cs in SourceAssetDB has modification time of '2025-09-04T10:49:38.2957768Z' while content on disk has modification time of '2025-09-04T10:50:07.7020841Z'
Number of updated asset objects reloaded before import = 0Number of asset objects unloaded after import = 0

========================================================================
Received Import Request.
  Time since last request: 0.035304 seconds.
  path: Assets/Scripts/CircleLineGenerator.cs
  artifactKey: Guid(1a0d45d072749bd4db55e305e44ed191) Importer(815301076,1909f56bfc062723c751e8b465ee728b)
Start importing Assets/Scripts/CircleLineGenerator.cs using Guid(1a0d45d072749bd4db55e305e44ed191) Importer(815301076,1909f56bfc062723c751e8b465ee728b) (PreviewImporter) -> (artifact id: '00000000000000000000000000000000') in 0.000852 seconds
Import Error Code:(4)
Message: Build asset version error: assets/scripts/circlelinegenerator.cs in SourceAssetDB has modification time of '2025-09-04T10:49:38.2957768Z' while content on disk has modification time of '2025-09-04T10:50:07.7020841Z'
  ERROR: Build asset version error: assets/scripts/circlelinegenerator.cs in SourceAssetDB has modification time of '2025-09-04T10:49:38.2957768Z' while content on disk has modification time of '2025-09-04T10:50:07.7020841Z'
Number of updated asset objects reloaded before import = 0Number of asset objects unloaded after import = 0

========================================================================
Received Import Request.
  Time since last request: 0.011689 seconds.
  path: Assets/Scripts/CircleLineGenerator.cs
  artifactKey: Guid(1a0d45d072749bd4db55e305e44ed191) Importer(815301076,1909f56bfc062723c751e8b465ee728b)
Start importing Assets/Scripts/CircleLineGenerator.cs using Guid(1a0d45d072749bd4db55e305e44ed191) Importer(815301076,1909f56bfc062723c751e8b465ee728b) (PreviewImporter) -> (artifact id: '00000000000000000000000000000000') in 0.000873 seconds
Import Error Code:(4)
Message: Build asset version error: assets/scripts/circlelinegenerator.cs in SourceAssetDB has modification time of '2025-09-04T10:49:38.2957768Z' while content on disk has modification time of '2025-09-04T10:50:07.7020841Z'
  ERROR: Build asset version error: assets/scripts/circlelinegenerator.cs in SourceAssetDB has modification time of '2025-09-04T10:49:38.2957768Z' while content on disk has modification time of '2025-09-04T10:50:07.7020841Z'
Number of updated asset objects reloaded before import = 0Number of asset objects unloaded after import = 0

========================================================================
Received Import Request.
  Time since last request: 0.020683 seconds.
  path: Assets/Scripts/CircleLineGenerator.cs
  artifactKey: Guid(1a0d45d072749bd4db55e305e44ed191) Importer(815301076,1909f56bfc062723c751e8b465ee728b)
Start importing Assets/Scripts/CircleLineGenerator.cs using Guid(1a0d45d072749bd4db55e305e44ed191) Importer(815301076,1909f56bfc062723c751e8b465ee728b) (PreviewImporter) -> (artifact id: '00000000000000000000000000000000') in 0.0006952 seconds
Import Error Code:(4)
Message: Build asset version error: assets/scripts/circlelinegenerator.cs in SourceAssetDB has modification time of '2025-09-04T10:49:38.2957768Z' while content on disk has modification time of '2025-09-04T10:50:07.7020841Z'
  ERROR: Build asset version error: assets/scripts/circlelinegenerator.cs in SourceAssetDB has modification time of '2025-09-04T10:49:38.2957768Z' while content on disk has modification time of '2025-09-04T10:50:07.7020841Z'
Number of updated asset objects reloaded before import = 0Number of asset objects unloaded after import = 0

========================================================================
Received Import Request.
  Time since last request: 0.025449 seconds.
  path: Assets/Scripts/CircleLineGenerator.cs
  artifactKey: Guid(1a0d45d072749bd4db55e305e44ed191) Importer(815301076,1909f56bfc062723c751e8b465ee728b)
Start importing Assets/Scripts/CircleLineGenerator.cs using Guid(1a0d45d072749bd4db55e305e44ed191) Importer(815301076,1909f56bfc062723c751e8b465ee728b) (PreviewImporter) -> (artifact id: '00000000000000000000000000000000') in 0.0006816 seconds
Import Error Code:(4)
Message: Build asset version error: assets/scripts/circlelinegenerator.cs in SourceAssetDB has modification time of '2025-09-04T10:49:38.2957768Z' while content on disk has modification time of '2025-09-04T10:50:07.7020841Z'
  ERROR: Build asset version error: assets/scripts/circlelinegenerator.cs in SourceAssetDB has modification time of '2025-09-04T10:49:38.2957768Z' while content on disk has modification time of '2025-09-04T10:50:07.7020841Z'
Number of updated asset objects reloaded before import = 0Number of asset objects unloaded after import = 0

========================================================================
Received Import Request.
  Time since last request: 0.020331 seconds.
  path: Assets/Scripts/CircleLineGenerator.cs
  artifactKey: Guid(1a0d45d072749bd4db55e305e44ed191) Importer(815301076,1909f56bfc062723c751e8b465ee728b)
Start importing Assets/Scripts/CircleLineGenerator.cs using Guid(1a0d45d072749bd4db55e305e44ed191) Importer(815301076,1909f56bfc062723c751e8b465ee728b) (PreviewImporter) -> (artifact id: '00000000000000000000000000000000') in 0.0006766 seconds
Import Error Code:(4)
Message: Build asset version error: assets/scripts/circlelinegenerator.cs in SourceAssetDB has modification time of '2025-09-04T10:49:38.2957768Z' while content on disk has modification time of '2025-09-04T10:50:07.7020841Z'
  ERROR: Build asset version error: assets/scripts/circlelinegenerator.cs in SourceAssetDB has modification time of '2025-09-04T10:49:38.2957768Z' while content on disk has modification time of '2025-09-04T10:50:07.7020841Z'
Number of updated asset objects reloaded before import = 0Number of asset objects unloaded after import = 0

========================================================================
Received Import Request.
  Time since last request: 0.029446 seconds.
  path: Assets/Scripts/CircleLineGenerator.cs
  artifactKey: Guid(1a0d45d072749bd4db55e305e44ed191) Importer(815301076,1909f56bfc062723c751e8b465ee728b)
Start importing Assets/Scripts/CircleLineGenerator.cs using Guid(1a0d45d072749bd4db55e305e44ed191) Importer(815301076,1909f56bfc062723c751e8b465ee728b) (PreviewImporter) -> (artifact id: '00000000000000000000000000000000') in 0.0006599 seconds
Import Error Code:(4)
Message: Build asset version error: assets/scripts/circlelinegenerator.cs in SourceAssetDB has modification time of '2025-09-04T10:49:38.2957768Z' while content on disk has modification time of '2025-09-04T10:50:07.7020841Z'
  ERROR: Build asset version error: assets/scripts/circlelinegenerator.cs in SourceAssetDB has modification time of '2025-09-04T10:49:38.2957768Z' while content on disk has modification time of '2025-09-04T10:50:07.7020841Z'
Number of updated asset objects reloaded before import = 0Number of asset objects unloaded after import = 0

========================================================================
Received Import Request.
  Time since last request: 0.023879 seconds.
  path: Assets/Scripts/CircleLineGenerator.cs
  artifactKey: Guid(1a0d45d072749bd4db55e305e44ed191) Importer(815301076,1909f56bfc062723c751e8b465ee728b)
Start importing Assets/Scripts/CircleLineGenerator.cs using Guid(1a0d45d072749bd4db55e305e44ed191) Importer(815301076,1909f56bfc062723c751e8b465ee728b) (PreviewImporter) -> (artifact id: '00000000000000000000000000000000') in 0.0006234 seconds
Import Error Code:(4)
Message: Build asset version error: assets/scripts/circlelinegenerator.cs in SourceAssetDB has modification time of '2025-09-04T10:49:38.2957768Z' while content on disk has modification time of '2025-09-04T10:50:07.7020841Z'
  ERROR: Build asset version error: assets/scripts/circlelinegenerator.cs in SourceAssetDB has modification time of '2025-09-04T10:49:38.2957768Z' while content on disk has modification time of '2025-09-04T10:50:07.7020841Z'
Number of updated asset objects reloaded before import = 0Number of asset objects unloaded after import = 0

========================================================================
Received Import Request.
  Time since last request: 0.042320 seconds.
  path: Assets/Scripts/CircleLineGenerator.cs
  artifactKey: Guid(1a0d45d072749bd4db55e305e44ed191) Importer(815301076,1909f56bfc062723c751e8b465ee728b)
Start importing Assets/Scripts/CircleLineGenerator.cs using Guid(1a0d45d072749bd4db55e305e44ed191) Importer(815301076,1909f56bfc062723c751e8b465ee728b) (PreviewImporter) -> (artifact id: '00000000000000000000000000000000') in 0.0006179 seconds
Import Error Code:(4)
Message: Build asset version error: assets/scripts/circlelinegenerator.cs in SourceAssetDB has modification time of '2025-09-04T10:49:38.2957768Z' while content on disk has modification time of '2025-09-04T10:50:07.7020841Z'
  ERROR: Build asset version error: assets/scripts/circlelinegenerator.cs in SourceAssetDB has modification time of '2025-09-04T10:49:38.2957768Z' while content on disk has modification time of '2025-09-04T10:50:07.7020841Z'
Number of updated asset objects reloaded before import = 0Number of asset objects unloaded after import = 0

========================================================================
Received Import Request.
  Time since last request: 0.016159 seconds.
  path: Assets/Scripts/CircleLineGenerator.cs
  artifactKey: Guid(1a0d45d072749bd4db55e305e44ed191) Importer(815301076,1909f56bfc062723c751e8b465ee728b)
Start importing Assets/Scripts/CircleLineGenerator.cs using Guid(1a0d45d072749bd4db55e305e44ed191) Importer(815301076,1909f56bfc062723c751e8b465ee728b) (PreviewImporter) -> (artifact id: '00000000000000000000000000000000') in 0.0005727 seconds
Import Error Code:(4)
Message: Build asset version error: assets/scripts/circlelinegenerator.cs in SourceAssetDB has modification time of '2025-09-04T10:49:38.2957768Z' while content on disk has modification time of '2025-09-04T10:50:07.7020841Z'
  ERROR: Build asset version error: assets/scripts/circlelinegenerator.cs in SourceAssetDB has modification time of '2025-09-04T10:49:38.2957768Z' while content on disk has modification time of '2025-09-04T10:50:07.7020841Z'
Number of updated asset objects reloaded before import = 0Number of asset objects unloaded after import = 0

========================================================================
Received Import Request.
  Time since last request: 0.041765 seconds.
  path: Assets/Scripts/CircleLineGenerator.cs
  artifactKey: Guid(1a0d45d072749bd4db55e305e44ed191) Importer(815301076,1909f56bfc062723c751e8b465ee728b)
Start importing Assets/Scripts/CircleLineGenerator.cs using Guid(1a0d45d072749bd4db55e305e44ed191) Importer(815301076,1909f56bfc062723c751e8b465ee728b) (PreviewImporter) -> (artifact id: '00000000000000000000000000000000') in 0.0006893 seconds
Import Error Code:(4)
Message: Build asset version error: assets/scripts/circlelinegenerator.cs in SourceAssetDB has modification time of '2025-09-04T10:49:38.2957768Z' while content on disk has modification time of '2025-09-04T10:50:07.7020841Z'
  ERROR: Build asset version error: assets/scripts/circlelinegenerator.cs in SourceAssetDB has modification time of '2025-09-04T10:49:38.2957768Z' while content on disk has modification time of '2025-09-04T10:50:07.7020841Z'
Number of updated asset objects reloaded before import = 0Number of asset objects unloaded after import = 0

========================================================================
Received Import Request.
  Time since last request: 0.032031 seconds.
  path: Assets/Scripts/CircleLineGenerator.cs
  artifactKey: Guid(1a0d45d072749bd4db55e305e44ed191) Importer(815301076,1909f56bfc062723c751e8b465ee728b)
Start importing Assets/Scripts/CircleLineGenerator.cs using Guid(1a0d45d072749bd4db55e305e44ed191) Importer(815301076,1909f56bfc062723c751e8b465ee728b) (PreviewImporter) -> (artifact id: '00000000000000000000000000000000') in 0.0006042 seconds
Import Error Code:(4)
Message: Build asset version error: assets/scripts/circlelinegenerator.cs in SourceAssetDB has modification time of '2025-09-04T10:49:38.2957768Z' while content on disk has modification time of '2025-09-04T10:50:07.7020841Z'
  ERROR: Build asset version error: assets/scripts/circlelinegenerator.cs in SourceAssetDB has modification time of '2025-09-04T10:49:38.2957768Z' while content on disk has modification time of '2025-09-04T10:50:07.7020841Z'
Number of updated asset objects reloaded before import = 0Number of asset objects unloaded after import = 0

========================================================================
Received Import Request.
  Time since last request: 0.025976 seconds.
  path: Assets/Scripts/CircleLineGenerator.cs
  artifactKey: Guid(1a0d45d072749bd4db55e305e44ed191) Importer(815301076,1909f56bfc062723c751e8b465ee728b)
Start importing Assets/Scripts/CircleLineGenerator.cs using Guid(1a0d45d072749bd4db55e305e44ed191) Importer(815301076,1909f56bfc062723c751e8b465ee728b) (PreviewImporter) -> (artifact id: '00000000000000000000000000000000') in 0.0006535 seconds
Import Error Code:(4)
Message: Build asset version error: assets/scripts/circlelinegenerator.cs in SourceAssetDB has modification time of '2025-09-04T10:49:38.2957768Z' while content on disk has modification time of '2025-09-04T10:50:07.7020841Z'
  ERROR: Build asset version error: assets/scripts/circlelinegenerator.cs in SourceAssetDB has modification time of '2025-09-04T10:49:38.2957768Z' while content on disk has modification time of '2025-09-04T10:50:07.7020841Z'
Number of updated asset objects reloaded before import = 0Number of asset objects unloaded after import = 0

========================================================================
Received Import Request.
  Time since last request: 0.025908 seconds.
  path: Assets/Scripts/CircleLineGenerator.cs
  artifactKey: Guid(1a0d45d072749bd4db55e305e44ed191) Importer(815301076,1909f56bfc062723c751e8b465ee728b)
Start importing Assets/Scripts/CircleLineGenerator.cs using Guid(1a0d45d072749bd4db55e305e44ed191) Importer(815301076,1909f56bfc062723c751e8b465ee728b) (PreviewImporter) -> (artifact id: '00000000000000000000000000000000') in 0.0005932 seconds
Import Error Code:(4)
Message: Build asset version error: assets/scripts/circlelinegenerator.cs in SourceAssetDB has modification time of '2025-09-04T10:49:38.2957768Z' while content on disk has modification time of '2025-09-04T10:50:07.7020841Z'
  ERROR: Build asset version error: assets/scripts/circlelinegenerator.cs in SourceAssetDB has modification time of '2025-09-04T10:49:38.2957768Z' while content on disk has modification time of '2025-09-04T10:50:07.7020841Z'
Number of updated asset objects reloaded before import = 0Number of asset objects unloaded after import = 0

========================================================================
Received Import Request.
  Time since last request: 0.038671 seconds.
  path: Assets/Scripts/CircleLineGenerator.cs
  artifactKey: Guid(1a0d45d072749bd4db55e305e44ed191) Importer(815301076,1909f56bfc062723c751e8b465ee728b)
Start importing Assets/Scripts/CircleLineGenerator.cs using Guid(1a0d45d072749bd4db55e305e44ed191) Importer(815301076,1909f56bfc062723c751e8b465ee728b) (PreviewImporter) -> (artifact id: '00000000000000000000000000000000') in 0.0006554 seconds
Import Error Code:(4)
Message: Build asset version error: assets/scripts/circlelinegenerator.cs in SourceAssetDB has modification time of '2025-09-04T10:49:38.2957768Z' while content on disk has modification time of '2025-09-04T10:50:07.7020841Z'
  ERROR: Build asset version error: assets/scripts/circlelinegenerator.cs in SourceAssetDB has modification time of '2025-09-04T10:49:38.2957768Z' while content on disk has modification time of '2025-09-04T10:50:07.7020841Z'
Number of updated asset objects reloaded before import = 0Number of asset objects unloaded after import = 0

========================================================================
Received Import Request.
  Time since last request: 0.028199 seconds.
  path: Assets/Scripts/CircleLineGenerator.cs
  artifactKey: Guid(1a0d45d072749bd4db55e305e44ed191) Importer(815301076,1909f56bfc062723c751e8b465ee728b)
Start importing Assets/Scripts/CircleLineGenerator.cs using Guid(1a0d45d072749bd4db55e305e44ed191) Importer(815301076,1909f56bfc062723c751e8b465ee728b) (PreviewImporter) -> (artifact id: '00000000000000000000000000000000') in 0.0007145 seconds
Import Error Code:(4)
Message: Build asset version error: assets/scripts/circlelinegenerator.cs in SourceAssetDB has modification time of '2025-09-04T10:49:38.2957768Z' while content on disk has modification time of '2025-09-04T10:50:07.7020841Z'
  ERROR: Build asset version error: assets/scripts/circlelinegenerator.cs in SourceAssetDB has modification time of '2025-09-04T10:49:38.2957768Z' while content on disk has modification time of '2025-09-04T10:50:07.7020841Z'
Number of updated asset objects reloaded before import = 0Number of asset objects unloaded after import = 0

========================================================================
Received Import Request.
  Time since last request: 0.030615 seconds.
  path: Assets/Scripts/CircleLineGenerator.cs
  artifactKey: Guid(1a0d45d072749bd4db55e305e44ed191) Importer(815301076,1909f56bfc062723c751e8b465ee728b)
Start importing Assets/Scripts/CircleLineGenerator.cs using Guid(1a0d45d072749bd4db55e305e44ed191) Importer(815301076,1909f56bfc062723c751e8b465ee728b) (PreviewImporter) -> (artifact id: '00000000000000000000000000000000') in 0.0007748 seconds
Import Error Code:(4)
Message: Build asset version error: assets/scripts/circlelinegenerator.cs in SourceAssetDB has modification time of '2025-09-04T10:49:38.2957768Z' while content on disk has modification time of '2025-09-04T10:50:07.7020841Z'
  ERROR: Build asset version error: assets/scripts/circlelinegenerator.cs in SourceAssetDB has modification time of '2025-09-04T10:49:38.2957768Z' while content on disk has modification time of '2025-09-04T10:50:07.7020841Z'
Number of updated asset objects reloaded before import = 0Number of asset objects unloaded after import = 0

========================================================================
Received Import Request.
  Time since last request: 0.024108 seconds.
  path: Assets/Scripts/CircleLineGenerator.cs
  artifactKey: Guid(1a0d45d072749bd4db55e305e44ed191) Importer(815301076,1909f56bfc062723c751e8b465ee728b)
Start importing Assets/Scripts/CircleLineGenerator.cs using Guid(1a0d45d072749bd4db55e305e44ed191) Importer(815301076,1909f56bfc062723c751e8b465ee728b) (PreviewImporter) -> (artifact id: '00000000000000000000000000000000') in 0.0007636 seconds
Import Error Code:(4)
Message: Build asset version error: assets/scripts/circlelinegenerator.cs in SourceAssetDB has modification time of '2025-09-04T10:49:38.2957768Z' while content on disk has modification time of '2025-09-04T10:50:07.7020841Z'
  ERROR: Build asset version error: assets/scripts/circlelinegenerator.cs in SourceAssetDB has modification time of '2025-09-04T10:49:38.2957768Z' while content on disk has modification time of '2025-09-04T10:50:07.7020841Z'
Number of updated asset objects reloaded before import = 0Number of asset objects unloaded after import = 0

========================================================================
Received Import Request.
  Time since last request: 0.025597 seconds.
  path: Assets/Scripts/CircleLineGenerator.cs
  artifactKey: Guid(1a0d45d072749bd4db55e305e44ed191) Importer(815301076,1909f56bfc062723c751e8b465ee728b)
Start importing Assets/Scripts/CircleLineGenerator.cs using Guid(1a0d45d072749bd4db55e305e44ed191) Importer(815301076,1909f56bfc062723c751e8b465ee728b) (PreviewImporter) -> (artifact id: '00000000000000000000000000000000') in 0.0006563 seconds
Import Error Code:(4)
Message: Build asset version error: assets/scripts/circlelinegenerator.cs in SourceAssetDB has modification time of '2025-09-04T10:49:38.2957768Z' while content on disk has modification time of '2025-09-04T10:50:07.7020841Z'
  ERROR: Build asset version error: assets/scripts/circlelinegenerator.cs in SourceAssetDB has modification time of '2025-09-04T10:49:38.2957768Z' while content on disk has modification time of '2025-09-04T10:50:07.7020841Z'
Number of updated asset objects reloaded before import = 0Number of asset objects unloaded after import = 0

========================================================================
Received Import Request.
  Time since last request: 0.050358 seconds.
  path: Assets/Scripts/CircleLineGenerator.cs
  artifactKey: Guid(1a0d45d072749bd4db55e305e44ed191) Importer(815301076,1909f56bfc062723c751e8b465ee728b)
Start importing Assets/Scripts/CircleLineGenerator.cs using Guid(1a0d45d072749bd4db55e305e44ed191) Importer(815301076,1909f56bfc062723c751e8b465ee728b) (PreviewImporter) -> (artifact id: '00000000000000000000000000000000') in 0.0010398 seconds
Import Error Code:(4)
Message: Build asset version error: assets/scripts/circlelinegenerator.cs in SourceAssetDB has modification time of '2025-09-04T10:49:38.2957768Z' while content on disk has modification time of '2025-09-04T10:50:07.7020841Z'
  ERROR: Build asset version error: assets/scripts/circlelinegenerator.cs in SourceAssetDB has modification time of '2025-09-04T10:49:38.2957768Z' while content on disk has modification time of '2025-09-04T10:50:07.7020841Z'
Number of updated asset objects reloaded before import = 0Number of asset objects unloaded after import = 0

========================================================================
Received Import Request.
  Time since last request: 0.000028 seconds.
  path: Assets/Scripts/CircleLineGenerator.cs
  artifactKey: Guid(1a0d45d072749bd4db55e305e44ed191) Importer(815301076,1909f56bfc062723c751e8b465ee728b)
Start importing Assets/Scripts/CircleLineGenerator.cs using Guid(1a0d45d072749bd4db55e305e44ed191) Importer(815301076,1909f56bfc062723c751e8b465ee728b) (PreviewImporter) -> (artifact id: '00000000000000000000000000000000') in 0.0010236 seconds
Import Error Code:(4)
Message: Build asset version error: assets/scripts/circlelinegenerator.cs in SourceAssetDB has modification time of '2025-09-04T10:49:38.2957768Z' while content on disk has modification time of '2025-09-04T10:50:07.7020841Z'
  ERROR: Build asset version error: assets/scripts/circlelinegenerator.cs in SourceAssetDB has modification time of '2025-09-04T10:49:38.2957768Z' while content on disk has modification time of '2025-09-04T10:50:07.7020841Z'
Number of updated asset objects reloaded before import = 0Number of asset objects unloaded after import = 0

========================================================================
Received Import Request.
  Time since last request: 0.005430 seconds.
  path: Assets/Scripts/CircleLineGenerator.cs
  artifactKey: Guid(1a0d45d072749bd4db55e305e44ed191) Importer(815301076,1909f56bfc062723c751e8b465ee728b)
Start importing Assets/Scripts/CircleLineGenerator.cs using Guid(1a0d45d072749bd4db55e305e44ed191) Importer(815301076,1909f56bfc062723c751e8b465ee728b) (PreviewImporter) -> (artifact id: '00000000000000000000000000000000') in 0.0011074 seconds
Import Error Code:(4)
Message: Build asset version error: assets/scripts/circlelinegenerator.cs in SourceAssetDB has modification time of '2025-09-04T10:49:38.2957768Z' while content on disk has modification time of '2025-09-04T10:50:07.7020841Z'
  ERROR: Build asset version error: assets/scripts/circlelinegenerator.cs in SourceAssetDB has modification time of '2025-09-04T10:49:38.2957768Z' while content on disk has modification time of '2025-09-04T10:50:07.7020841Z'
Number of updated asset objects reloaded before import = 0Number of asset objects unloaded after import = 0

========================================================================
Received Import Request.
  Time since last request: 0.022234 seconds.
  path: Assets/Scripts/CircleLineGenerator.cs
  artifactKey: Guid(1a0d45d072749bd4db55e305e44ed191) Importer(815301076,1909f56bfc062723c751e8b465ee728b)
Start importing Assets/Scripts/CircleLineGenerator.cs using Guid(1a0d45d072749bd4db55e305e44ed191) Importer(815301076,1909f56bfc062723c751e8b465ee728b) (PreviewImporter) -> (artifact id: '00000000000000000000000000000000') in 0.0009844 seconds
Import Error Code:(4)
Message: Build asset version error: assets/scripts/circlelinegenerator.cs in SourceAssetDB has modification time of '2025-09-04T10:49:38.2957768Z' while content on disk has modification time of '2025-09-04T10:50:07.7020841Z'
  ERROR: Build asset version error: assets/scripts/circlelinegenerator.cs in SourceAssetDB has modification time of '2025-09-04T10:49:38.2957768Z' while content on disk has modification time of '2025-09-04T10:50:07.7020841Z'
Number of updated asset objects reloaded before import = 0Number of asset objects unloaded after import = 0

========================================================================
Received Import Request.
  Time since last request: 0.008740 seconds.
  path: Assets/Scripts/CircleLineGenerator.cs
  artifactKey: Guid(1a0d45d072749bd4db55e305e44ed191) Importer(815301076,1909f56bfc062723c751e8b465ee728b)
Start importing Assets/Scripts/CircleLineGenerator.cs using Guid(1a0d45d072749bd4db55e305e44ed191) Importer(815301076,1909f56bfc062723c751e8b465ee728b) (PreviewImporter) -> (artifact id: '00000000000000000000000000000000') in 0.0007366 seconds
Import Error Code:(4)
Message: Build asset version error: assets/scripts/circlelinegenerator.cs in SourceAssetDB has modification time of '2025-09-04T10:49:38.2957768Z' while content on disk has modification time of '2025-09-04T10:50:07.7020841Z'
  ERROR: Build asset version error: assets/scripts/circlelinegenerator.cs in SourceAssetDB has modification time of '2025-09-04T10:49:38.2957768Z' while content on disk has modification time of '2025-09-04T10:50:07.7020841Z'
Number of updated asset objects reloaded before import = 0Number of asset objects unloaded after import = 0

========================================================================
Received Import Request.
  Time since last request: 0.000024 seconds.
  path: Assets/Scripts/CircleLineGenerator.cs
  artifactKey: Guid(1a0d45d072749bd4db55e305e44ed191) Importer(815301076,1909f56bfc062723c751e8b465ee728b)
Start importing Assets/Scripts/CircleLineGenerator.cs using Guid(1a0d45d072749bd4db55e305e44ed191) Importer(815301076,1909f56bfc062723c751e8b465ee728b) (PreviewImporter) -> (artifact id: '00000000000000000000000000000000') in 0.0006813 seconds
Import Error Code:(4)
Message: Build asset version error: assets/scripts/circlelinegenerator.cs in SourceAssetDB has modification time of '2025-09-04T10:49:38.2957768Z' while content on disk has modification time of '2025-09-04T10:50:07.7020841Z'
  ERROR: Build asset version error: assets/scripts/circlelinegenerator.cs in SourceAssetDB has modification time of '2025-09-04T10:49:38.2957768Z' while content on disk has modification time of '2025-09-04T10:50:07.7020841Z'
Number of updated asset objects reloaded before import = 0Number of asset objects unloaded after import = 0

========================================================================
Received Import Request.
  Time since last request: 0.000034 seconds.
  path: Assets/Scripts/CircleLineGenerator.cs
  artifactKey: Guid(1a0d45d072749bd4db55e305e44ed191) Importer(815301076,1909f56bfc062723c751e8b465ee728b)
Start importing Assets/Scripts/CircleLineGenerator.cs using Guid(1a0d45d072749bd4db55e305e44ed191) Importer(815301076,1909f56bfc062723c751e8b465ee728b) (PreviewImporter) -> (artifact id: '00000000000000000000000000000000') in 0.0006157 seconds
Import Error Code:(4)
Message: Build asset version error: assets/scripts/circlelinegenerator.cs in SourceAssetDB has modification time of '2025-09-04T10:49:38.2957768Z' while content on disk has modification time of '2025-09-04T10:50:07.7020841Z'
  ERROR: Build asset version error: assets/scripts/circlelinegenerator.cs in SourceAssetDB has modification time of '2025-09-04T10:49:38.2957768Z' while content on disk has modification time of '2025-09-04T10:50:07.7020841Z'
Number of updated asset objects reloaded before import = 0Number of asset objects unloaded after import = 0

========================================================================
Received Import Request.
  Time since last request: 0.017278 seconds.
  path: Assets/Scripts/CircleLineGenerator.cs
  artifactKey: Guid(1a0d45d072749bd4db55e305e44ed191) Importer(815301076,1909f56bfc062723c751e8b465ee728b)
Start importing Assets/Scripts/CircleLineGenerator.cs using Guid(1a0d45d072749bd4db55e305e44ed191) Importer(815301076,1909f56bfc062723c751e8b465ee728b) (PreviewImporter) -> (artifact id: '00000000000000000000000000000000') in 0.0007182 seconds
Import Error Code:(4)
Message: Build asset version error: assets/scripts/circlelinegenerator.cs in SourceAssetDB has modification time of '2025-09-04T10:49:38.2957768Z' while content on disk has modification time of '2025-09-04T10:50:07.7020841Z'
  ERROR: Build asset version error: assets/scripts/circlelinegenerator.cs in SourceAssetDB has modification time of '2025-09-04T10:49:38.2957768Z' while content on disk has modification time of '2025-09-04T10:50:07.7020841Z'
Number of updated asset objects reloaded before import = 0Number of asset objects unloaded after import = 0

========================================================================
Received Import Request.
  Time since last request: 0.036152 seconds.
  path: Assets/Scripts/CircleLineGenerator.cs
  artifactKey: Guid(1a0d45d072749bd4db55e305e44ed191) Importer(815301076,1909f56bfc062723c751e8b465ee728b)
Start importing Assets/Scripts/CircleLineGenerator.cs using Guid(1a0d45d072749bd4db55e305e44ed191) Importer(815301076,1909f56bfc062723c751e8b465ee728b) (PreviewImporter) -> (artifact id: '00000000000000000000000000000000') in 0.0005773 seconds
Import Error Code:(4)
Message: Build asset version error: assets/scripts/circlelinegenerator.cs in SourceAssetDB has modification time of '2025-09-04T10:49:38.2957768Z' while content on disk has modification time of '2025-09-04T10:50:07.7020841Z'
  ERROR: Build asset version error: assets/scripts/circlelinegenerator.cs in SourceAssetDB has modification time of '2025-09-04T10:49:38.2957768Z' while content on disk has modification time of '2025-09-04T10:50:07.7020841Z'
Number of updated asset objects reloaded before import = 0Number of asset objects unloaded after import = 0

========================================================================
Received Import Request.
  Time since last request: 0.036781 seconds.
  path: Assets/Scripts/CircleLineGenerator.cs
  artifactKey: Guid(1a0d45d072749bd4db55e305e44ed191) Importer(815301076,1909f56bfc062723c751e8b465ee728b)
Start importing Assets/Scripts/CircleLineGenerator.cs using Guid(1a0d45d072749bd4db55e305e44ed191) Importer(815301076,1909f56bfc062723c751e8b465ee728b) (PreviewImporter) -> (artifact id: '00000000000000000000000000000000') in 0.0005869 seconds
Import Error Code:(4)
Message: Build asset version error: assets/scripts/circlelinegenerator.cs in SourceAssetDB has modification time of '2025-09-04T10:49:38.2957768Z' while content on disk has modification time of '2025-09-04T10:50:07.7020841Z'
  ERROR: Build asset version error: assets/scripts/circlelinegenerator.cs in SourceAssetDB has modification time of '2025-09-04T10:49:38.2957768Z' while content on disk has modification time of '2025-09-04T10:50:07.7020841Z'
Number of updated asset objects reloaded before import = 0Number of asset objects unloaded after import = 0

========================================================================
Received Import Request.
  Time since last request: 0.039533 seconds.
  path: Assets/Scripts/CircleLineGenerator.cs
  artifactKey: Guid(1a0d45d072749bd4db55e305e44ed191) Importer(815301076,1909f56bfc062723c751e8b465ee728b)
Start importing Assets/Scripts/CircleLineGenerator.cs using Guid(1a0d45d072749bd4db55e305e44ed191) Importer(815301076,1909f56bfc062723c751e8b465ee728b) (PreviewImporter) -> (artifact id: '00000000000000000000000000000000') in 0.0006195 seconds
Import Error Code:(4)
Message: Build asset version error: assets/scripts/circlelinegenerator.cs in SourceAssetDB has modification time of '2025-09-04T10:49:38.2957768Z' while content on disk has modification time of '2025-09-04T10:50:07.7020841Z'
  ERROR: Build asset version error: assets/scripts/circlelinegenerator.cs in SourceAssetDB has modification time of '2025-09-04T10:49:38.2957768Z' while content on disk has modification time of '2025-09-04T10:50:07.7020841Z'
Number of updated asset objects reloaded before import = 0Number of asset objects unloaded after import = 0

========================================================================
Received Import Request.
  Time since last request: 0.030319 seconds.
  path: Assets/Scripts/CircleLineGenerator.cs
  artifactKey: Guid(1a0d45d072749bd4db55e305e44ed191) Importer(815301076,1909f56bfc062723c751e8b465ee728b)
Start importing Assets/Scripts/CircleLineGenerator.cs using Guid(1a0d45d072749bd4db55e305e44ed191) Importer(815301076,1909f56bfc062723c751e8b465ee728b) (PreviewImporter) -> (artifact id: '00000000000000000000000000000000') in 0.0006534 seconds
Import Error Code:(4)
Message: Build asset version error: assets/scripts/circlelinegenerator.cs in SourceAssetDB has modification time of '2025-09-04T10:49:38.2957768Z' while content on disk has modification time of '2025-09-04T10:50:07.7020841Z'
  ERROR: Build asset version error: assets/scripts/circlelinegenerator.cs in SourceAssetDB has modification time of '2025-09-04T10:49:38.2957768Z' while content on disk has modification time of '2025-09-04T10:50:07.7020841Z'
Number of updated asset objects reloaded before import = 0Number of asset objects unloaded after import = 0

========================================================================
Received Import Request.
  Time since last request: 0.033778 seconds.
  path: Assets/Scripts/CircleLineGenerator.cs
  artifactKey: Guid(1a0d45d072749bd4db55e305e44ed191) Importer(815301076,1909f56bfc062723c751e8b465ee728b)
Start importing Assets/Scripts/CircleLineGenerator.cs using Guid(1a0d45d072749bd4db55e305e44ed191) Importer(815301076,1909f56bfc062723c751e8b465ee728b) (PreviewImporter) -> (artifact id: '00000000000000000000000000000000') in 0.0007273 seconds
Import Error Code:(4)
Message: Build asset version error: assets/scripts/circlelinegenerator.cs in SourceAssetDB has modification time of '2025-09-04T10:49:38.2957768Z' while content on disk has modification time of '2025-09-04T10:50:07.7020841Z'
  ERROR: Build asset version error: assets/scripts/circlelinegenerator.cs in SourceAssetDB has modification time of '2025-09-04T10:49:38.2957768Z' while content on disk has modification time of '2025-09-04T10:50:07.7020841Z'
Number of updated asset objects reloaded before import = 0Number of asset objects unloaded after import = 0

========================================================================
Received Import Request.
  Time since last request: 0.026423 seconds.
  path: Assets/Scripts/CircleLineGenerator.cs
  artifactKey: Guid(1a0d45d072749bd4db55e305e44ed191) Importer(815301076,1909f56bfc062723c751e8b465ee728b)
Start importing Assets/Scripts/CircleLineGenerator.cs using Guid(1a0d45d072749bd4db55e305e44ed191) Importer(815301076,1909f56bfc062723c751e8b465ee728b) (PreviewImporter) -> (artifact id: '00000000000000000000000000000000') in 0.0005655 seconds
Import Error Code:(4)
Message: Build asset version error: assets/scripts/circlelinegenerator.cs in SourceAssetDB has modification time of '2025-09-04T10:49:38.2957768Z' while content on disk has modification time of '2025-09-04T10:50:07.7020841Z'
  ERROR: Build asset version error: assets/scripts/circlelinegenerator.cs in SourceAssetDB has modification time of '2025-09-04T10:49:38.2957768Z' while content on disk has modification time of '2025-09-04T10:50:07.7020841Z'
Number of updated asset objects reloaded before import = 0Number of asset objects unloaded after import = 0

========================================================================
Received Import Request.
  Time since last request: 0.033333 seconds.
  path: Assets/Scripts/CircleLineGenerator.cs
  artifactKey: Guid(1a0d45d072749bd4db55e305e44ed191) Importer(815301076,1909f56bfc062723c751e8b465ee728b)
Start importing Assets/Scripts/CircleLineGenerator.cs using Guid(1a0d45d072749bd4db55e305e44ed191) Importer(815301076,1909f56bfc062723c751e8b465ee728b) (PreviewImporter) -> (artifact id: '00000000000000000000000000000000') in 0.0007832 seconds
Import Error Code:(4)
Message: Build asset version error: assets/scripts/circlelinegenerator.cs in SourceAssetDB has modification time of '2025-09-04T10:49:38.2957768Z' while content on disk has modification time of '2025-09-04T10:50:07.7020841Z'
  ERROR: Build asset version error: assets/scripts/circlelinegenerator.cs in SourceAssetDB has modification time of '2025-09-04T10:49:38.2957768Z' while content on disk has modification time of '2025-09-04T10:50:07.7020841Z'
Number of updated asset objects reloaded before import = 0Number of asset objects unloaded after import = 0

========================================================================
Received Import Request.
  Time since last request: 0.016672 seconds.
  path: Assets/Scripts/CircleLineGenerator.cs
  artifactKey: Guid(1a0d45d072749bd4db55e305e44ed191) Importer(815301076,1909f56bfc062723c751e8b465ee728b)
Start importing Assets/Scripts/CircleLineGenerator.cs using Guid(1a0d45d072749bd4db55e305e44ed191) Importer(815301076,1909f56bfc062723c751e8b465ee728b) (PreviewImporter) -> (artifact id: '00000000000000000000000000000000') in 0.0007568 seconds
Import Error Code:(4)
Message: Build asset version error: assets/scripts/circlelinegenerator.cs in SourceAssetDB has modification time of '2025-09-04T10:49:38.2957768Z' while content on disk has modification time of '2025-09-04T10:50:07.7020841Z'
  ERROR: Build asset version error: assets/scripts/circlelinegenerator.cs in SourceAssetDB has modification time of '2025-09-04T10:49:38.2957768Z' while content on disk has modification time of '2025-09-04T10:50:07.7020841Z'
Number of updated asset objects reloaded before import = 0Number of asset objects unloaded after import = 0

========================================================================
Received Import Request.
  Time since last request: 0.007924 seconds.
  path: Assets/Scripts/CircleLineGenerator.cs
  artifactKey: Guid(1a0d45d072749bd4db55e305e44ed191) Importer(815301076,1909f56bfc062723c751e8b465ee728b)
Start importing Assets/Scripts/CircleLineGenerator.cs using Guid(1a0d45d072749bd4db55e305e44ed191) Importer(815301076,1909f56bfc062723c751e8b465ee728b) (PreviewImporter) -> (artifact id: '00000000000000000000000000000000') in 0.0006749 seconds
Import Error Code:(4)
Message: Build asset version error: assets/scripts/circlelinegenerator.cs in SourceAssetDB has modification time of '2025-09-04T10:49:38.2957768Z' while content on disk has modification time of '2025-09-04T10:50:07.7020841Z'
  ERROR: Build asset version error: assets/scripts/circlelinegenerator.cs in SourceAssetDB has modification time of '2025-09-04T10:49:38.2957768Z' while content on disk has modification time of '2025-09-04T10:50:07.7020841Z'
Number of updated asset objects reloaded before import = 0Number of asset objects unloaded after import = 0

========================================================================
Received Import Request.
  Time since last request: 0.005360 seconds.
  path: Assets/Scripts/CircleLineGenerator.cs
  artifactKey: Guid(1a0d45d072749bd4db55e305e44ed191) Importer(815301076,1909f56bfc062723c751e8b465ee728b)
Start importing Assets/Scripts/CircleLineGenerator.cs using Guid(1a0d45d072749bd4db55e305e44ed191) Importer(815301076,1909f56bfc062723c751e8b465ee728b) (PreviewImporter) -> (artifact id: '00000000000000000000000000000000') in 0.0010408 seconds
Import Error Code:(4)
Message: Build asset version error: assets/scripts/circlelinegenerator.cs in SourceAssetDB has modification time of '2025-09-04T10:49:38.2957768Z' while content on disk has modification time of '2025-09-04T10:50:07.7020841Z'
  ERROR: Build asset version error: assets/scripts/circlelinegenerator.cs in SourceAssetDB has modification time of '2025-09-04T10:49:38.2957768Z' while content on disk has modification time of '2025-09-04T10:50:07.7020841Z'
Number of updated asset objects reloaded before import = 0Number of asset objects unloaded after import = 0

========================================================================
Received Import Request.
  Time since last request: 0.020182 seconds.
  path: Assets/Scripts/CircleLineGenerator.cs
  artifactKey: Guid(1a0d45d072749bd4db55e305e44ed191) Importer(815301076,1909f56bfc062723c751e8b465ee728b)
Start importing Assets/Scripts/CircleLineGenerator.cs using Guid(1a0d45d072749bd4db55e305e44ed191) Importer(815301076,1909f56bfc062723c751e8b465ee728b) (PreviewImporter) -> (artifact id: '00000000000000000000000000000000') in 0.0006414 seconds
Import Error Code:(4)
Message: Build asset version error: assets/scripts/circlelinegenerator.cs in SourceAssetDB has modification time of '2025-09-04T10:49:38.2957768Z' while content on disk has modification time of '2025-09-04T10:50:07.7020841Z'
  ERROR: Build asset version error: assets/scripts/circlelinegenerator.cs in SourceAssetDB has modification time of '2025-09-04T10:49:38.2957768Z' while content on disk has modification time of '2025-09-04T10:50:07.7020841Z'
Number of updated asset objects reloaded before import = 0Number of asset objects unloaded after import = 0

========================================================================
Received Import Request.
  Time since last request: 0.033495 seconds.
  path: Assets/Scripts/CircleLineGenerator.cs
  artifactKey: Guid(1a0d45d072749bd4db55e305e44ed191) Importer(815301076,1909f56bfc062723c751e8b465ee728b)
Start importing Assets/Scripts/CircleLineGenerator.cs using Guid(1a0d45d072749bd4db55e305e44ed191) Importer(815301076,1909f56bfc062723c751e8b465ee728b) (PreviewImporter) -> (artifact id: '00000000000000000000000000000000') in 0.0007175 seconds
Import Error Code:(4)
Message: Build asset version error: assets/scripts/circlelinegenerator.cs in SourceAssetDB has modification time of '2025-09-04T10:49:38.2957768Z' while content on disk has modification time of '2025-09-04T10:50:07.7020841Z'
  ERROR: Build asset version error: assets/scripts/circlelinegenerator.cs in SourceAssetDB has modification time of '2025-09-04T10:49:38.2957768Z' while content on disk has modification time of '2025-09-04T10:50:07.7020841Z'
Number of updated asset objects reloaded before import = 0Number of asset objects unloaded after import = 0

========================================================================
Received Import Request.
  Time since last request: 0.034725 seconds.
  path: Assets/Scripts/CircleLineGenerator.cs
  artifactKey: Guid(1a0d45d072749bd4db55e305e44ed191) Importer(815301076,1909f56bfc062723c751e8b465ee728b)
Start importing Assets/Scripts/CircleLineGenerator.cs using Guid(1a0d45d072749bd4db55e305e44ed191) Importer(815301076,1909f56bfc062723c751e8b465ee728b) (PreviewImporter) -> (artifact id: '00000000000000000000000000000000') in 0.0005864 seconds
Import Error Code:(4)
Message: Build asset version error: assets/scripts/circlelinegenerator.cs in SourceAssetDB has modification time of '2025-09-04T10:49:38.2957768Z' while content on disk has modification time of '2025-09-04T10:50:07.7020841Z'
  ERROR: Build asset version error: assets/scripts/circlelinegenerator.cs in SourceAssetDB has modification time of '2025-09-04T10:49:38.2957768Z' while content on disk has modification time of '2025-09-04T10:50:07.7020841Z'
Number of updated asset objects reloaded before import = 0Number of asset objects unloaded after import = 0

========================================================================
Received Import Request.
  Time since last request: 0.035702 seconds.
  path: Assets/Scripts/CircleLineGenerator.cs
  artifactKey: Guid(1a0d45d072749bd4db55e305e44ed191) Importer(815301076,1909f56bfc062723c751e8b465ee728b)
Start importing Assets/Scripts/CircleLineGenerator.cs using Guid(1a0d45d072749bd4db55e305e44ed191) Importer(815301076,1909f56bfc062723c751e8b465ee728b) (PreviewImporter) -> (artifact id: '00000000000000000000000000000000') in 0.0005915 seconds
Import Error Code:(4)
Message: Build asset version error: assets/scripts/circlelinegenerator.cs in SourceAssetDB has modification time of '2025-09-04T10:49:38.2957768Z' while content on disk has modification time of '2025-09-04T10:50:07.7020841Z'
  ERROR: Build asset version error: assets/scripts/circlelinegenerator.cs in SourceAssetDB has modification time of '2025-09-04T10:49:38.2957768Z' while content on disk has modification time of '2025-09-04T10:50:07.7020841Z'
Number of updated asset objects reloaded before import = 0Number of asset objects unloaded after import = 0

========================================================================
Received Import Request.
  Time since last request: 0.038404 seconds.
  path: Assets/Scripts/CircleLineGenerator.cs
  artifactKey: Guid(1a0d45d072749bd4db55e305e44ed191) Importer(815301076,1909f56bfc062723c751e8b465ee728b)
Start importing Assets/Scripts/CircleLineGenerator.cs using Guid(1a0d45d072749bd4db55e305e44ed191) Importer(815301076,1909f56bfc062723c751e8b465ee728b) (PreviewImporter) -> (artifact id: '00000000000000000000000000000000') in 0.0005934 seconds
Import Error Code:(4)
Message: Build asset version error: assets/scripts/circlelinegenerator.cs in SourceAssetDB has modification time of '2025-09-04T10:49:38.2957768Z' while content on disk has modification time of '2025-09-04T10:50:07.7020841Z'
  ERROR: Build asset version error: assets/scripts/circlelinegenerator.cs in SourceAssetDB has modification time of '2025-09-04T10:49:38.2957768Z' while content on disk has modification time of '2025-09-04T10:50:07.7020841Z'
Number of updated asset objects reloaded before import = 0Number of asset objects unloaded after import = 0

========================================================================
Received Import Request.
  Time since last request: 0.032595 seconds.
  path: Assets/Scripts/CircleLineGenerator.cs
  artifactKey: Guid(1a0d45d072749bd4db55e305e44ed191) Importer(815301076,1909f56bfc062723c751e8b465ee728b)
Start importing Assets/Scripts/CircleLineGenerator.cs using Guid(1a0d45d072749bd4db55e305e44ed191) Importer(815301076,1909f56bfc062723c751e8b465ee728b) (PreviewImporter) -> (artifact id: '00000000000000000000000000000000') in 0.000587 seconds
Import Error Code:(4)
Message: Build asset version error: assets/scripts/circlelinegenerator.cs in SourceAssetDB has modification time of '2025-09-04T10:49:38.2957768Z' while content on disk has modification time of '2025-09-04T10:50:07.7020841Z'
  ERROR: Build asset version error: assets/scripts/circlelinegenerator.cs in SourceAssetDB has modification time of '2025-09-04T10:49:38.2957768Z' while content on disk has modification time of '2025-09-04T10:50:07.7020841Z'
Number of updated asset objects reloaded before import = 0Number of asset objects unloaded after import = 0

========================================================================
Received Import Request.
  Time since last request: 0.034072 seconds.
  path: Assets/Scripts/CircleLineGenerator.cs
  artifactKey: Guid(1a0d45d072749bd4db55e305e44ed191) Importer(815301076,1909f56bfc062723c751e8b465ee728b)
Start importing Assets/Scripts/CircleLineGenerator.cs using Guid(1a0d45d072749bd4db55e305e44ed191) Importer(815301076,1909f56bfc062723c751e8b465ee728b) (PreviewImporter) -> (artifact id: '00000000000000000000000000000000') in 0.0006929 seconds
Import Error Code:(4)
Message: Build asset version error: assets/scripts/circlelinegenerator.cs in SourceAssetDB has modification time of '2025-09-04T10:49:38.2957768Z' while content on disk has modification time of '2025-09-04T10:50:07.7020841Z'
  ERROR: Build asset version error: assets/scripts/circlelinegenerator.cs in SourceAssetDB has modification time of '2025-09-04T10:49:38.2957768Z' while content on disk has modification time of '2025-09-04T10:50:07.7020841Z'
Number of updated asset objects reloaded before import = 0Number of asset objects unloaded after import = 0

========================================================================
Received Import Request.
  Time since last request: 0.038377 seconds.
  path: Assets/Scripts/CircleLineGenerator.cs
  artifactKey: Guid(1a0d45d072749bd4db55e305e44ed191) Importer(815301076,1909f56bfc062723c751e8b465ee728b)
Start importing Assets/Scripts/CircleLineGenerator.cs using Guid(1a0d45d072749bd4db55e305e44ed191) Importer(815301076,1909f56bfc062723c751e8b465ee728b) (PreviewImporter) -> (artifact id: '00000000000000000000000000000000') in 0.000655 seconds
Import Error Code:(4)
Message: Build asset version error: assets/scripts/circlelinegenerator.cs in SourceAssetDB has modification time of '2025-09-04T10:49:38.2957768Z' while content on disk has modification time of '2025-09-04T10:50:07.7020841Z'
  ERROR: Build asset version error: assets/scripts/circlelinegenerator.cs in SourceAssetDB has modification time of '2025-09-04T10:49:38.2957768Z' while content on disk has modification time of '2025-09-04T10:50:07.7020841Z'
Number of updated asset objects reloaded before import = 0Number of asset objects unloaded after import = 0

========================================================================
Received Import Request.
  Time since last request: 0.031779 seconds.
  path: Assets/Scripts/CircleLineGenerator.cs
  artifactKey: Guid(1a0d45d072749bd4db55e305e44ed191) Importer(815301076,1909f56bfc062723c751e8b465ee728b)
Start importing Assets/Scripts/CircleLineGenerator.cs using Guid(1a0d45d072749bd4db55e305e44ed191) Importer(815301076,1909f56bfc062723c751e8b465ee728b) (PreviewImporter) -> (artifact id: '00000000000000000000000000000000') in 0.000679 seconds
Import Error Code:(4)
Message: Build asset version error: assets/scripts/circlelinegenerator.cs in SourceAssetDB has modification time of '2025-09-04T10:49:38.2957768Z' while content on disk has modification time of '2025-09-04T10:50:07.7020841Z'
  ERROR: Build asset version error: assets/scripts/circlelinegenerator.cs in SourceAssetDB has modification time of '2025-09-04T10:49:38.2957768Z' while content on disk has modification time of '2025-09-04T10:50:07.7020841Z'
Number of updated asset objects reloaded before import = 0Number of asset objects unloaded after import = 0

========================================================================
Received Import Request.
  Time since last request: 0.034830 seconds.
  path: Assets/Scripts/CircleLineGenerator.cs
  artifactKey: Guid(1a0d45d072749bd4db55e305e44ed191) Importer(815301076,1909f56bfc062723c751e8b465ee728b)
Start importing Assets/Scripts/CircleLineGenerator.cs using Guid(1a0d45d072749bd4db55e305e44ed191) Importer(815301076,1909f56bfc062723c751e8b465ee728b) (PreviewImporter) -> (artifact id: '00000000000000000000000000000000') in 0.0006297 seconds
Import Error Code:(4)
Message: Build asset version error: assets/scripts/circlelinegenerator.cs in SourceAssetDB has modification time of '2025-09-04T10:49:38.2957768Z' while content on disk has modification time of '2025-09-04T10:50:07.7020841Z'
  ERROR: Build asset version error: assets/scripts/circlelinegenerator.cs in SourceAssetDB has modification time of '2025-09-04T10:49:38.2957768Z' while content on disk has modification time of '2025-09-04T10:50:07.7020841Z'
Number of updated asset objects reloaded before import = 0Number of asset objects unloaded after import = 0

========================================================================
Received Import Request.
  Time since last request: 0.032758 seconds.
  path: Assets/Scripts/CircleLineGenerator.cs
  artifactKey: Guid(1a0d45d072749bd4db55e305e44ed191) Importer(815301076,1909f56bfc062723c751e8b465ee728b)
Start importing Assets/Scripts/CircleLineGenerator.cs using Guid(1a0d45d072749bd4db55e305e44ed191) Importer(815301076,1909f56bfc062723c751e8b465ee728b) (PreviewImporter) -> (artifact id: '00000000000000000000000000000000') in 0.0007553 seconds
Import Error Code:(4)
Message: Build asset version error: assets/scripts/circlelinegenerator.cs in SourceAssetDB has modification time of '2025-09-04T10:49:38.2957768Z' while content on disk has modification time of '2025-09-04T10:50:07.7020841Z'
  ERROR: Build asset version error: assets/scripts/circlelinegenerator.cs in SourceAssetDB has modification time of '2025-09-04T10:49:38.2957768Z' while content on disk has modification time of '2025-09-04T10:50:07.7020841Z'
Number of updated asset objects reloaded before import = 0Number of asset objects unloaded after import = 0

========================================================================
Received Import Request.
  Time since last request: 0.013710 seconds.
  path: Assets/Scripts/CircleLineGenerator.cs
  artifactKey: Guid(1a0d45d072749bd4db55e305e44ed191) Importer(815301076,1909f56bfc062723c751e8b465ee728b)
Start importing Assets/Scripts/CircleLineGenerator.cs using Guid(1a0d45d072749bd4db55e305e44ed191) Importer(815301076,1909f56bfc062723c751e8b465ee728b) (PreviewImporter) -> (artifact id: '00000000000000000000000000000000') in 0.0008039 seconds
Import Error Code:(4)
Message: Build asset version error: assets/scripts/circlelinegenerator.cs in SourceAssetDB has modification time of '2025-09-04T10:49:38.2957768Z' while content on disk has modification time of '2025-09-04T10:50:07.7020841Z'
  ERROR: Build asset version error: assets/scripts/circlelinegenerator.cs in SourceAssetDB has modification time of '2025-09-04T10:49:38.2957768Z' while content on disk has modification time of '2025-09-04T10:50:07.7020841Z'
Number of updated asset objects reloaded before import = 0Number of asset objects unloaded after import = 0

========================================================================
Received Import Request.
  Time since last request: 0.020291 seconds.
  path: Assets/Scripts/CircleLineGenerator.cs
  artifactKey: Guid(1a0d45d072749bd4db55e305e44ed191) Importer(815301076,1909f56bfc062723c751e8b465ee728b)
Start importing Assets/Scripts/CircleLineGenerator.cs using Guid(1a0d45d072749bd4db55e305e44ed191) Importer(815301076,1909f56bfc062723c751e8b465ee728b) (PreviewImporter) -> (artifact id: '00000000000000000000000000000000') in 0.0007759 seconds
Import Error Code:(4)
Message: Build asset version error: assets/scripts/circlelinegenerator.cs in SourceAssetDB has modification time of '2025-09-04T10:49:38.2957768Z' while content on disk has modification time of '2025-09-04T10:50:07.7020841Z'
  ERROR: Build asset version error: assets/scripts/circlelinegenerator.cs in SourceAssetDB has modification time of '2025-09-04T10:49:38.2957768Z' while content on disk has modification time of '2025-09-04T10:50:07.7020841Z'
Number of updated asset objects reloaded before import = 0Number of asset objects unloaded after import = 0

========================================================================
Received Import Request.
  Time since last request: 0.027896 seconds.
  path: Assets/Scripts/CircleLineGenerator.cs
  artifactKey: Guid(1a0d45d072749bd4db55e305e44ed191) Importer(815301076,1909f56bfc062723c751e8b465ee728b)
Start importing Assets/Scripts/CircleLineGenerator.cs using Guid(1a0d45d072749bd4db55e305e44ed191) Importer(815301076,1909f56bfc062723c751e8b465ee728b) (PreviewImporter) -> (artifact id: '00000000000000000000000000000000') in 0.0006198 seconds
Import Error Code:(4)
Message: Build asset version error: assets/scripts/circlelinegenerator.cs in SourceAssetDB has modification time of '2025-09-04T10:49:38.2957768Z' while content on disk has modification time of '2025-09-04T10:50:07.7020841Z'
  ERROR: Build asset version error: assets/scripts/circlelinegenerator.cs in SourceAssetDB has modification time of '2025-09-04T10:49:38.2957768Z' while content on disk has modification time of '2025-09-04T10:50:07.7020841Z'
Number of updated asset objects reloaded before import = 0Number of asset objects unloaded after import = 0

========================================================================
Received Import Request.
  Time since last request: 0.036066 seconds.
  path: Assets/Scripts/CircleLineGenerator.cs
  artifactKey: Guid(1a0d45d072749bd4db55e305e44ed191) Importer(815301076,1909f56bfc062723c751e8b465ee728b)
Start importing Assets/Scripts/CircleLineGenerator.cs using Guid(1a0d45d072749bd4db55e305e44ed191) Importer(815301076,1909f56bfc062723c751e8b465ee728b) (PreviewImporter) -> (artifact id: '00000000000000000000000000000000') in 0.001321 seconds
Import Error Code:(4)
Message: Build asset version error: assets/scripts/circlelinegenerator.cs in SourceAssetDB has modification time of '2025-09-04T10:49:38.2957768Z' while content on disk has modification time of '2025-09-04T10:50:07.7020841Z'
  ERROR: Build asset version error: assets/scripts/circlelinegenerator.cs in SourceAssetDB has modification time of '2025-09-04T10:49:38.2957768Z' while content on disk has modification time of '2025-09-04T10:50:07.7020841Z'
Number of updated asset objects reloaded before import = 0Number of asset objects unloaded after import = 0

========================================================================
Received Import Request.
  Time since last request: 0.013328 seconds.
  path: Assets/Scripts/CircleLineGenerator.cs
  artifactKey: Guid(1a0d45d072749bd4db55e305e44ed191) Importer(815301076,1909f56bfc062723c751e8b465ee728b)
Start importing Assets/Scripts/CircleLineGenerator.cs using Guid(1a0d45d072749bd4db55e305e44ed191) Importer(815301076,1909f56bfc062723c751e8b465ee728b) (PreviewImporter) -> (artifact id: '00000000000000000000000000000000') in 0.0006464 seconds
Import Error Code:(4)
Message: Build asset version error: assets/scripts/circlelinegenerator.cs in SourceAssetDB has modification time of '2025-09-04T10:49:38.2957768Z' while content on disk has modification time of '2025-09-04T10:50:07.7020841Z'
  ERROR: Build asset version error: assets/scripts/circlelinegenerator.cs in SourceAssetDB has modification time of '2025-09-04T10:49:38.2957768Z' while content on disk has modification time of '2025-09-04T10:50:07.7020841Z'
Number of updated asset objects reloaded before import = 0Number of asset objects unloaded after import = 0

========================================================================
Received Import Request.
  Time since last request: 0.015542 seconds.
  path: Assets/Scripts/CircleLineGenerator.cs
  artifactKey: Guid(1a0d45d072749bd4db55e305e44ed191) Importer(815301076,1909f56bfc062723c751e8b465ee728b)
Start importing Assets/Scripts/CircleLineGenerator.cs using Guid(1a0d45d072749bd4db55e305e44ed191) Importer(815301076,1909f56bfc062723c751e8b465ee728b) (PreviewImporter) -> (artifact id: '00000000000000000000000000000000') in 0.0006491 seconds
Import Error Code:(4)
Message: Build asset version error: assets/scripts/circlelinegenerator.cs in SourceAssetDB has modification time of '2025-09-04T10:49:38.2957768Z' while content on disk has modification time of '2025-09-04T10:50:07.7020841Z'
  ERROR: Build asset version error: assets/scripts/circlelinegenerator.cs in SourceAssetDB has modification time of '2025-09-04T10:49:38.2957768Z' while content on disk has modification time of '2025-09-04T10:50:07.7020841Z'
Number of updated asset objects reloaded before import = 0Number of asset objects unloaded after import = 0

========================================================================
Received Import Request.
  Time since last request: 0.030446 seconds.
  path: Assets/Scripts/CircleLineGenerator.cs
  artifactKey: Guid(1a0d45d072749bd4db55e305e44ed191) Importer(815301076,1909f56bfc062723c751e8b465ee728b)
Start importing Assets/Scripts/CircleLineGenerator.cs using Guid(1a0d45d072749bd4db55e305e44ed191) Importer(815301076,1909f56bfc062723c751e8b465ee728b) (PreviewImporter) -> (artifact id: '00000000000000000000000000000000') in 0.0006588 seconds
Import Error Code:(4)
Message: Build asset version error: assets/scripts/circlelinegenerator.cs in SourceAssetDB has modification time of '2025-09-04T10:49:38.2957768Z' while content on disk has modification time of '2025-09-04T10:50:07.7020841Z'
  ERROR: Build asset version error: assets/scripts/circlelinegenerator.cs in SourceAssetDB has modification time of '2025-09-04T10:49:38.2957768Z' while content on disk has modification time of '2025-09-04T10:50:07.7020841Z'
Number of updated asset objects reloaded before import = 0Number of asset objects unloaded after import = 0

========================================================================
Received Import Request.
  Time since last request: 0.038891 seconds.
  path: Assets/Scripts/CircleLineGenerator.cs
  artifactKey: Guid(1a0d45d072749bd4db55e305e44ed191) Importer(815301076,1909f56bfc062723c751e8b465ee728b)
Start importing Assets/Scripts/CircleLineGenerator.cs using Guid(1a0d45d072749bd4db55e305e44ed191) Importer(815301076,1909f56bfc062723c751e8b465ee728b) (PreviewImporter) -> (artifact id: '00000000000000000000000000000000') in 0.0005937 seconds
Import Error Code:(4)
Message: Build asset version error: assets/scripts/circlelinegenerator.cs in SourceAssetDB has modification time of '2025-09-04T10:49:38.2957768Z' while content on disk has modification time of '2025-09-04T10:50:07.7020841Z'
  ERROR: Build asset version error: assets/scripts/circlelinegenerator.cs in SourceAssetDB has modification time of '2025-09-04T10:49:38.2957768Z' while content on disk has modification time of '2025-09-04T10:50:07.7020841Z'
Number of updated asset objects reloaded before import = 0Number of asset objects unloaded after import = 0

========================================================================
Received Import Request.
  Time since last request: 0.037701 seconds.
  path: Assets/Scripts/CircleLineGenerator.cs
  artifactKey: Guid(1a0d45d072749bd4db55e305e44ed191) Importer(815301076,1909f56bfc062723c751e8b465ee728b)
Start importing Assets/Scripts/CircleLineGenerator.cs using Guid(1a0d45d072749bd4db55e305e44ed191) Importer(815301076,1909f56bfc062723c751e8b465ee728b) (PreviewImporter) -> (artifact id: '00000000000000000000000000000000') in 0.0005993 seconds
Import Error Code:(4)
Message: Build asset version error: assets/scripts/circlelinegenerator.cs in SourceAssetDB has modification time of '2025-09-04T10:49:38.2957768Z' while content on disk has modification time of '2025-09-04T10:50:07.7020841Z'
  ERROR: Build asset version error: assets/scripts/circlelinegenerator.cs in SourceAssetDB has modification time of '2025-09-04T10:49:38.2957768Z' while content on disk has modification time of '2025-09-04T10:50:07.7020841Z'
Number of updated asset objects reloaded before import = 0Number of asset objects unloaded after import = 0

========================================================================
Received Import Request.
  Time since last request: 0.037358 seconds.
  path: Assets/Scripts/CircleLineGenerator.cs
  artifactKey: Guid(1a0d45d072749bd4db55e305e44ed191) Importer(815301076,1909f56bfc062723c751e8b465ee728b)
Start importing Assets/Scripts/CircleLineGenerator.cs using Guid(1a0d45d072749bd4db55e305e44ed191) Importer(815301076,1909f56bfc062723c751e8b465ee728b) (PreviewImporter) -> (artifact id: '00000000000000000000000000000000') in 0.0007119 seconds
Import Error Code:(4)
Message: Build asset version error: assets/scripts/circlelinegenerator.cs in SourceAssetDB has modification time of '2025-09-04T10:49:38.2957768Z' while content on disk has modification time of '2025-09-04T10:50:07.7020841Z'
  ERROR: Build asset version error: assets/scripts/circlelinegenerator.cs in SourceAssetDB has modification time of '2025-09-04T10:49:38.2957768Z' while content on disk has modification time of '2025-09-04T10:50:07.7020841Z'
Number of updated asset objects reloaded before import = 0Number of asset objects unloaded after import = 0

========================================================================
Received Import Request.
  Time since last request: 0.003017 seconds.
  path: Assets/Scripts/CircleLineGenerator.cs
  artifactKey: Guid(1a0d45d072749bd4db55e305e44ed191) Importer(815301076,1909f56bfc062723c751e8b465ee728b)
Start importing Assets/Scripts/CircleLineGenerator.cs using Guid(1a0d45d072749bd4db55e305e44ed191) Importer(815301076,1909f56bfc062723c751e8b465ee728b) (PreviewImporter) -> (artifact id: '00000000000000000000000000000000') in 0.0005721 seconds
Import Error Code:(4)
Message: Build asset version error: assets/scripts/circlelinegenerator.cs in SourceAssetDB has modification time of '2025-09-04T10:49:38.2957768Z' while content on disk has modification time of '2025-09-04T10:50:07.7020841Z'
  ERROR: Build asset version error: assets/scripts/circlelinegenerator.cs in SourceAssetDB has modification time of '2025-09-04T10:49:38.2957768Z' while content on disk has modification time of '2025-09-04T10:50:07.7020841Z'
Number of updated asset objects reloaded before import = 0Number of asset objects unloaded after import = 0

========================================================================
Received Import Request.
  Time since last request: 0.026295 seconds.
  path: Assets/Scripts/CircleLineGenerator.cs
  artifactKey: Guid(1a0d45d072749bd4db55e305e44ed191) Importer(815301076,1909f56bfc062723c751e8b465ee728b)
Start importing Assets/Scripts/CircleLineGenerator.cs using Guid(1a0d45d072749bd4db55e305e44ed191) Importer(815301076,1909f56bfc062723c751e8b465ee728b) (PreviewImporter) -> (artifact id: '00000000000000000000000000000000') in 0.0007819 seconds
Import Error Code:(4)
Message: Build asset version error: assets/scripts/circlelinegenerator.cs in SourceAssetDB has modification time of '2025-09-04T10:49:38.2957768Z' while content on disk has modification time of '2025-09-04T10:50:07.7020841Z'
  ERROR: Build asset version error: assets/scripts/circlelinegenerator.cs in SourceAssetDB has modification time of '2025-09-04T10:49:38.2957768Z' while content on disk has modification time of '2025-09-04T10:50:07.7020841Z'
Number of updated asset objects reloaded before import = 0Number of asset objects unloaded after import = 0

========================================================================
Received Import Request.
  Time since last request: 0.033925 seconds.
  path: Assets/Scripts/CircleLineGenerator.cs
  artifactKey: Guid(1a0d45d072749bd4db55e305e44ed191) Importer(815301076,1909f56bfc062723c751e8b465ee728b)
Start importing Assets/Scripts/CircleLineGenerator.cs using Guid(1a0d45d072749bd4db55e305e44ed191) Importer(815301076,1909f56bfc062723c751e8b465ee728b) (PreviewImporter) -> (artifact id: '00000000000000000000000000000000') in 0.0006558 seconds
Import Error Code:(4)
Message: Build asset version error: assets/scripts/circlelinegenerator.cs in SourceAssetDB has modification time of '2025-09-04T10:49:38.2957768Z' while content on disk has modification time of '2025-09-04T10:50:07.7020841Z'
  ERROR: Build asset version error: assets/scripts/circlelinegenerator.cs in SourceAssetDB has modification time of '2025-09-04T10:49:38.2957768Z' while content on disk has modification time of '2025-09-04T10:50:07.7020841Z'
Number of updated asset objects reloaded before import = 0Number of asset objects unloaded after import = 0

========================================================================
Received Import Request.
  Time since last request: 0.038940 seconds.
  path: Assets/Scripts/CircleLineGenerator.cs
  artifactKey: Guid(1a0d45d072749bd4db55e305e44ed191) Importer(815301076,1909f56bfc062723c751e8b465ee728b)
Start importing Assets/Scripts/CircleLineGenerator.cs using Guid(1a0d45d072749bd4db55e305e44ed191) Importer(815301076,1909f56bfc062723c751e8b465ee728b) (PreviewImporter) -> (artifact id: '00000000000000000000000000000000') in 0.0005867 seconds
Import Error Code:(4)
Message: Build asset version error: assets/scripts/circlelinegenerator.cs in SourceAssetDB has modification time of '2025-09-04T10:49:38.2957768Z' while content on disk has modification time of '2025-09-04T10:50:07.7020841Z'
  ERROR: Build asset version error: assets/scripts/circlelinegenerator.cs in SourceAssetDB has modification time of '2025-09-04T10:49:38.2957768Z' while content on disk has modification time of '2025-09-04T10:50:07.7020841Z'
Number of updated asset objects reloaded before import = 0Number of asset objects unloaded after import = 0

========================================================================
Received Import Request.
  Time since last request: 0.034075 seconds.
  path: Assets/Scripts/CircleLineGenerator.cs
  artifactKey: Guid(1a0d45d072749bd4db55e305e44ed191) Importer(815301076,1909f56bfc062723c751e8b465ee728b)
Start importing Assets/Scripts/CircleLineGenerator.cs using Guid(1a0d45d072749bd4db55e305e44ed191) Importer(815301076,1909f56bfc062723c751e8b465ee728b) (PreviewImporter) -> (artifact id: '00000000000000000000000000000000') in 0.0006454 seconds
Import Error Code:(4)
Message: Build asset version error: assets/scripts/circlelinegenerator.cs in SourceAssetDB has modification time of '2025-09-04T10:49:38.2957768Z' while content on disk has modification time of '2025-09-04T10:50:07.7020841Z'
  ERROR: Build asset version error: assets/scripts/circlelinegenerator.cs in SourceAssetDB has modification time of '2025-09-04T10:49:38.2957768Z' while content on disk has modification time of '2025-09-04T10:50:07.7020841Z'
Number of updated asset objects reloaded before import = 0Number of asset objects unloaded after import = 0

========================================================================
Received Import Request.
  Time since last request: 0.036730 seconds.
  path: Assets/Scripts/CircleLineGenerator.cs
  artifactKey: Guid(1a0d45d072749bd4db55e305e44ed191) Importer(815301076,1909f56bfc062723c751e8b465ee728b)
Start importing Assets/Scripts/CircleLineGenerator.cs using Guid(1a0d45d072749bd4db55e305e44ed191) Importer(815301076,1909f56bfc062723c751e8b465ee728b) (PreviewImporter) -> (artifact id: '00000000000000000000000000000000') in 0.0006007 seconds
Import Error Code:(4)
Message: Build asset version error: assets/scripts/circlelinegenerator.cs in SourceAssetDB has modification time of '2025-09-04T10:49:38.2957768Z' while content on disk has modification time of '2025-09-04T10:50:07.7020841Z'
  ERROR: Build asset version error: assets/scripts/circlelinegenerator.cs in SourceAssetDB has modification time of '2025-09-04T10:49:38.2957768Z' while content on disk has modification time of '2025-09-04T10:50:07.7020841Z'
Number of updated asset objects reloaded before import = 0Number of asset objects unloaded after import = 0

========================================================================
Received Import Request.
  Time since last request: 0.030253 seconds.
  path: Assets/Scripts/CircleLineGenerator.cs
  artifactKey: Guid(1a0d45d072749bd4db55e305e44ed191) Importer(815301076,1909f56bfc062723c751e8b465ee728b)
Start importing Assets/Scripts/CircleLineGenerator.cs using Guid(1a0d45d072749bd4db55e305e44ed191) Importer(815301076,1909f56bfc062723c751e8b465ee728b) (PreviewImporter) -> (artifact id: '00000000000000000000000000000000') in 0.0006603 seconds
Import Error Code:(4)
Message: Build asset version error: assets/scripts/circlelinegenerator.cs in SourceAssetDB has modification time of '2025-09-04T10:49:38.2957768Z' while content on disk has modification time of '2025-09-04T10:50:07.7020841Z'
  ERROR: Build asset version error: assets/scripts/circlelinegenerator.cs in SourceAssetDB has modification time of '2025-09-04T10:49:38.2957768Z' while content on disk has modification time of '2025-09-04T10:50:07.7020841Z'
Number of updated asset objects reloaded before import = 0Number of asset objects unloaded after import = 0

========================================================================
Received Import Request.
  Time since last request: 0.031576 seconds.
  path: Assets/Scripts/CircleLineGenerator.cs
  artifactKey: Guid(1a0d45d072749bd4db55e305e44ed191) Importer(815301076,1909f56bfc062723c751e8b465ee728b)
Start importing Assets/Scripts/CircleLineGenerator.cs using Guid(1a0d45d072749bd4db55e305e44ed191) Importer(815301076,1909f56bfc062723c751e8b465ee728b) (PreviewImporter) -> (artifact id: '00000000000000000000000000000000') in 0.0006277 seconds
Import Error Code:(4)
Message: Build asset version error: assets/scripts/circlelinegenerator.cs in SourceAssetDB has modification time of '2025-09-04T10:49:38.2957768Z' while content on disk has modification time of '2025-09-04T10:50:07.7020841Z'
  ERROR: Build asset version error: assets/scripts/circlelinegenerator.cs in SourceAssetDB has modification time of '2025-09-04T10:49:38.2957768Z' while content on disk has modification time of '2025-09-04T10:50:07.7020841Z'
Number of updated asset objects reloaded before import = 0Number of asset objects unloaded after import = 0

========================================================================
Received Import Request.
  Time since last request: 0.034867 seconds.
  path: Assets/Scripts/CircleLineGenerator.cs
  artifactKey: Guid(1a0d45d072749bd4db55e305e44ed191) Importer(815301076,1909f56bfc062723c751e8b465ee728b)
Start importing Assets/Scripts/CircleLineGenerator.cs using Guid(1a0d45d072749bd4db55e305e44ed191) Importer(815301076,1909f56bfc062723c751e8b465ee728b) (PreviewImporter) -> (artifact id: '00000000000000000000000000000000') in 0.0008458 seconds
Import Error Code:(4)
Message: Build asset version error: assets/scripts/circlelinegenerator.cs in SourceAssetDB has modification time of '2025-09-04T10:49:38.2957768Z' while content on disk has modification time of '2025-09-04T10:50:07.7020841Z'
  ERROR: Build asset version error: assets/scripts/circlelinegenerator.cs in SourceAssetDB has modification time of '2025-09-04T10:49:38.2957768Z' while content on disk has modification time of '2025-09-04T10:50:07.7020841Z'
Number of updated asset objects reloaded before import = 0Number of asset objects unloaded after import = 0

========================================================================
Received Import Request.
  Time since last request: 0.019902 seconds.
  path: Assets/Scripts/CircleLineGenerator.cs
  artifactKey: Guid(1a0d45d072749bd4db55e305e44ed191) Importer(815301076,1909f56bfc062723c751e8b465ee728b)
Start importing Assets/Scripts/CircleLineGenerator.cs using Guid(1a0d45d072749bd4db55e305e44ed191) Importer(815301076,1909f56bfc062723c751e8b465ee728b) (PreviewImporter) -> (artifact id: '00000000000000000000000000000000') in 0.0007832 seconds
Import Error Code:(4)
Message: Build asset version error: assets/scripts/circlelinegenerator.cs in SourceAssetDB has modification time of '2025-09-04T10:49:38.2957768Z' while content on disk has modification time of '2025-09-04T10:50:07.7020841Z'
  ERROR: Build asset version error: assets/scripts/circlelinegenerator.cs in SourceAssetDB has modification time of '2025-09-04T10:49:38.2957768Z' while content on disk has modification time of '2025-09-04T10:50:07.7020841Z'
Number of updated asset objects reloaded before import = 0Number of asset objects unloaded after import = 0

========================================================================
Received Import Request.
  Time since last request: 0.018019 seconds.
  path: Assets/Scripts/CircleLineGenerator.cs
  artifactKey: Guid(1a0d45d072749bd4db55e305e44ed191) Importer(815301076,1909f56bfc062723c751e8b465ee728b)
Start importing Assets/Scripts/CircleLineGenerator.cs using Guid(1a0d45d072749bd4db55e305e44ed191) Importer(815301076,1909f56bfc062723c751e8b465ee728b) (PreviewImporter) -> (artifact id: '00000000000000000000000000000000') in 0.0008369 seconds
Import Error Code:(4)
Message: Build asset version error: assets/scripts/circlelinegenerator.cs in SourceAssetDB has modification time of '2025-09-04T10:49:38.2957768Z' while content on disk has modification time of '2025-09-04T10:50:07.7020841Z'
  ERROR: Build asset version error: assets/scripts/circlelinegenerator.cs in SourceAssetDB has modification time of '2025-09-04T10:49:38.2957768Z' while content on disk has modification time of '2025-09-04T10:50:07.7020841Z'
Number of updated asset objects reloaded before import = 0Number of asset objects unloaded after import = 0

========================================================================
Received Import Request.
  Time since last request: 0.028113 seconds.
  path: Assets/Scripts/CircleLineGenerator.cs
  artifactKey: Guid(1a0d45d072749bd4db55e305e44ed191) Importer(815301076,1909f56bfc062723c751e8b465ee728b)
Start importing Assets/Scripts/CircleLineGenerator.cs using Guid(1a0d45d072749bd4db55e305e44ed191) Importer(815301076,1909f56bfc062723c751e8b465ee728b) (PreviewImporter) -> (artifact id: '00000000000000000000000000000000') in 0.0006246 seconds
Import Error Code:(4)
Message: Build asset version error: assets/scripts/circlelinegenerator.cs in SourceAssetDB has modification time of '2025-09-04T10:49:38.2957768Z' while content on disk has modification time of '2025-09-04T10:50:07.7020841Z'
  ERROR: Build asset version error: assets/scripts/circlelinegenerator.cs in SourceAssetDB has modification time of '2025-09-04T10:49:38.2957768Z' while content on disk has modification time of '2025-09-04T10:50:07.7020841Z'
Number of updated asset objects reloaded before import = 0Number of asset objects unloaded after import = 0

========================================================================
Received Import Request.
  Time since last request: 0.034219 seconds.
  path: Assets/Scripts/CircleLineGenerator.cs
  artifactKey: Guid(1a0d45d072749bd4db55e305e44ed191) Importer(815301076,1909f56bfc062723c751e8b465ee728b)
Start importing Assets/Scripts/CircleLineGenerator.cs using Guid(1a0d45d072749bd4db55e305e44ed191) Importer(815301076,1909f56bfc062723c751e8b465ee728b) (PreviewImporter) -> (artifact id: '00000000000000000000000000000000') in 0.0007056 seconds
Import Error Code:(4)
Message: Build asset version error: assets/scripts/circlelinegenerator.cs in SourceAssetDB has modification time of '2025-09-04T10:49:38.2957768Z' while content on disk has modification time of '2025-09-04T10:50:07.7020841Z'
  ERROR: Build asset version error: assets/scripts/circlelinegenerator.cs in SourceAssetDB has modification time of '2025-09-04T10:49:38.2957768Z' while content on disk has modification time of '2025-09-04T10:50:07.7020841Z'
Number of updated asset objects reloaded before import = 0Number of asset objects unloaded after import = 0

========================================================================
Received Import Request.
  Time since last request: 0.033802 seconds.
  path: Assets/Scripts/CircleLineGenerator.cs
  artifactKey: Guid(1a0d45d072749bd4db55e305e44ed191) Importer(815301076,1909f56bfc062723c751e8b465ee728b)
Start importing Assets/Scripts/CircleLineGenerator.cs using Guid(1a0d45d072749bd4db55e305e44ed191) Importer(815301076,1909f56bfc062723c751e8b465ee728b) (PreviewImporter) -> (artifact id: '00000000000000000000000000000000') in 0.0009434 seconds
Import Error Code:(4)
Message: Build asset version error: assets/scripts/circlelinegenerator.cs in SourceAssetDB has modification time of '2025-09-04T10:49:38.2957768Z' while content on disk has modification time of '2025-09-04T10:50:07.7020841Z'
  ERROR: Build asset version error: assets/scripts/circlelinegenerator.cs in SourceAssetDB has modification time of '2025-09-04T10:49:38.2957768Z' while content on disk has modification time of '2025-09-04T10:50:07.7020841Z'
Number of updated asset objects reloaded before import = 0Number of asset objects unloaded after import = 0

========================================================================
Received Import Request.
  Time since last request: 0.027680 seconds.
  path: Assets/Scripts/CircleLineGenerator.cs
  artifactKey: Guid(1a0d45d072749bd4db55e305e44ed191) Importer(815301076,1909f56bfc062723c751e8b465ee728b)
Start importing Assets/Scripts/CircleLineGenerator.cs using Guid(1a0d45d072749bd4db55e305e44ed191) Importer(815301076,1909f56bfc062723c751e8b465ee728b) (PreviewImporter) -> (artifact id: '00000000000000000000000000000000') in 0.0007819 seconds
Import Error Code:(4)
Message: Build asset version error: assets/scripts/circlelinegenerator.cs in SourceAssetDB has modification time of '2025-09-04T10:49:38.2957768Z' while content on disk has modification time of '2025-09-04T10:50:07.7020841Z'
  ERROR: Build asset version error: assets/scripts/circlelinegenerator.cs in SourceAssetDB has modification time of '2025-09-04T10:49:38.2957768Z' while content on disk has modification time of '2025-09-04T10:50:07.7020841Z'
Number of updated asset objects reloaded before import = 0Number of asset objects unloaded after import = 0

========================================================================
Received Import Request.
  Time since last request: 0.001013 seconds.
  path: Assets/Scripts/CircleLineGenerator.cs
  artifactKey: Guid(1a0d45d072749bd4db55e305e44ed191) Importer(815301076,1909f56bfc062723c751e8b465ee728b)
Start importing Assets/Scripts/CircleLineGenerator.cs using Guid(1a0d45d072749bd4db55e305e44ed191) Importer(815301076,1909f56bfc062723c751e8b465ee728b) (PreviewImporter) -> (artifact id: '00000000000000000000000000000000') in 0.0006218 seconds
Import Error Code:(4)
Message: Build asset version error: assets/scripts/circlelinegenerator.cs in SourceAssetDB has modification time of '2025-09-04T10:49:38.2957768Z' while content on disk has modification time of '2025-09-04T10:50:07.7020841Z'
  ERROR: Build asset version error: assets/scripts/circlelinegenerator.cs in SourceAssetDB has modification time of '2025-09-04T10:49:38.2957768Z' while content on disk has modification time of '2025-09-04T10:50:07.7020841Z'
Number of updated asset objects reloaded before import = 0Number of asset objects unloaded after import = 0

========================================================================
Received Import Request.
  Time since last request: 0.026471 seconds.
  path: Assets/Scripts/CircleLineGenerator.cs
  artifactKey: Guid(1a0d45d072749bd4db55e305e44ed191) Importer(815301076,1909f56bfc062723c751e8b465ee728b)
Start importing Assets/Scripts/CircleLineGenerator.cs using Guid(1a0d45d072749bd4db55e305e44ed191) Importer(815301076,1909f56bfc062723c751e8b465ee728b) (PreviewImporter) -> (artifact id: '00000000000000000000000000000000') in 0.0006108 seconds
Import Error Code:(4)
Message: Build asset version error: assets/scripts/circlelinegenerator.cs in SourceAssetDB has modification time of '2025-09-04T10:49:38.2957768Z' while content on disk has modification time of '2025-09-04T10:50:07.7020841Z'
  ERROR: Build asset version error: assets/scripts/circlelinegenerator.cs in SourceAssetDB has modification time of '2025-09-04T10:49:38.2957768Z' while content on disk has modification time of '2025-09-04T10:50:07.7020841Z'
Number of updated asset objects reloaded before import = 0Number of asset objects unloaded after import = 0

========================================================================
Received Import Request.
  Time since last request: 0.040131 seconds.
  path: Assets/Scripts/CircleLineGenerator.cs
  artifactKey: Guid(1a0d45d072749bd4db55e305e44ed191) Importer(815301076,1909f56bfc062723c751e8b465ee728b)
Start importing Assets/Scripts/CircleLineGenerator.cs using Guid(1a0d45d072749bd4db55e305e44ed191) Importer(815301076,1909f56bfc062723c751e8b465ee728b) (PreviewImporter) -> (artifact id: '00000000000000000000000000000000') in 0.0006447 seconds
Import Error Code:(4)
Message: Build asset version error: assets/scripts/circlelinegenerator.cs in SourceAssetDB has modification time of '2025-09-04T10:49:38.2957768Z' while content on disk has modification time of '2025-09-04T10:50:07.7020841Z'
  ERROR: Build asset version error: assets/scripts/circlelinegenerator.cs in SourceAssetDB has modification time of '2025-09-04T10:49:38.2957768Z' while content on disk has modification time of '2025-09-04T10:50:07.7020841Z'
Number of updated asset objects reloaded before import = 0Number of asset objects unloaded after import = 0

========================================================================
Received Import Request.
  Time since last request: 0.039215 seconds.
  path: Assets/Scripts/CircleLineGenerator.cs
  artifactKey: Guid(1a0d45d072749bd4db55e305e44ed191) Importer(815301076,1909f56bfc062723c751e8b465ee728b)
Start importing Assets/Scripts/CircleLineGenerator.cs using Guid(1a0d45d072749bd4db55e305e44ed191) Importer(815301076,1909f56bfc062723c751e8b465ee728b) (PreviewImporter) -> (artifact id: '00000000000000000000000000000000') in 0.000681 seconds
Import Error Code:(4)
Message: Build asset version error: assets/scripts/circlelinegenerator.cs in SourceAssetDB has modification time of '2025-09-04T10:49:38.2957768Z' while content on disk has modification time of '2025-09-04T10:50:07.7020841Z'
  ERROR: Build asset version error: assets/scripts/circlelinegenerator.cs in SourceAssetDB has modification time of '2025-09-04T10:49:38.2957768Z' while content on disk has modification time of '2025-09-04T10:50:07.7020841Z'
Number of updated asset objects reloaded before import = 0Number of asset objects unloaded after import = 0

========================================================================
Received Import Request.
  Time since last request: 0.030646 seconds.
  path: Assets/Scripts/CircleLineGenerator.cs
  artifactKey: Guid(1a0d45d072749bd4db55e305e44ed191) Importer(815301076,1909f56bfc062723c751e8b465ee728b)
Start importing Assets/Scripts/CircleLineGenerator.cs using Guid(1a0d45d072749bd4db55e305e44ed191) Importer(815301076,1909f56bfc062723c751e8b465ee728b) (PreviewImporter) -> (artifact id: '00000000000000000000000000000000') in 0.0005635 seconds
Import Error Code:(4)
Message: Build asset version error: assets/scripts/circlelinegenerator.cs in SourceAssetDB has modification time of '2025-09-04T10:49:38.2957768Z' while content on disk has modification time of '2025-09-04T10:50:07.7020841Z'
  ERROR: Build asset version error: assets/scripts/circlelinegenerator.cs in SourceAssetDB has modification time of '2025-09-04T10:49:38.2957768Z' while content on disk has modification time of '2025-09-04T10:50:07.7020841Z'
Number of updated asset objects reloaded before import = 0Number of asset objects unloaded after import = 0

========================================================================
Received Import Request.
  Time since last request: 0.044769 seconds.
  path: Assets/Scripts/CircleLineGenerator.cs
  artifactKey: Guid(1a0d45d072749bd4db55e305e44ed191) Importer(815301076,1909f56bfc062723c751e8b465ee728b)
Start importing Assets/Scripts/CircleLineGenerator.cs using Guid(1a0d45d072749bd4db55e305e44ed191) Importer(815301076,1909f56bfc062723c751e8b465ee728b) (PreviewImporter) -> (artifact id: '00000000000000000000000000000000') in 0.0005903 seconds
Import Error Code:(4)
Message: Build asset version error: assets/scripts/circlelinegenerator.cs in SourceAssetDB has modification time of '2025-09-04T10:49:38.2957768Z' while content on disk has modification time of '2025-09-04T10:50:07.7020841Z'
  ERROR: Build asset version error: assets/scripts/circlelinegenerator.cs in SourceAssetDB has modification time of '2025-09-04T10:49:38.2957768Z' while content on disk has modification time of '2025-09-04T10:50:07.7020841Z'
Number of updated asset objects reloaded before import = 0Number of asset objects unloaded after import = 0

========================================================================
Received Import Request.
  Time since last request: 0.034383 seconds.
  path: Assets/Scripts/CircleLineGenerator.cs
  artifactKey: Guid(1a0d45d072749bd4db55e305e44ed191) Importer(815301076,1909f56bfc062723c751e8b465ee728b)
Start importing Assets/Scripts/CircleLineGenerator.cs using Guid(1a0d45d072749bd4db55e305e44ed191) Importer(815301076,1909f56bfc062723c751e8b465ee728b) (PreviewImporter) -> (artifact id: '00000000000000000000000000000000') in 0.0005998 seconds
Import Error Code:(4)
Message: Build asset version error: assets/scripts/circlelinegenerator.cs in SourceAssetDB has modification time of '2025-09-04T10:49:38.2957768Z' while content on disk has modification time of '2025-09-04T10:50:07.7020841Z'
  ERROR: Build asset version error: assets/scripts/circlelinegenerator.cs in SourceAssetDB has modification time of '2025-09-04T10:49:38.2957768Z' while content on disk has modification time of '2025-09-04T10:50:07.7020841Z'
Number of updated asset objects reloaded before import = 0Number of asset objects unloaded after import = 0

========================================================================
Received Import Request.
  Time since last request: 0.044029 seconds.
  path: Assets/Scripts/CircleLineGenerator.cs
  artifactKey: Guid(1a0d45d072749bd4db55e305e44ed191) Importer(815301076,1909f56bfc062723c751e8b465ee728b)
Start importing Assets/Scripts/CircleLineGenerator.cs using Guid(1a0d45d072749bd4db55e305e44ed191) Importer(815301076,1909f56bfc062723c751e8b465ee728b) (PreviewImporter) -> (artifact id: '00000000000000000000000000000000') in 0.0005837 seconds
Import Error Code:(4)
Message: Build asset version error: assets/scripts/circlelinegenerator.cs in SourceAssetDB has modification time of '2025-09-04T10:49:38.2957768Z' while content on disk has modification time of '2025-09-04T10:50:07.7020841Z'
  ERROR: Build asset version error: assets/scripts/circlelinegenerator.cs in SourceAssetDB has modification time of '2025-09-04T10:49:38.2957768Z' while content on disk has modification time of '2025-09-04T10:50:07.7020841Z'
Number of updated asset objects reloaded before import = 0Number of asset objects unloaded after import = 0

========================================================================
Received Import Request.
  Time since last request: 0.036513 seconds.
  path: Assets/Scripts/CircleLineGenerator.cs
  artifactKey: Guid(1a0d45d072749bd4db55e305e44ed191) Importer(815301076,1909f56bfc062723c751e8b465ee728b)
Start importing Assets/Scripts/CircleLineGenerator.cs using Guid(1a0d45d072749bd4db55e305e44ed191) Importer(815301076,1909f56bfc062723c751e8b465ee728b) (PreviewImporter) -> (artifact id: '00000000000000000000000000000000') in 0.0006081 seconds
Import Error Code:(4)
Message: Build asset version error: assets/scripts/circlelinegenerator.cs in SourceAssetDB has modification time of '2025-09-04T10:49:38.2957768Z' while content on disk has modification time of '2025-09-04T10:50:07.7020841Z'
  ERROR: Build asset version error: assets/scripts/circlelinegenerator.cs in SourceAssetDB has modification time of '2025-09-04T10:49:38.2957768Z' while content on disk has modification time of '2025-09-04T10:50:07.7020841Z'
Number of updated asset objects reloaded before import = 0Number of asset objects unloaded after import = 0

========================================================================
Received Import Request.
  Time since last request: 0.045435 seconds.
  path: Assets/Scripts/CircleLineGenerator.cs
  artifactKey: Guid(1a0d45d072749bd4db55e305e44ed191) Importer(815301076,1909f56bfc062723c751e8b465ee728b)
Start importing Assets/Scripts/CircleLineGenerator.cs using Guid(1a0d45d072749bd4db55e305e44ed191) Importer(815301076,1909f56bfc062723c751e8b465ee728b) (PreviewImporter) -> (artifact id: '00000000000000000000000000000000') in 0.0005661 seconds
Import Error Code:(4)
Message: Build asset version error: assets/scripts/circlelinegenerator.cs in SourceAssetDB has modification time of '2025-09-04T10:49:38.2957768Z' while content on disk has modification time of '2025-09-04T10:50:07.7020841Z'
  ERROR: Build asset version error: assets/scripts/circlelinegenerator.cs in SourceAssetDB has modification time of '2025-09-04T10:49:38.2957768Z' while content on disk has modification time of '2025-09-04T10:50:07.7020841Z'
Number of updated asset objects reloaded before import = 0Number of asset objects unloaded after import = 0

========================================================================
Received Import Request.
  Time since last request: 0.035476 seconds.
  path: Assets/Scripts/CircleLineGenerator.cs
  artifactKey: Guid(1a0d45d072749bd4db55e305e44ed191) Importer(815301076,1909f56bfc062723c751e8b465ee728b)
Start importing Assets/Scripts/CircleLineGenerator.cs using Guid(1a0d45d072749bd4db55e305e44ed191) Importer(815301076,1909f56bfc062723c751e8b465ee728b) (PreviewImporter) -> (artifact id: '00000000000000000000000000000000') in 0.0006428 seconds
Import Error Code:(4)
Message: Build asset version error: assets/scripts/circlelinegenerator.cs in SourceAssetDB has modification time of '2025-09-04T10:49:38.2957768Z' while content on disk has modification time of '2025-09-04T10:50:07.7020841Z'
  ERROR: Build asset version error: assets/scripts/circlelinegenerator.cs in SourceAssetDB has modification time of '2025-09-04T10:49:38.2957768Z' while content on disk has modification time of '2025-09-04T10:50:07.7020841Z'
Number of updated asset objects reloaded before import = 0Number of asset objects unloaded after import = 0

========================================================================
Received Import Request.
  Time since last request: 0.032729 seconds.
  path: Assets/Scripts/CircleLineGenerator.cs
  artifactKey: Guid(1a0d45d072749bd4db55e305e44ed191) Importer(815301076,1909f56bfc062723c751e8b465ee728b)
Start importing Assets/Scripts/CircleLineGenerator.cs using Guid(1a0d45d072749bd4db55e305e44ed191) Importer(815301076,1909f56bfc062723c751e8b465ee728b) (PreviewImporter) -> (artifact id: '00000000000000000000000000000000') in 0.0006667 seconds
Import Error Code:(4)
Message: Build asset version error: assets/scripts/circlelinegenerator.cs in SourceAssetDB has modification time of '2025-09-04T10:49:38.2957768Z' while content on disk has modification time of '2025-09-04T10:50:07.7020841Z'
  ERROR: Build asset version error: assets/scripts/circlelinegenerator.cs in SourceAssetDB has modification time of '2025-09-04T10:49:38.2957768Z' while content on disk has modification time of '2025-09-04T10:50:07.7020841Z'
Number of updated asset objects reloaded before import = 0Number of asset objects unloaded after import = 0

========================================================================
Received Import Request.
  Time since last request: 0.023437 seconds.
  path: Assets/Scripts/CircleLineGenerator.cs
  artifactKey: Guid(1a0d45d072749bd4db55e305e44ed191) Importer(815301076,1909f56bfc062723c751e8b465ee728b)
Start importing Assets/Scripts/CircleLineGenerator.cs using Guid(1a0d45d072749bd4db55e305e44ed191) Importer(815301076,1909f56bfc062723c751e8b465ee728b) (PreviewImporter) -> (artifact id: '00000000000000000000000000000000') in 0.000735 seconds
Import Error Code:(4)
Message: Build asset version error: assets/scripts/circlelinegenerator.cs in SourceAssetDB has modification time of '2025-09-04T10:49:38.2957768Z' while content on disk has modification time of '2025-09-04T10:50:07.7020841Z'
  ERROR: Build asset version error: assets/scripts/circlelinegenerator.cs in SourceAssetDB has modification time of '2025-09-04T10:49:38.2957768Z' while content on disk has modification time of '2025-09-04T10:50:07.7020841Z'
Number of updated asset objects reloaded before import = 0Number of asset objects unloaded after import = 0

========================================================================
Received Import Request.
  Time since last request: 0.025756 seconds.
  path: Assets/Scripts/CircleLineGenerator.cs
  artifactKey: Guid(1a0d45d072749bd4db55e305e44ed191) Importer(815301076,1909f56bfc062723c751e8b465ee728b)
Start importing Assets/Scripts/CircleLineGenerator.cs using Guid(1a0d45d072749bd4db55e305e44ed191) Importer(815301076,1909f56bfc062723c751e8b465ee728b) (PreviewImporter) -> (artifact id: '00000000000000000000000000000000') in 0.0005949 seconds
Import Error Code:(4)
Message: Build asset version error: assets/scripts/circlelinegenerator.cs in SourceAssetDB has modification time of '2025-09-04T10:49:38.2957768Z' while content on disk has modification time of '2025-09-04T10:50:07.7020841Z'
  ERROR: Build asset version error: assets/scripts/circlelinegenerator.cs in SourceAssetDB has modification time of '2025-09-04T10:49:38.2957768Z' while content on disk has modification time of '2025-09-04T10:50:07.7020841Z'
Number of updated asset objects reloaded before import = 0Number of asset objects unloaded after import = 0

========================================================================
Received Import Request.
  Time since last request: 0.024447 seconds.
  path: Assets/Scripts/CircleLineGenerator.cs
  artifactKey: Guid(1a0d45d072749bd4db55e305e44ed191) Importer(815301076,1909f56bfc062723c751e8b465ee728b)
Start importing Assets/Scripts/CircleLineGenerator.cs using Guid(1a0d45d072749bd4db55e305e44ed191) Importer(815301076,1909f56bfc062723c751e8b465ee728b) (PreviewImporter) -> (artifact id: '00000000000000000000000000000000') in 0.0006574 seconds
Import Error Code:(4)
Message: Build asset version error: assets/scripts/circlelinegenerator.cs in SourceAssetDB has modification time of '2025-09-04T10:49:38.2957768Z' while content on disk has modification time of '2025-09-04T10:50:07.7020841Z'
  ERROR: Build asset version error: assets/scripts/circlelinegenerator.cs in SourceAssetDB has modification time of '2025-09-04T10:49:38.2957768Z' while content on disk has modification time of '2025-09-04T10:50:07.7020841Z'
Number of updated asset objects reloaded before import = 0Number of asset objects unloaded after import = 0

========================================================================
Received Import Request.
  Time since last request: 0.025741 seconds.
  path: Assets/Scripts/CircleLineGenerator.cs
  artifactKey: Guid(1a0d45d072749bd4db55e305e44ed191) Importer(815301076,1909f56bfc062723c751e8b465ee728b)
Start importing Assets/Scripts/CircleLineGenerator.cs using Guid(1a0d45d072749bd4db55e305e44ed191) Importer(815301076,1909f56bfc062723c751e8b465ee728b) (PreviewImporter) -> (artifact id: '00000000000000000000000000000000') in 0.0006003 seconds
Import Error Code:(4)
Message: Build asset version error: assets/scripts/circlelinegenerator.cs in SourceAssetDB has modification time of '2025-09-04T10:49:38.2957768Z' while content on disk has modification time of '2025-09-04T10:50:07.7020841Z'
  ERROR: Build asset version error: assets/scripts/circlelinegenerator.cs in SourceAssetDB has modification time of '2025-09-04T10:49:38.2957768Z' while content on disk has modification time of '2025-09-04T10:50:07.7020841Z'
Number of updated asset objects reloaded before import = 0Number of asset objects unloaded after import = 0

========================================================================
Received Import Request.
  Time since last request: 0.033849 seconds.
  path: Assets/Scripts/CircleLineGenerator.cs
  artifactKey: Guid(1a0d45d072749bd4db55e305e44ed191) Importer(815301076,1909f56bfc062723c751e8b465ee728b)
Start importing Assets/Scripts/CircleLineGenerator.cs using Guid(1a0d45d072749bd4db55e305e44ed191) Importer(815301076,1909f56bfc062723c751e8b465ee728b) (PreviewImporter) -> (artifact id: '00000000000000000000000000000000') in 0.000934 seconds
Import Error Code:(4)
Message: Build asset version error: assets/scripts/circlelinegenerator.cs in SourceAssetDB has modification time of '2025-09-04T10:49:38.2957768Z' while content on disk has modification time of '2025-09-04T10:50:07.7020841Z'
  ERROR: Build asset version error: assets/scripts/circlelinegenerator.cs in SourceAssetDB has modification time of '2025-09-04T10:49:38.2957768Z' while content on disk has modification time of '2025-09-04T10:50:07.7020841Z'
Number of updated asset objects reloaded before import = 0Number of asset objects unloaded after import = 0

========================================================================
Received Import Request.
  Time since last request: 0.013170 seconds.
  path: Assets/Scripts/CircleLineGenerator.cs
  artifactKey: Guid(1a0d45d072749bd4db55e305e44ed191) Importer(815301076,1909f56bfc062723c751e8b465ee728b)
Start importing Assets/Scripts/CircleLineGenerator.cs using Guid(1a0d45d072749bd4db55e305e44ed191) Importer(815301076,1909f56bfc062723c751e8b465ee728b) (PreviewImporter) -> (artifact id: '00000000000000000000000000000000') in 0.0010031 seconds
Import Error Code:(4)
Message: Build asset version error: assets/scripts/circlelinegenerator.cs in SourceAssetDB has modification time of '2025-09-04T10:49:38.2957768Z' while content on disk has modification time of '2025-09-04T10:50:07.7020841Z'
  ERROR: Build asset version error: assets/scripts/circlelinegenerator.cs in SourceAssetDB has modification time of '2025-09-04T10:49:38.2957768Z' while content on disk has modification time of '2025-09-04T10:50:07.7020841Z'
Number of updated asset objects reloaded before import = 0Number of asset objects unloaded after import = 0

========================================================================
Received Import Request.
  Time since last request: 0.039972 seconds.
  path: Assets/Scripts/CircleLineGenerator.cs
  artifactKey: Guid(1a0d45d072749bd4db55e305e44ed191) Importer(815301076,1909f56bfc062723c751e8b465ee728b)
Start importing Assets/Scripts/CircleLineGenerator.cs using Guid(1a0d45d072749bd4db55e305e44ed191) Importer(815301076,1909f56bfc062723c751e8b465ee728b) (PreviewImporter) -> (artifact id: '00000000000000000000000000000000') in 0.0007365 seconds
Import Error Code:(4)
Message: Build asset version error: assets/scripts/circlelinegenerator.cs in SourceAssetDB has modification time of '2025-09-04T10:49:38.2957768Z' while content on disk has modification time of '2025-09-04T10:50:07.7020841Z'
  ERROR: Build asset version error: assets/scripts/circlelinegenerator.cs in SourceAssetDB has modification time of '2025-09-04T10:49:38.2957768Z' while content on disk has modification time of '2025-09-04T10:50:07.7020841Z'
Number of updated asset objects reloaded before import = 0Number of asset objects unloaded after import = 0

========================================================================
Received Import Request.
  Time since last request: 0.020455 seconds.
  path: Assets/Scripts/CircleLineGenerator.cs
  artifactKey: Guid(1a0d45d072749bd4db55e305e44ed191) Importer(815301076,1909f56bfc062723c751e8b465ee728b)
Start importing Assets/Scripts/CircleLineGenerator.cs using Guid(1a0d45d072749bd4db55e305e44ed191) Importer(815301076,1909f56bfc062723c751e8b465ee728b) (PreviewImporter) -> (artifact id: '00000000000000000000000000000000') in 0.0005902 seconds
Import Error Code:(4)
Message: Build asset version error: assets/scripts/circlelinegenerator.cs in SourceAssetDB has modification time of '2025-09-04T10:49:38.2957768Z' while content on disk has modification time of '2025-09-04T10:50:07.7020841Z'
  ERROR: Build asset version error: assets/scripts/circlelinegenerator.cs in SourceAssetDB has modification time of '2025-09-04T10:49:38.2957768Z' while content on disk has modification time of '2025-09-04T10:50:07.7020841Z'
Number of updated asset objects reloaded before import = 0Number of asset objects unloaded after import = 0

========================================================================
Received Import Request.
  Time since last request: 0.033411 seconds.
  path: Assets/Scripts/CircleLineGenerator.cs
  artifactKey: Guid(1a0d45d072749bd4db55e305e44ed191) Importer(815301076,1909f56bfc062723c751e8b465ee728b)
Start importing Assets/Scripts/CircleLineGenerator.cs using Guid(1a0d45d072749bd4db55e305e44ed191) Importer(815301076,1909f56bfc062723c751e8b465ee728b) (PreviewImporter) -> (artifact id: '00000000000000000000000000000000') in 0.0006916 seconds
Import Error Code:(4)
Message: Build asset version error: assets/scripts/circlelinegenerator.cs in SourceAssetDB has modification time of '2025-09-04T10:49:38.2957768Z' while content on disk has modification time of '2025-09-04T10:50:07.7020841Z'
  ERROR: Build asset version error: assets/scripts/circlelinegenerator.cs in SourceAssetDB has modification time of '2025-09-04T10:49:38.2957768Z' while content on disk has modification time of '2025-09-04T10:50:07.7020841Z'
Number of updated asset objects reloaded before import = 0Number of asset objects unloaded after import = 0

========================================================================
Received Import Request.
  Time since last request: 0.031810 seconds.
  path: Assets/Scripts/CircleLineGenerator.cs
  artifactKey: Guid(1a0d45d072749bd4db55e305e44ed191) Importer(815301076,1909f56bfc062723c751e8b465ee728b)
Start importing Assets/Scripts/CircleLineGenerator.cs using Guid(1a0d45d072749bd4db55e305e44ed191) Importer(815301076,1909f56bfc062723c751e8b465ee728b) (PreviewImporter) -> (artifact id: '00000000000000000000000000000000') in 0.0012006 seconds
Import Error Code:(4)
Message: Build asset version error: assets/scripts/circlelinegenerator.cs in SourceAssetDB has modification time of '2025-09-04T10:49:38.2957768Z' while content on disk has modification time of '2025-09-04T10:50:07.7020841Z'
  ERROR: Build asset version error: assets/scripts/circlelinegenerator.cs in SourceAssetDB has modification time of '2025-09-04T10:49:38.2957768Z' while content on disk has modification time of '2025-09-04T10:50:07.7020841Z'
Number of updated asset objects reloaded before import = 0Number of asset objects unloaded after import = 0

========================================================================
Received Import Request.
  Time since last request: 0.006359 seconds.
  path: Assets/Scripts/CircleLineGenerator.cs
  artifactKey: Guid(1a0d45d072749bd4db55e305e44ed191) Importer(815301076,1909f56bfc062723c751e8b465ee728b)
Start importing Assets/Scripts/CircleLineGenerator.cs using Guid(1a0d45d072749bd4db55e305e44ed191) Importer(815301076,1909f56bfc062723c751e8b465ee728b) (PreviewImporter) -> (artifact id: '00000000000000000000000000000000') in 0.0006569 seconds
Import Error Code:(4)
Message: Build asset version error: assets/scripts/circlelinegenerator.cs in SourceAssetDB has modification time of '2025-09-04T10:49:38.2957768Z' while content on disk has modification time of '2025-09-04T10:50:07.7020841Z'
  ERROR: Build asset version error: assets/scripts/circlelinegenerator.cs in SourceAssetDB has modification time of '2025-09-04T10:49:38.2957768Z' while content on disk has modification time of '2025-09-04T10:50:07.7020841Z'
Number of updated asset objects reloaded before import = 0Number of asset objects unloaded after import = 0

========================================================================
Received Import Request.
  Time since last request: 0.007652 seconds.
  path: Assets/Scripts/CircleLineGenerator.cs
  artifactKey: Guid(1a0d45d072749bd4db55e305e44ed191) Importer(815301076,1909f56bfc062723c751e8b465ee728b)
Start importing Assets/Scripts/CircleLineGenerator.cs using Guid(1a0d45d072749bd4db55e305e44ed191) Importer(815301076,1909f56bfc062723c751e8b465ee728b) (PreviewImporter) -> (artifact id: '00000000000000000000000000000000') in 0.000699 seconds
Import Error Code:(4)
Message: Build asset version error: assets/scripts/circlelinegenerator.cs in SourceAssetDB has modification time of '2025-09-04T10:49:38.2957768Z' while content on disk has modification time of '2025-09-04T10:50:07.7020841Z'
  ERROR: Build asset version error: assets/scripts/circlelinegenerator.cs in SourceAssetDB has modification time of '2025-09-04T10:49:38.2957768Z' while content on disk has modification time of '2025-09-04T10:50:07.7020841Z'
Number of updated asset objects reloaded before import = 0Number of asset objects unloaded after import = 0

========================================================================
Received Import Request.
  Time since last request: 0.024625 seconds.
  path: Assets/Scripts/CircleLineGenerator.cs
  artifactKey: Guid(1a0d45d072749bd4db55e305e44ed191) Importer(815301076,1909f56bfc062723c751e8b465ee728b)
Start importing Assets/Scripts/CircleLineGenerator.cs using Guid(1a0d45d072749bd4db55e305e44ed191) Importer(815301076,1909f56bfc062723c751e8b465ee728b) (PreviewImporter) -> (artifact id: '00000000000000000000000000000000') in 0.0005637 seconds
Import Error Code:(4)
Message: Build asset version error: assets/scripts/circlelinegenerator.cs in SourceAssetDB has modification time of '2025-09-04T10:49:38.2957768Z' while content on disk has modification time of '2025-09-04T10:50:07.7020841Z'
  ERROR: Build asset version error: assets/scripts/circlelinegenerator.cs in SourceAssetDB has modification time of '2025-09-04T10:49:38.2957768Z' while content on disk has modification time of '2025-09-04T10:50:07.7020841Z'
Number of updated asset objects reloaded before import = 0Number of asset objects unloaded after import = 0

========================================================================
Received Import Request.
  Time since last request: 0.027003 seconds.
  path: Assets/Scripts/CircleLineGenerator.cs
  artifactKey: Guid(1a0d45d072749bd4db55e305e44ed191) Importer(815301076,1909f56bfc062723c751e8b465ee728b)
Start importing Assets/Scripts/CircleLineGenerator.cs using Guid(1a0d45d072749bd4db55e305e44ed191) Importer(815301076,1909f56bfc062723c751e8b465ee728b) (PreviewImporter) -> (artifact id: '00000000000000000000000000000000') in 0.0008612 seconds
Import Error Code:(4)
Message: Build asset version error: assets/scripts/circlelinegenerator.cs in SourceAssetDB has modification time of '2025-09-04T10:49:38.2957768Z' while content on disk has modification time of '2025-09-04T10:50:07.7020841Z'
  ERROR: Build asset version error: assets/scripts/circlelinegenerator.cs in SourceAssetDB has modification time of '2025-09-04T10:49:38.2957768Z' while content on disk has modification time of '2025-09-04T10:50:07.7020841Z'
Number of updated asset objects reloaded before import = 0Number of asset objects unloaded after import = 0

========================================================================
Received Import Request.
  Time since last request: 0.022852 seconds.
  path: Assets/Scripts/CircleLineGenerator.cs
  artifactKey: Guid(1a0d45d072749bd4db55e305e44ed191) Importer(815301076,1909f56bfc062723c751e8b465ee728b)
Start importing Assets/Scripts/CircleLineGenerator.cs using Guid(1a0d45d072749bd4db55e305e44ed191) Importer(815301076,1909f56bfc062723c751e8b465ee728b) (PreviewImporter) -> (artifact id: '00000000000000000000000000000000') in 0.0005907 seconds
Import Error Code:(4)
Message: Build asset version error: assets/scripts/circlelinegenerator.cs in SourceAssetDB has modification time of '2025-09-04T10:49:38.2957768Z' while content on disk has modification time of '2025-09-04T10:50:07.7020841Z'
  ERROR: Build asset version error: assets/scripts/circlelinegenerator.cs in SourceAssetDB has modification time of '2025-09-04T10:49:38.2957768Z' while content on disk has modification time of '2025-09-04T10:50:07.7020841Z'
Number of updated asset objects reloaded before import = 0Number of asset objects unloaded after import = 0

========================================================================
Received Import Request.
  Time since last request: 0.025535 seconds.
  path: Assets/Scripts/CircleLineGenerator.cs
  artifactKey: Guid(1a0d45d072749bd4db55e305e44ed191) Importer(815301076,1909f56bfc062723c751e8b465ee728b)
Start importing Assets/Scripts/CircleLineGenerator.cs using Guid(1a0d45d072749bd4db55e305e44ed191) Importer(815301076,1909f56bfc062723c751e8b465ee728b) (PreviewImporter) -> (artifact id: '00000000000000000000000000000000') in 0.0005895 seconds
Import Error Code:(4)
Message: Build asset version error: assets/scripts/circlelinegenerator.cs in SourceAssetDB has modification time of '2025-09-04T10:49:38.2957768Z' while content on disk has modification time of '2025-09-04T10:50:07.7020841Z'
  ERROR: Build asset version error: assets/scripts/circlelinegenerator.cs in SourceAssetDB has modification time of '2025-09-04T10:49:38.2957768Z' while content on disk has modification time of '2025-09-04T10:50:07.7020841Z'
Number of updated asset objects reloaded before import = 0Number of asset objects unloaded after import = 0

========================================================================
Received Import Request.
  Time since last request: 0.029888 seconds.
  path: Assets/Scripts/CircleLineGenerator.cs
  artifactKey: Guid(1a0d45d072749bd4db55e305e44ed191) Importer(815301076,1909f56bfc062723c751e8b465ee728b)
Start importing Assets/Scripts/CircleLineGenerator.cs using Guid(1a0d45d072749bd4db55e305e44ed191) Importer(815301076,1909f56bfc062723c751e8b465ee728b) (PreviewImporter) -> (artifact id: '00000000000000000000000000000000') in 0.000564 seconds
Import Error Code:(4)
Message: Build asset version error: assets/scripts/circlelinegenerator.cs in SourceAssetDB has modification time of '2025-09-04T10:49:38.2957768Z' while content on disk has modification time of '2025-09-04T10:50:07.7020841Z'
  ERROR: Build asset version error: assets/scripts/circlelinegenerator.cs in SourceAssetDB has modification time of '2025-09-04T10:49:38.2957768Z' while content on disk has modification time of '2025-09-04T10:50:07.7020841Z'
Number of updated asset objects reloaded before import = 0Number of asset objects unloaded after import = 0

========================================================================
Received Import Request.
  Time since last request: 0.032063 seconds.
  path: Assets/Scripts/CircleLineGenerator.cs
  artifactKey: Guid(1a0d45d072749bd4db55e305e44ed191) Importer(815301076,1909f56bfc062723c751e8b465ee728b)
Start importing Assets/Scripts/CircleLineGenerator.cs using Guid(1a0d45d072749bd4db55e305e44ed191) Importer(815301076,1909f56bfc062723c751e8b465ee728b) (PreviewImporter) -> (artifact id: '00000000000000000000000000000000') in 0.0007069 seconds
Import Error Code:(4)
Message: Build asset version error: assets/scripts/circlelinegenerator.cs in SourceAssetDB has modification time of '2025-09-04T10:49:38.2957768Z' while content on disk has modification time of '2025-09-04T10:50:07.7020841Z'
  ERROR: Build asset version error: assets/scripts/circlelinegenerator.cs in SourceAssetDB has modification time of '2025-09-04T10:49:38.2957768Z' while content on disk has modification time of '2025-09-04T10:50:07.7020841Z'
Number of updated asset objects reloaded before import = 0Number of asset objects unloaded after import = 0

========================================================================
Received Import Request.
  Time since last request: 0.030263 seconds.
  path: Assets/Scripts/CircleLineGenerator.cs
  artifactKey: Guid(1a0d45d072749bd4db55e305e44ed191) Importer(815301076,1909f56bfc062723c751e8b465ee728b)
Start importing Assets/Scripts/CircleLineGenerator.cs using Guid(1a0d45d072749bd4db55e305e44ed191) Importer(815301076,1909f56bfc062723c751e8b465ee728b) (PreviewImporter) -> (artifact id: '00000000000000000000000000000000') in 0.0006017 seconds
Import Error Code:(4)
Message: Build asset version error: assets/scripts/circlelinegenerator.cs in SourceAssetDB has modification time of '2025-09-04T10:49:38.2957768Z' while content on disk has modification time of '2025-09-04T10:50:07.7020841Z'
  ERROR: Build asset version error: assets/scripts/circlelinegenerator.cs in SourceAssetDB has modification time of '2025-09-04T10:49:38.2957768Z' while content on disk has modification time of '2025-09-04T10:50:07.7020841Z'
Number of updated asset objects reloaded before import = 0Number of asset objects unloaded after import = 0

========================================================================
Received Import Request.
  Time since last request: 0.043899 seconds.
  path: Assets/Scripts/CircleLineGenerator.cs
  artifactKey: Guid(1a0d45d072749bd4db55e305e44ed191) Importer(815301076,1909f56bfc062723c751e8b465ee728b)
Start importing Assets/Scripts/CircleLineGenerator.cs using Guid(1a0d45d072749bd4db55e305e44ed191) Importer(815301076,1909f56bfc062723c751e8b465ee728b) (PreviewImporter) -> (artifact id: '00000000000000000000000000000000') in 0.0005956 seconds
Import Error Code:(4)
Message: Build asset version error: assets/scripts/circlelinegenerator.cs in SourceAssetDB has modification time of '2025-09-04T10:49:38.2957768Z' while content on disk has modification time of '2025-09-04T10:50:07.7020841Z'
  ERROR: Build asset version error: assets/scripts/circlelinegenerator.cs in SourceAssetDB has modification time of '2025-09-04T10:49:38.2957768Z' while content on disk has modification time of '2025-09-04T10:50:07.7020841Z'
Number of updated asset objects reloaded before import = 0Number of asset objects unloaded after import = 0

========================================================================
Received Import Request.
  Time since last request: 0.038930 seconds.
  path: Assets/Scripts/CircleLineGenerator.cs
  artifactKey: Guid(1a0d45d072749bd4db55e305e44ed191) Importer(815301076,1909f56bfc062723c751e8b465ee728b)
Start importing Assets/Scripts/CircleLineGenerator.cs using Guid(1a0d45d072749bd4db55e305e44ed191) Importer(815301076,1909f56bfc062723c751e8b465ee728b) (PreviewImporter) -> (artifact id: '00000000000000000000000000000000') in 0.0007122 seconds
Import Error Code:(4)
Message: Build asset version error: assets/scripts/circlelinegenerator.cs in SourceAssetDB has modification time of '2025-09-04T10:49:38.2957768Z' while content on disk has modification time of '2025-09-04T10:50:07.7020841Z'
  ERROR: Build asset version error: assets/scripts/circlelinegenerator.cs in SourceAssetDB has modification time of '2025-09-04T10:49:38.2957768Z' while content on disk has modification time of '2025-09-04T10:50:07.7020841Z'
Number of updated asset objects reloaded before import = 0Number of asset objects unloaded after import = 0

========================================================================
Received Import Request.
  Time since last request: 0.005161 seconds.
  path: Assets/Scripts/CircleLineGenerator.cs
  artifactKey: Guid(1a0d45d072749bd4db55e305e44ed191) Importer(815301076,1909f56bfc062723c751e8b465ee728b)
Start importing Assets/Scripts/CircleLineGenerator.cs using Guid(1a0d45d072749bd4db55e305e44ed191) Importer(815301076,1909f56bfc062723c751e8b465ee728b) (PreviewImporter) -> (artifact id: '00000000000000000000000000000000') in 0.0007405 seconds
Import Error Code:(4)
Message: Build asset version error: assets/scripts/circlelinegenerator.cs in SourceAssetDB has modification time of '2025-09-04T10:49:38.2957768Z' while content on disk has modification time of '2025-09-04T10:50:07.7020841Z'
  ERROR: Build asset version error: assets/scripts/circlelinegenerator.cs in SourceAssetDB has modification time of '2025-09-04T10:49:38.2957768Z' while content on disk has modification time of '2025-09-04T10:50:07.7020841Z'
Number of updated asset objects reloaded before import = 0Number of asset objects unloaded after import = 0

========================================================================
Received Import Request.
  Time since last request: 0.021238 seconds.
  path: Assets/Scripts/CircleLineGenerator.cs
  artifactKey: Guid(1a0d45d072749bd4db55e305e44ed191) Importer(815301076,1909f56bfc062723c751e8b465ee728b)
Start importing Assets/Scripts/CircleLineGenerator.cs using Guid(1a0d45d072749bd4db55e305e44ed191) Importer(815301076,1909f56bfc062723c751e8b465ee728b) (PreviewImporter) -> (artifact id: '00000000000000000000000000000000') in 0.0006299 seconds
Import Error Code:(4)
Message: Build asset version error: assets/scripts/circlelinegenerator.cs in SourceAssetDB has modification time of '2025-09-04T10:49:38.2957768Z' while content on disk has modification time of '2025-09-04T10:50:07.7020841Z'
  ERROR: Build asset version error: assets/scripts/circlelinegenerator.cs in SourceAssetDB has modification time of '2025-09-04T10:49:38.2957768Z' while content on disk has modification time of '2025-09-04T10:50:07.7020841Z'
Number of updated asset objects reloaded before import = 0Number of asset objects unloaded after import = 0

========================================================================
Received Import Request.
  Time since last request: 0.039984 seconds.
  path: Assets/Scripts/CircleLineGenerator.cs
  artifactKey: Guid(1a0d45d072749bd4db55e305e44ed191) Importer(815301076,1909f56bfc062723c751e8b465ee728b)
Start importing Assets/Scripts/CircleLineGenerator.cs using Guid(1a0d45d072749bd4db55e305e44ed191) Importer(815301076,1909f56bfc062723c751e8b465ee728b) (PreviewImporter) -> (artifact id: '00000000000000000000000000000000') in 0.0007917 seconds
Import Error Code:(4)
Message: Build asset version error: assets/scripts/circlelinegenerator.cs in SourceAssetDB has modification time of '2025-09-04T10:49:38.2957768Z' while content on disk has modification time of '2025-09-04T10:50:07.7020841Z'
  ERROR: Build asset version error: assets/scripts/circlelinegenerator.cs in SourceAssetDB has modification time of '2025-09-04T10:49:38.2957768Z' while content on disk has modification time of '2025-09-04T10:50:07.7020841Z'
Number of updated asset objects reloaded before import = 0Number of asset objects unloaded after import = 0

========================================================================
Received Import Request.
  Time since last request: 0.001082 seconds.
  path: Assets/Scripts/CircleLineGenerator.cs
  artifactKey: Guid(1a0d45d072749bd4db55e305e44ed191) Importer(815301076,1909f56bfc062723c751e8b465ee728b)
Start importing Assets/Scripts/CircleLineGenerator.cs using Guid(1a0d45d072749bd4db55e305e44ed191) Importer(815301076,1909f56bfc062723c751e8b465ee728b) (PreviewImporter) -> (artifact id: '00000000000000000000000000000000') in 0.0007236 seconds
Import Error Code:(4)
Message: Build asset version error: assets/scripts/circlelinegenerator.cs in SourceAssetDB has modification time of '2025-09-04T10:49:38.2957768Z' while content on disk has modification time of '2025-09-04T10:50:07.7020841Z'
  ERROR: Build asset version error: assets/scripts/circlelinegenerator.cs in SourceAssetDB has modification time of '2025-09-04T10:49:38.2957768Z' while content on disk has modification time of '2025-09-04T10:50:07.7020841Z'
Number of updated asset objects reloaded before import = 0Number of asset objects unloaded after import = 0

========================================================================
Received Import Request.
  Time since last request: 0.000031 seconds.
  path: Assets/Scripts/CircleLineGenerator.cs
  artifactKey: Guid(1a0d45d072749bd4db55e305e44ed191) Importer(815301076,1909f56bfc062723c751e8b465ee728b)
Start importing Assets/Scripts/CircleLineGenerator.cs using Guid(1a0d45d072749bd4db55e305e44ed191) Importer(815301076,1909f56bfc062723c751e8b465ee728b) (PreviewImporter) -> (artifact id: '00000000000000000000000000000000') in 0.0007543 seconds
Import Error Code:(4)
Message: Build asset version error: assets/scripts/circlelinegenerator.cs in SourceAssetDB has modification time of '2025-09-04T10:49:38.2957768Z' while content on disk has modification time of '2025-09-04T10:50:07.7020841Z'
  ERROR: Build asset version error: assets/scripts/circlelinegenerator.cs in SourceAssetDB has modification time of '2025-09-04T10:49:38.2957768Z' while content on disk has modification time of '2025-09-04T10:50:07.7020841Z'
Number of updated asset objects reloaded before import = 0Number of asset objects unloaded after import = 0

========================================================================
Received Import Request.
  Time since last request: 0.007870 seconds.
  path: Assets/Scripts/CircleLineGenerator.cs
  artifactKey: Guid(1a0d45d072749bd4db55e305e44ed191) Importer(815301076,1909f56bfc062723c751e8b465ee728b)
Start importing Assets/Scripts/CircleLineGenerator.cs using Guid(1a0d45d072749bd4db55e305e44ed191) Importer(815301076,1909f56bfc062723c751e8b465ee728b) (PreviewImporter) -> (artifact id: '00000000000000000000000000000000') in 0.0007127 seconds
Import Error Code:(4)
Message: Build asset version error: assets/scripts/circlelinegenerator.cs in SourceAssetDB has modification time of '2025-09-04T10:49:38.2957768Z' while content on disk has modification time of '2025-09-04T10:50:07.7020841Z'
  ERROR: Build asset version error: assets/scripts/circlelinegenerator.cs in SourceAssetDB has modification time of '2025-09-04T10:49:38.2957768Z' while content on disk has modification time of '2025-09-04T10:50:07.7020841Z'
Number of updated asset objects reloaded before import = 0Number of asset objects unloaded after import = 0

========================================================================
Received Import Request.
  Time since last request: 0.000029 seconds.
  path: Assets/Scripts/CircleLineGenerator.cs
  artifactKey: Guid(1a0d45d072749bd4db55e305e44ed191) Importer(815301076,1909f56bfc062723c751e8b465ee728b)
Start importing Assets/Scripts/CircleLineGenerator.cs using Guid(1a0d45d072749bd4db55e305e44ed191) Importer(815301076,1909f56bfc062723c751e8b465ee728b) (PreviewImporter) -> (artifact id: '00000000000000000000000000000000') in 0.0010151 seconds
Import Error Code:(4)
Message: Build asset version error: assets/scripts/circlelinegenerator.cs in SourceAssetDB has modification time of '2025-09-04T10:49:38.2957768Z' while content on disk has modification time of '2025-09-04T10:50:07.7020841Z'
  ERROR: Build asset version error: assets/scripts/circlelinegenerator.cs in SourceAssetDB has modification time of '2025-09-04T10:49:38.2957768Z' while content on disk has modification time of '2025-09-04T10:50:07.7020841Z'
Number of updated asset objects reloaded before import = 0Number of asset objects unloaded after import = 0

========================================================================
Received Import Request.
  Time since last request: 0.000049 seconds.
  path: Assets/Scripts/CircleLineGenerator.cs
  artifactKey: Guid(1a0d45d072749bd4db55e305e44ed191) Importer(815301076,1909f56bfc062723c751e8b465ee728b)
Start importing Assets/Scripts/CircleLineGenerator.cs using Guid(1a0d45d072749bd4db55e305e44ed191) Importer(815301076,1909f56bfc062723c751e8b465ee728b) (PreviewImporter) -> (artifact id: '00000000000000000000000000000000') in 0.0006709 seconds
Import Error Code:(4)
Message: Build asset version error: assets/scripts/circlelinegenerator.cs in SourceAssetDB has modification time of '2025-09-04T10:49:38.2957768Z' while content on disk has modification time of '2025-09-04T10:50:07.7020841Z'
  ERROR: Build asset version error: assets/scripts/circlelinegenerator.cs in SourceAssetDB has modification time of '2025-09-04T10:49:38.2957768Z' while content on disk has modification time of '2025-09-04T10:50:07.7020841Z'
Number of updated asset objects reloaded before import = 0Number of asset objects unloaded after import = 0

========================================================================
Received Import Request.
  Time since last request: 0.000021 seconds.
  path: Assets/Scripts/CircleLineGenerator.cs
  artifactKey: Guid(1a0d45d072749bd4db55e305e44ed191) Importer(815301076,1909f56bfc062723c751e8b465ee728b)
Start importing Assets/Scripts/CircleLineGenerator.cs using Guid(1a0d45d072749bd4db55e305e44ed191) Importer(815301076,1909f56bfc062723c751e8b465ee728b) (PreviewImporter) -> (artifact id: '00000000000000000000000000000000') in 0.0005963 seconds
Import Error Code:(4)
Message: Build asset version error: assets/scripts/circlelinegenerator.cs in SourceAssetDB has modification time of '2025-09-04T10:49:38.2957768Z' while content on disk has modification time of '2025-09-04T10:50:07.7020841Z'
  ERROR: Build asset version error: assets/scripts/circlelinegenerator.cs in SourceAssetDB has modification time of '2025-09-04T10:49:38.2957768Z' while content on disk has modification time of '2025-09-04T10:50:07.7020841Z'
Number of updated asset objects reloaded before import = 0Number of asset objects unloaded after import = 0

========================================================================
Received Import Request.
  Time since last request: 0.017035 seconds.
  path: Assets/Scripts/CircleLineGenerator.cs
  artifactKey: Guid(1a0d45d072749bd4db55e305e44ed191) Importer(815301076,1909f56bfc062723c751e8b465ee728b)
Start importing Assets/Scripts/CircleLineGenerator.cs using Guid(1a0d45d072749bd4db55e305e44ed191) Importer(815301076,1909f56bfc062723c751e8b465ee728b) (PreviewImporter) -> (artifact id: '00000000000000000000000000000000') in 0.0006761 seconds
Import Error Code:(4)
Message: Build asset version error: assets/scripts/circlelinegenerator.cs in SourceAssetDB has modification time of '2025-09-04T10:49:38.2957768Z' while content on disk has modification time of '2025-09-04T10:50:07.7020841Z'
  ERROR: Build asset version error: assets/scripts/circlelinegenerator.cs in SourceAssetDB has modification time of '2025-09-04T10:49:38.2957768Z' while content on disk has modification time of '2025-09-04T10:50:07.7020841Z'
Number of updated asset objects reloaded before import = 0Number of asset objects unloaded after import = 0

========================================================================
Received Import Request.
  Time since last request: 0.040013 seconds.
  path: Assets/Scripts/CircleLineGenerator.cs
  artifactKey: Guid(1a0d45d072749bd4db55e305e44ed191) Importer(815301076,1909f56bfc062723c751e8b465ee728b)
Start importing Assets/Scripts/CircleLineGenerator.cs using Guid(1a0d45d072749bd4db55e305e44ed191) Importer(815301076,1909f56bfc062723c751e8b465ee728b) (PreviewImporter) -> (artifact id: '00000000000000000000000000000000') in 0.0005699 seconds
Import Error Code:(4)
Message: Build asset version error: assets/scripts/circlelinegenerator.cs in SourceAssetDB has modification time of '2025-09-04T10:49:38.2957768Z' while content on disk has modification time of '2025-09-04T10:50:07.7020841Z'
  ERROR: Build asset version error: assets/scripts/circlelinegenerator.cs in SourceAssetDB has modification time of '2025-09-04T10:49:38.2957768Z' while content on disk has modification time of '2025-09-04T10:50:07.7020841Z'
Number of updated asset objects reloaded before import = 0Number of asset objects unloaded after import = 0

========================================================================
Received Import Request.
  Time since last request: 0.031703 seconds.
  path: Assets/Scripts/CircleLineGenerator.cs
  artifactKey: Guid(1a0d45d072749bd4db55e305e44ed191) Importer(815301076,1909f56bfc062723c751e8b465ee728b)
Start importing Assets/Scripts/CircleLineGenerator.cs using Guid(1a0d45d072749bd4db55e305e44ed191) Importer(815301076,1909f56bfc062723c751e8b465ee728b) (PreviewImporter) -> (artifact id: '00000000000000000000000000000000') in 0.0007212 seconds
Import Error Code:(4)
Message: Build asset version error: assets/scripts/circlelinegenerator.cs in SourceAssetDB has modification time of '2025-09-04T10:49:38.2957768Z' while content on disk has modification time of '2025-09-04T10:50:07.7020841Z'
  ERROR: Build asset version error: assets/scripts/circlelinegenerator.cs in SourceAssetDB has modification time of '2025-09-04T10:49:38.2957768Z' while content on disk has modification time of '2025-09-04T10:50:07.7020841Z'
Number of updated asset objects reloaded before import = 0Number of asset objects unloaded after import = 0

========================================================================
Received Import Request.
  Time since last request: 0.021089 seconds.
  path: Assets/Scripts/CircleLineGenerator.cs
  artifactKey: Guid(1a0d45d072749bd4db55e305e44ed191) Importer(815301076,1909f56bfc062723c751e8b465ee728b)
Start importing Assets/Scripts/CircleLineGenerator.cs using Guid(1a0d45d072749bd4db55e305e44ed191) Importer(815301076,1909f56bfc062723c751e8b465ee728b) (PreviewImporter) -> (artifact id: '00000000000000000000000000000000') in 0.0006439 seconds
Import Error Code:(4)
Message: Build asset version error: assets/scripts/circlelinegenerator.cs in SourceAssetDB has modification time of '2025-09-04T10:49:38.2957768Z' while content on disk has modification time of '2025-09-04T10:50:07.7020841Z'
  ERROR: Build asset version error: assets/scripts/circlelinegenerator.cs in SourceAssetDB has modification time of '2025-09-04T10:49:38.2957768Z' while content on disk has modification time of '2025-09-04T10:50:07.7020841Z'
Number of updated asset objects reloaded before import = 0Number of asset objects unloaded after import = 0

========================================================================
Received Import Request.
  Time since last request: 0.019106 seconds.
  path: Assets/Scripts/CircleLineGenerator.cs
  artifactKey: Guid(1a0d45d072749bd4db55e305e44ed191) Importer(815301076,1909f56bfc062723c751e8b465ee728b)
Start importing Assets/Scripts/CircleLineGenerator.cs using Guid(1a0d45d072749bd4db55e305e44ed191) Importer(815301076,1909f56bfc062723c751e8b465ee728b) (PreviewImporter) -> (artifact id: '00000000000000000000000000000000') in 0.0005779 seconds
Import Error Code:(4)
Message: Build asset version error: assets/scripts/circlelinegenerator.cs in SourceAssetDB has modification time of '2025-09-04T10:49:38.2957768Z' while content on disk has modification time of '2025-09-04T10:50:07.7020841Z'
  ERROR: Build asset version error: assets/scripts/circlelinegenerator.cs in SourceAssetDB has modification time of '2025-09-04T10:49:38.2957768Z' while content on disk has modification time of '2025-09-04T10:50:07.7020841Z'
Number of updated asset objects reloaded before import = 0Number of asset objects unloaded after import = 0

========================================================================
Received Import Request.
  Time since last request: 0.041987 seconds.
  path: Assets/Scripts/CircleLineGenerator.cs
  artifactKey: Guid(1a0d45d072749bd4db55e305e44ed191) Importer(815301076,1909f56bfc062723c751e8b465ee728b)
Start importing Assets/Scripts/CircleLineGenerator.cs using Guid(1a0d45d072749bd4db55e305e44ed191) Importer(815301076,1909f56bfc062723c751e8b465ee728b) (PreviewImporter) -> (artifact id: '00000000000000000000000000000000') in 0.0006413 seconds
Import Error Code:(4)
Message: Build asset version error: assets/scripts/circlelinegenerator.cs in SourceAssetDB has modification time of '2025-09-04T10:49:38.2957768Z' while content on disk has modification time of '2025-09-04T10:50:07.7020841Z'
  ERROR: Build asset version error: assets/scripts/circlelinegenerator.cs in SourceAssetDB has modification time of '2025-09-04T10:49:38.2957768Z' while content on disk has modification time of '2025-09-04T10:50:07.7020841Z'
Number of updated asset objects reloaded before import = 0Number of asset objects unloaded after import = 0

========================================================================
Received Import Request.
  Time since last request: 0.000023 seconds.
  path: Assets/Scripts/CircleLineGenerator.cs
  artifactKey: Guid(1a0d45d072749bd4db55e305e44ed191) Importer(815301076,1909f56bfc062723c751e8b465ee728b)
Start importing Assets/Scripts/CircleLineGenerator.cs using Guid(1a0d45d072749bd4db55e305e44ed191) Importer(815301076,1909f56bfc062723c751e8b465ee728b) (PreviewImporter) -> (artifact id: '00000000000000000000000000000000') in 0.0006608 seconds
Import Error Code:(4)
Message: Build asset version error: assets/scripts/circlelinegenerator.cs in SourceAssetDB has modification time of '2025-09-04T10:49:38.2957768Z' while content on disk has modification time of '2025-09-04T10:50:07.7020841Z'
  ERROR: Build asset version error: assets/scripts/circlelinegenerator.cs in SourceAssetDB has modification time of '2025-09-04T10:49:38.2957768Z' while content on disk has modification time of '2025-09-04T10:50:07.7020841Z'
Number of updated asset objects reloaded before import = 0Number of asset objects unloaded after import = 0

========================================================================
Received Import Request.
  Time since last request: 0.021159 seconds.
  path: Assets/Scripts/CircleLineGenerator.cs
  artifactKey: Guid(1a0d45d072749bd4db55e305e44ed191) Importer(815301076,1909f56bfc062723c751e8b465ee728b)
Start importing Assets/Scripts/CircleLineGenerator.cs using Guid(1a0d45d072749bd4db55e305e44ed191) Importer(815301076,1909f56bfc062723c751e8b465ee728b) (PreviewImporter) -> (artifact id: '00000000000000000000000000000000') in 0.0006695 seconds
Import Error Code:(4)
Message: Build asset version error: assets/scripts/circlelinegenerator.cs in SourceAssetDB has modification time of '2025-09-04T10:49:38.2957768Z' while content on disk has modification time of '2025-09-04T10:50:07.7020841Z'
  ERROR: Build asset version error: assets/scripts/circlelinegenerator.cs in SourceAssetDB has modification time of '2025-09-04T10:49:38.2957768Z' while content on disk has modification time of '2025-09-04T10:50:07.7020841Z'
Number of updated asset objects reloaded before import = 0Number of asset objects unloaded after import = 0

========================================================================
Received Import Request.
  Time since last request: 0.032133 seconds.
  path: Assets/Scripts/CircleLineGenerator.cs
  artifactKey: Guid(1a0d45d072749bd4db55e305e44ed191) Importer(815301076,1909f56bfc062723c751e8b465ee728b)
Start importing Assets/Scripts/CircleLineGenerator.cs using Guid(1a0d45d072749bd4db55e305e44ed191) Importer(815301076,1909f56bfc062723c751e8b465ee728b) (PreviewImporter) -> (artifact id: '00000000000000000000000000000000') in 0.001105 seconds
Import Error Code:(4)
Message: Build asset version error: assets/scripts/circlelinegenerator.cs in SourceAssetDB has modification time of '2025-09-04T10:49:38.2957768Z' while content on disk has modification time of '2025-09-04T10:50:07.7020841Z'
  ERROR: Build asset version error: assets/scripts/circlelinegenerator.cs in SourceAssetDB has modification time of '2025-09-04T10:49:38.2957768Z' while content on disk has modification time of '2025-09-04T10:50:07.7020841Z'
Number of updated asset objects reloaded before import = 0Number of asset objects unloaded after import = 0

========================================================================
Received Import Request.
  Time since last request: 0.003001 seconds.
  path: Assets/Scripts/CircleLineGenerator.cs
  artifactKey: Guid(1a0d45d072749bd4db55e305e44ed191) Importer(815301076,1909f56bfc062723c751e8b465ee728b)
Start importing Assets/Scripts/CircleLineGenerator.cs using Guid(1a0d45d072749bd4db55e305e44ed191) Importer(815301076,1909f56bfc062723c751e8b465ee728b) (PreviewImporter) -> (artifact id: '00000000000000000000000000000000') in 0.0006479 seconds
Import Error Code:(4)
Message: Build asset version error: assets/scripts/circlelinegenerator.cs in SourceAssetDB has modification time of '2025-09-04T10:49:38.2957768Z' while content on disk has modification time of '2025-09-04T10:50:07.7020841Z'
  ERROR: Build asset version error: assets/scripts/circlelinegenerator.cs in SourceAssetDB has modification time of '2025-09-04T10:49:38.2957768Z' while content on disk has modification time of '2025-09-04T10:50:07.7020841Z'
Number of updated asset objects reloaded before import = 0Number of asset objects unloaded after import = 0

========================================================================
Received Import Request.
  Time since last request: 0.017425 seconds.
  path: Assets/Scripts/CircleLineGenerator.cs
  artifactKey: Guid(1a0d45d072749bd4db55e305e44ed191) Importer(815301076,1909f56bfc062723c751e8b465ee728b)
Start importing Assets/Scripts/CircleLineGenerator.cs using Guid(1a0d45d072749bd4db55e305e44ed191) Importer(815301076,1909f56bfc062723c751e8b465ee728b) (PreviewImporter) -> (artifact id: '00000000000000000000000000000000') in 0.0005804 seconds
Import Error Code:(4)
Message: Build asset version error: assets/scripts/circlelinegenerator.cs in SourceAssetDB has modification time of '2025-09-04T10:49:38.2957768Z' while content on disk has modification time of '2025-09-04T10:50:07.7020841Z'
  ERROR: Build asset version error: assets/scripts/circlelinegenerator.cs in SourceAssetDB has modification time of '2025-09-04T10:49:38.2957768Z' while content on disk has modification time of '2025-09-04T10:50:07.7020841Z'
Number of updated asset objects reloaded before import = 0Number of asset objects unloaded after import = 0

========================================================================
Received Import Request.
  Time since last request: 0.029926 seconds.
  path: Assets/Scripts/CircleLineGenerator.cs
  artifactKey: Guid(1a0d45d072749bd4db55e305e44ed191) Importer(815301076,1909f56bfc062723c751e8b465ee728b)
Start importing Assets/Scripts/CircleLineGenerator.cs using Guid(1a0d45d072749bd4db55e305e44ed191) Importer(815301076,1909f56bfc062723c751e8b465ee728b) (PreviewImporter) -> (artifact id: '00000000000000000000000000000000') in 0.0005591 seconds
Import Error Code:(4)
Message: Build asset version error: assets/scripts/circlelinegenerator.cs in SourceAssetDB has modification time of '2025-09-04T10:49:38.2957768Z' while content on disk has modification time of '2025-09-04T10:50:07.7020841Z'
  ERROR: Build asset version error: assets/scripts/circlelinegenerator.cs in SourceAssetDB has modification time of '2025-09-04T10:49:38.2957768Z' while content on disk has modification time of '2025-09-04T10:50:07.7020841Z'
Number of updated asset objects reloaded before import = 0Number of asset objects unloaded after import = 0

========================================================================
Received Import Request.
  Time since last request: 0.037458 seconds.
  path: Assets/Scripts/CircleLineGenerator.cs
  artifactKey: Guid(1a0d45d072749bd4db55e305e44ed191) Importer(815301076,1909f56bfc062723c751e8b465ee728b)
Start importing Assets/Scripts/CircleLineGenerator.cs using Guid(1a0d45d072749bd4db55e305e44ed191) Importer(815301076,1909f56bfc062723c751e8b465ee728b) (PreviewImporter) -> (artifact id: '00000000000000000000000000000000') in 0.0006958 seconds
Import Error Code:(4)
Message: Build asset version error: assets/scripts/circlelinegenerator.cs in SourceAssetDB has modification time of '2025-09-04T10:49:38.2957768Z' while content on disk has modification time of '2025-09-04T10:50:07.7020841Z'
  ERROR: Build asset version error: assets/scripts/circlelinegenerator.cs in SourceAssetDB has modification time of '2025-09-04T10:49:38.2957768Z' while content on disk has modification time of '2025-09-04T10:50:07.7020841Z'
Number of updated asset objects reloaded before import = 0Number of asset objects unloaded after import = 0

========================================================================
Received Import Request.
  Time since last request: 0.014068 seconds.
  path: Assets/Scripts/CircleLineGenerator.cs
  artifactKey: Guid(1a0d45d072749bd4db55e305e44ed191) Importer(815301076,1909f56bfc062723c751e8b465ee728b)
Start importing Assets/Scripts/CircleLineGenerator.cs using Guid(1a0d45d072749bd4db55e305e44ed191) Importer(815301076,1909f56bfc062723c751e8b465ee728b) (PreviewImporter) -> (artifact id: '00000000000000000000000000000000') in 0.0005684 seconds
Import Error Code:(4)
Message: Build asset version error: assets/scripts/circlelinegenerator.cs in SourceAssetDB has modification time of '2025-09-04T10:49:38.2957768Z' while content on disk has modification time of '2025-09-04T10:50:07.7020841Z'
  ERROR: Build asset version error: assets/scripts/circlelinegenerator.cs in SourceAssetDB has modification time of '2025-09-04T10:49:38.2957768Z' while content on disk has modification time of '2025-09-04T10:50:07.7020841Z'
Number of updated asset objects reloaded before import = 0Number of asset objects unloaded after import = 0

========================================================================
Received Import Request.
  Time since last request: 0.037862 seconds.
  path: Assets/Scripts/CircleLineGenerator.cs
  artifactKey: Guid(1a0d45d072749bd4db55e305e44ed191) Importer(815301076,1909f56bfc062723c751e8b465ee728b)
Start importing Assets/Scripts/CircleLineGenerator.cs using Guid(1a0d45d072749bd4db55e305e44ed191) Importer(815301076,1909f56bfc062723c751e8b465ee728b) (PreviewImporter) -> (artifact id: '00000000000000000000000000000000') in 0.0005822 seconds
Import Error Code:(4)
Message: Build asset version error: assets/scripts/circlelinegenerator.cs in SourceAssetDB has modification time of '2025-09-04T10:49:38.2957768Z' while content on disk has modification time of '2025-09-04T10:50:07.7020841Z'
  ERROR: Build asset version error: assets/scripts/circlelinegenerator.cs in SourceAssetDB has modification time of '2025-09-04T10:49:38.2957768Z' while content on disk has modification time of '2025-09-04T10:50:07.7020841Z'
Number of updated asset objects reloaded before import = 0Number of asset objects unloaded after import = 0

========================================================================
Received Import Request.
  Time since last request: 0.023194 seconds.
  path: Assets/Scripts/CircleLineGenerator.cs
  artifactKey: Guid(1a0d45d072749bd4db55e305e44ed191) Importer(815301076,1909f56bfc062723c751e8b465ee728b)
Start importing Assets/Scripts/CircleLineGenerator.cs using Guid(1a0d45d072749bd4db55e305e44ed191) Importer(815301076,1909f56bfc062723c751e8b465ee728b) (PreviewImporter) -> (artifact id: '00000000000000000000000000000000') in 0.0006562 seconds
Import Error Code:(4)
Message: Build asset version error: assets/scripts/circlelinegenerator.cs in SourceAssetDB has modification time of '2025-09-04T10:49:38.2957768Z' while content on disk has modification time of '2025-09-04T10:50:07.7020841Z'
  ERROR: Build asset version error: assets/scripts/circlelinegenerator.cs in SourceAssetDB has modification time of '2025-09-04T10:49:38.2957768Z' while content on disk has modification time of '2025-09-04T10:50:07.7020841Z'
Number of updated asset objects reloaded before import = 0Number of asset objects unloaded after import = 0

========================================================================
Received Import Request.
  Time since last request: 0.032235 seconds.
  path: Assets/Scripts/CircleLineGenerator.cs
  artifactKey: Guid(1a0d45d072749bd4db55e305e44ed191) Importer(815301076,1909f56bfc062723c751e8b465ee728b)
Start importing Assets/Scripts/CircleLineGenerator.cs using Guid(1a0d45d072749bd4db55e305e44ed191) Importer(815301076,1909f56bfc062723c751e8b465ee728b) (PreviewImporter) -> (artifact id: '00000000000000000000000000000000') in 0.0006367 seconds
Import Error Code:(4)
Message: Build asset version error: assets/scripts/circlelinegenerator.cs in SourceAssetDB has modification time of '2025-09-04T10:49:38.2957768Z' while content on disk has modification time of '2025-09-04T10:50:07.7020841Z'
  ERROR: Build asset version error: assets/scripts/circlelinegenerator.cs in SourceAssetDB has modification time of '2025-09-04T10:49:38.2957768Z' while content on disk has modification time of '2025-09-04T10:50:07.7020841Z'
Number of updated asset objects reloaded before import = 0Number of asset objects unloaded after import = 0

========================================================================
Received Import Request.
  Time since last request: 0.065189 seconds.
  path: Assets/Scripts/CircleLineGenerator.cs
  artifactKey: Guid(1a0d45d072749bd4db55e305e44ed191) Importer(815301076,1909f56bfc062723c751e8b465ee728b)
Start importing Assets/Scripts/CircleLineGenerator.cs using Guid(1a0d45d072749bd4db55e305e44ed191) Importer(815301076,1909f56bfc062723c751e8b465ee728b) (PreviewImporter) -> (artifact id: '00000000000000000000000000000000') in 0.0006411 seconds
Import Error Code:(4)
Message: Build asset version error: assets/scripts/circlelinegenerator.cs in SourceAssetDB has modification time of '2025-09-04T10:49:38.2957768Z' while content on disk has modification time of '2025-09-04T10:50:07.7020841Z'
  ERROR: Build asset version error: assets/scripts/circlelinegenerator.cs in SourceAssetDB has modification time of '2025-09-04T10:49:38.2957768Z' while content on disk has modification time of '2025-09-04T10:50:07.7020841Z'
Number of updated asset objects reloaded before import = 0Number of asset objects unloaded after import = 0

========================================================================
Received Prepare
Refreshing native plugins compatible for Editor in 6.96 ms, found 4 plugins.
Preloading 0 native plugins for Editor in 0.00 ms.
Unloading 52 Unused Serialized files (Serialized files now loaded: 0)
Unloading 6488 unused Assets / (19.1 MB). Loaded Objects now: 7295.
Memory consumption went from 165.8 MB to 146.7 MB.
Total: 26.121100 ms (FindLiveObjects: 1.187400 ms CreateObjectMapping: 1.964900 ms MarkObjects: 10.832700 ms  DeleteObjects: 12.133200 ms)

Prepare: number of updated asset objects reloaded= 0
========================================================================
Received Prepare
Begin MonoManager ReloadAssembly
Symbol file LoadedFromMemory is not a mono symbol file
- Loaded All Assemblies, in  1.845 seconds
Refreshing native plugins compatible for Editor in 6.41 ms, found 4 plugins.
Native extension for LinuxStandalone target not found
Native extension for Android target not found
Native extension for UWP target not found
Native extension for WindowsStandalone target not found
Native extension for WebGL target not found
Mono: successfully reloaded assembly
- Finished resetting the current domain, in  1.571 seconds
Domain Reload Profiling: 3420ms
	BeginReloadAssembly (474ms)
		ExecutionOrderSort (0ms)
		DisableScriptedObjects (13ms)
		BackupInstance (0ms)
		ReleaseScriptingObjects (0ms)
		CreateAndSetChildDomain (88ms)
	RebuildCommonClasses (72ms)
	RebuildNativeTypeToScriptingClass (23ms)
	initialDomainReloadingComplete (67ms)
	LoadAllAssembliesAndSetupDomain (1211ms)
		LoadAssemblies (883ms)
		RebuildTransferFunctionScriptingTraits (0ms)
		AnalyzeDomain (601ms)
			TypeCache.Refresh (20ms)
				TypeCache.ScanAssembly (3ms)
			BuildScriptInfoCaches (541ms)
			ResolveRequiredComponents (33ms)
	FinalizeReload (1572ms)
		ReleaseScriptCaches (0ms)
		RebuildScriptCaches (0ms)
		SetupLoadedEditorAssemblies (1227ms)
			LogAssemblyErrors (0ms)
			InitializePlatformSupportModulesInManaged (54ms)
			SetLoadedEditorAssemblies (8ms)
			BeforeProcessingInitializeOnLoad (249ms)
			ProcessInitializeOnLoadAttributes (648ms)
			ProcessInitializeOnLoadMethodAttributes (264ms)
			AfterProcessingInitializeOnLoad (4ms)
			EditorAssembliesLoaded (0ms)
		ExecutionOrderSort2 (0ms)
		AwakeInstancesAfterBackupRestoration (26ms)
Refreshing native plugins compatible for Editor in 14.55 ms, found 4 plugins.
Preloading 0 native plugins for Editor in 0.00 ms.
Unloading 52 Unused Serialized files (Serialized files now loaded: 0)
Unloading 6502 unused Assets / (20.4 MB). Loaded Objects now: 7298.
Memory consumption went from 165.8 MB to 145.4 MB.
Total: 34.143900 ms (FindLiveObjects: 3.395700 ms CreateObjectMapping: 2.408300 ms MarkObjects: 10.630400 ms  DeleteObjects: 17.706600 ms)

Prepare: number of updated asset objects reloaded= 0
========================================================================
Received Import Request.
  Time since last request: 110.393133 seconds.
  path: Assets/Scripts/DebugOverlay.cs
  artifactKey: Guid(7706a1f21330c5743b4b8cd2cddef09f) Importer(815301076,1909f56bfc062723c751e8b465ee728b)
Start importing Assets/Scripts/DebugOverlay.cs using Guid(7706a1f21330c5743b4b8cd2cddef09f) Importer(815301076,1909f56bfc062723c751e8b465ee728b) (PreviewImporter) -> (artifact id: '60a85f67749e48c15eb48f9498cf8357') in 0.0146283 seconds
Number of updated asset objects reloaded before import = 0Number of asset objects unloaded after import = 0

========================================================================
Received Import Request.
  Time since last request: 0.627004 seconds.
  path: Assets/Scripts/GraphGenerator.cs
  artifactKey: Guid(98b7a45a01ba90749bebead3abef8194) Importer(815301076,1909f56bfc062723c751e8b465ee728b)
Start importing Assets/Scripts/GraphGenerator.cs using Guid(98b7a45a01ba90749bebead3abef8194) Importer(815301076,1909f56bfc062723c751e8b465ee728b) (PreviewImporter) -> (artifact id: 'b4e0df633b874ab34b097403470d1a52') in 0.0008575 seconds
Number of updated asset objects reloaded before import = 0Number of asset objects unloaded after import = 0

========================================================================
Received Import Request.
  Time since last request: 1.524841 seconds.
  path: Assets/Scripts/CircleLineGenerator.cs
  artifactKey: Guid(1a0d45d072749bd4db55e305e44ed191) Importer(815301076,1909f56bfc062723c751e8b465ee728b)
Start importing Assets/Scripts/CircleLineGenerator.cs using Guid(1a0d45d072749bd4db55e305e44ed191) Importer(815301076,1909f56bfc062723c751e8b465ee728b) (PreviewImporter) -> (artifact id: '0eb1f550a7e17d6a2d606de1e3ea110d') in 0.0007151 seconds
Number of updated asset objects reloaded before import = 0Number of asset objects unloaded after import = 0

========================================================================
Received Prepare
Refreshing native plugins compatible for Editor in 7.44 ms, found 4 plugins.
Preloading 0 native plugins for Editor in 0.00 ms.
Unloading 52 Unused Serialized files (Serialized files now loaded: 0)
Unloading 6488 unused Assets / (20.3 MB). Loaded Objects now: 7298.
Memory consumption went from 165.9 MB to 145.6 MB.
Total: 27.242800 ms (FindLiveObjects: 1.233700 ms CreateObjectMapping: 1.806500 ms MarkObjects: 10.153200 ms  DeleteObjects: 14.047200 ms)

Prepare: number of updated asset objects reloaded= 0
========================================================================
Received Prepare
Begin MonoManager ReloadAssembly
Symbol file LoadedFromMemory is not a mono symbol file
- Loaded All Assemblies, in  1.399 seconds
Refreshing native plugins compatible for Editor in 5.37 ms, found 4 plugins.
Native extension for LinuxStandalone target not found
Native extension for Android target not found
Native extension for UWP target not found
Native extension for WindowsStandalone target not found
Native extension for WebGL target not found
Mono: successfully reloaded assembly
- Finished resetting the current domain, in  1.460 seconds
Domain Reload Profiling: 2862ms
	BeginReloadAssembly (428ms)
		ExecutionOrderSort (0ms)
		DisableScriptedObjects (12ms)
		BackupInstance (0ms)
		ReleaseScriptingObjects (0ms)
		CreateAndSetChildDomain (87ms)
	RebuildCommonClasses (72ms)
	RebuildNativeTypeToScriptingClass (24ms)
	initialDomainReloadingComplete (49ms)
	LoadAllAssembliesAndSetupDomain (830ms)
		LoadAssemblies (695ms)
		RebuildTransferFunctionScriptingTraits (0ms)
		AnalyzeDomain (369ms)
			TypeCache.Refresh (14ms)
				TypeCache.ScanAssembly (2ms)
			BuildScriptInfoCaches (329ms)
			ResolveRequiredComponents (21ms)
	FinalizeReload (1461ms)
		ReleaseScriptCaches (0ms)
		RebuildScriptCaches (0ms)
		SetupLoadedEditorAssemblies (1113ms)
			LogAssemblyErrors (0ms)
			InitializePlatformSupportModulesInManaged (53ms)
			SetLoadedEditorAssemblies (7ms)
			BeforeProcessingInitializeOnLoad (230ms)
			ProcessInitializeOnLoadAttributes (610ms)
			ProcessInitializeOnLoadMethodAttributes (206ms)
			AfterProcessingInitializeOnLoad (5ms)
			EditorAssembliesLoaded (0ms)
		ExecutionOrderSort2 (0ms)
		AwakeInstancesAfterBackupRestoration (24ms)
Refreshing native plugins compatible for Editor in 7.31 ms, found 4 plugins.
Preloading 0 native plugins for Editor in 0.00 ms.
Unloading 52 Unused Serialized files (Serialized files now loaded: 0)
Unloading 6502 unused Assets / (19.7 MB). Loaded Objects now: 7301.
Memory consumption went from 165.7 MB to 146.0 MB.
Total: 25.766600 ms (FindLiveObjects: 1.249100 ms CreateObjectMapping: 2.096400 ms MarkObjects: 9.576100 ms  DeleteObjects: 12.842400 ms)

Prepare: number of updated asset objects reloaded= 0
========================================================================
Received Prepare
Begin MonoManager ReloadAssembly
Symbol file LoadedFromMemory is not a mono symbol file
- Loaded All Assemblies, in  1.431 seconds
Refreshing native plugins compatible for Editor in 5.76 ms, found 4 plugins.
Native extension for LinuxStandalone target not found
Native extension for Android target not found
Native extension for UWP target not found
Native extension for WindowsStandalone target not found
Native extension for WebGL target not found
Mono: successfully reloaded assembly
- Finished resetting the current domain, in  1.923 seconds
Domain Reload Profiling: 3358ms
	BeginReloadAssembly (419ms)
		ExecutionOrderSort (0ms)
		DisableScriptedObjects (12ms)
		BackupInstance (0ms)
		ReleaseScriptingObjects (0ms)
		CreateAndSetChildDomain (67ms)
	RebuildCommonClasses (76ms)
	RebuildNativeTypeToScriptingClass (29ms)
	initialDomainReloadingComplete (63ms)
	LoadAllAssembliesAndSetupDomain (847ms)
		LoadAssemblies (704ms)
		RebuildTransferFunctionScriptingTraits (0ms)
		AnalyzeDomain (387ms)
			TypeCache.Refresh (16ms)
				TypeCache.ScanAssembly (2ms)
			BuildScriptInfoCaches (342ms)
			ResolveRequiredComponents (24ms)
	FinalizeReload (1924ms)
		ReleaseScriptCaches (0ms)
		RebuildScriptCaches (0ms)
		SetupLoadedEditorAssemblies (1273ms)
			LogAssemblyErrors (0ms)
			InitializePlatformSupportModulesInManaged (67ms)
			SetLoadedEditorAssemblies (8ms)
			BeforeProcessingInitializeOnLoad (294ms)
			ProcessInitializeOnLoadAttributes (643ms)
			ProcessInitializeOnLoadMethodAttributes (255ms)
			AfterProcessingInitializeOnLoad (6ms)
			EditorAssembliesLoaded (1ms)
		ExecutionOrderSort2 (0ms)
		AwakeInstancesAfterBackupRestoration (29ms)
Refreshing native plugins compatible for Editor in 8.28 ms, found 4 plugins.
Preloading 0 native plugins for Editor in 0.00 ms.
Unloading 52 Unused Serialized files (Serialized files now loaded: 0)
Unloading 6502 unused Assets / (19.0 MB). Loaded Objects now: 7304.
Memory consumption went from 165.8 MB to 146.8 MB.
Total: 24.027100 ms (FindLiveObjects: 1.580600 ms CreateObjectMapping: 1.743000 ms MarkObjects: 9.339000 ms  DeleteObjects: 11.361900 ms)

Prepare: number of updated asset objects reloaded= 0
========================================================================
Received Prepare
Begin MonoManager ReloadAssembly
Symbol file LoadedFromMemory is not a mono symbol file
- Loaded All Assemblies, in  1.471 seconds
Refreshing native plugins compatible for Editor in 5.50 ms, found 4 plugins.
Native extension for LinuxStandalone target not found
Native extension for Android target not found
Native extension for UWP target not found
Native extension for WindowsStandalone target not found
Native extension for WebGL target not found
Mono: successfully reloaded assembly
- Finished resetting the current domain, in  1.848 seconds
Domain Reload Profiling: 3322ms
	BeginReloadAssembly (436ms)
		ExecutionOrderSort (0ms)
		DisableScriptedObjects (12ms)
		BackupInstance (0ms)
		ReleaseScriptingObjects (0ms)
		CreateAndSetChildDomain (77ms)
	RebuildCommonClasses (83ms)
	RebuildNativeTypeToScriptingClass (28ms)
	initialDomainReloadingComplete (56ms)
	LoadAllAssembliesAndSetupDomain (871ms)
		LoadAssemblies (715ms)
		RebuildTransferFunctionScriptingTraits (0ms)
		AnalyzeDomain (407ms)
			TypeCache.Refresh (15ms)
				TypeCache.ScanAssembly (2ms)
			BuildScriptInfoCaches (356ms)
			ResolveRequiredComponents (30ms)
	FinalizeReload (1849ms)
		ReleaseScriptCaches (0ms)
		RebuildScriptCaches (0ms)
		SetupLoadedEditorAssemblies (1363ms)
			LogAssemblyErrors (0ms)
			InitializePlatformSupportModulesInManaged (70ms)
			SetLoadedEditorAssemblies (8ms)
			BeforeProcessingInitializeOnLoad (311ms)
			ProcessInitializeOnLoadAttributes (696ms)
			ProcessInitializeOnLoadMethodAttributes (272ms)
			AfterProcessingInitializeOnLoad (6ms)
			EditorAssembliesLoaded (1ms)
		ExecutionOrderSort2 (0ms)
		AwakeInstancesAfterBackupRestoration (31ms)
Refreshing native plugins compatible for Editor in 8.18 ms, found 4 plugins.
Preloading 0 native plugins for Editor in 0.00 ms.
Unloading 52 Unused Serialized files (Serialized files now loaded: 0)
Unloading 6502 unused Assets / (19.7 MB). Loaded Objects now: 7307.
Memory consumption went from 165.9 MB to 146.2 MB.
Total: 25.119900 ms (FindLiveObjects: 1.176900 ms CreateObjectMapping: 2.109900 ms MarkObjects: 9.492700 ms  DeleteObjects: 12.338100 ms)

Prepare: number of updated asset objects reloaded= 0
========================================================================
Received Prepare
Begin MonoManager ReloadAssembly
Symbol file LoadedFromMemory is not a mono symbol file
- Loaded All Assemblies, in  1.534 seconds
Refreshing native plugins compatible for Editor in 5.38 ms, found 4 plugins.
Native extension for LinuxStandalone target not found
Native extension for Android target not found
Native extension for UWP target not found
Native extension for WindowsStandalone target not found
Native extension for WebGL target not found
Mono: successfully reloaded assembly
- Finished resetting the current domain, in  1.489 seconds
Domain Reload Profiling: 3026ms
	BeginReloadAssembly (402ms)
		ExecutionOrderSort (0ms)
		DisableScriptedObjects (11ms)
		BackupInstance (0ms)
		ReleaseScriptingObjects (0ms)
		CreateAndSetChildDomain (73ms)
	RebuildCommonClasses (78ms)
	RebuildNativeTypeToScriptingClass (27ms)
	initialDomainReloadingComplete (56ms)
	LoadAllAssembliesAndSetupDomain (973ms)
		LoadAssemblies (662ms)
		RebuildTransferFunctionScriptingTraits (0ms)
		AnalyzeDomain (534ms)
			TypeCache.Refresh (22ms)
				TypeCache.ScanAssembly (3ms)
			BuildScriptInfoCaches (378ms)
			ResolveRequiredComponents (128ms)
	FinalizeReload (1490ms)
		ReleaseScriptCaches (0ms)
		RebuildScriptCaches (0ms)
		SetupLoadedEditorAssemblies (1157ms)
			LogAssemblyErrors (0ms)
			InitializePlatformSupportModulesInManaged (57ms)
			SetLoadedEditorAssemblies (9ms)
			BeforeProcessingInitializeOnLoad (238ms)
			ProcessInitializeOnLoadAttributes (586ms)
			ProcessInitializeOnLoadMethodAttributes (263ms)
			AfterProcessingInitializeOnLoad (4ms)
			EditorAssembliesLoaded (1ms)
		ExecutionOrderSort2 (0ms)
		AwakeInstancesAfterBackupRestoration (29ms)
Refreshing native plugins compatible for Editor in 9.33 ms, found 4 plugins.
Preloading 0 native plugins for Editor in 0.00 ms.
Unloading 52 Unused Serialized files (Serialized files now loaded: 0)
Unloading 6502 unused Assets / (19.4 MB). Loaded Objects now: 7310.
Memory consumption went from 165.9 MB to 146.5 MB.
Total: 24.038700 ms (FindLiveObjects: 1.097700 ms CreateObjectMapping: 2.048300 ms MarkObjects: 9.345200 ms  DeleteObjects: 11.544900 ms)

Prepare: number of updated asset objects reloaded= 0
========================================================================
Received Prepare
Begin MonoManager ReloadAssembly
Symbol file LoadedFromMemory is not a mono symbol file
- Loaded All Assemblies, in  1.402 seconds
Refreshing native plugins compatible for Editor in 8.39 ms, found 4 plugins.
Native extension for LinuxStandalone target not found
Native extension for Android target not found
Native extension for UWP target not found
Native extension for WindowsStandalone target not found
Native extension for WebGL target not found
Mono: successfully reloaded assembly
- Finished resetting the current domain, in  1.438 seconds
Domain Reload Profiling: 2842ms
	BeginReloadAssembly (414ms)
		ExecutionOrderSort (0ms)
		DisableScriptedObjects (12ms)
		BackupInstance (0ms)
		ReleaseScriptingObjects (0ms)
		CreateAndSetChildDomain (72ms)
	RebuildCommonClasses (81ms)
	RebuildNativeTypeToScriptingClass (25ms)
	initialDomainReloadingComplete (48ms)
	LoadAllAssembliesAndSetupDomain (837ms)
		LoadAssemblies (690ms)
		RebuildTransferFunctionScriptingTraits (0ms)
		AnalyzeDomain (380ms)
			TypeCache.Refresh (12ms)
				TypeCache.ScanAssembly (2ms)
			BuildScriptInfoCaches (339ms)
			ResolveRequiredComponents (23ms)
	FinalizeReload (1439ms)
		ReleaseScriptCaches (0ms)
		RebuildScriptCaches (0ms)
		SetupLoadedEditorAssemblies (1082ms)
			LogAssemblyErrors (0ms)
			InitializePlatformSupportModulesInManaged (52ms)
			SetLoadedEditorAssemblies (7ms)
			BeforeProcessingInitializeOnLoad (232ms)
			ProcessInitializeOnLoadAttributes (609ms)
			ProcessInitializeOnLoadMethodAttributes (178ms)
			AfterProcessingInitializeOnLoad (3ms)
			EditorAssembliesLoaded (0ms)
		ExecutionOrderSort2 (0ms)
		AwakeInstancesAfterBackupRestoration (21ms)
Refreshing native plugins compatible for Editor in 11.80 ms, found 4 plugins.
Preloading 0 native plugins for Editor in 0.00 ms.
Unloading 52 Unused Serialized files (Serialized files now loaded: 0)
Unloading 6502 unused Assets / (19.3 MB). Loaded Objects now: 7313.
Memory consumption went from 165.9 MB to 146.6 MB.
Total: 31.911400 ms (FindLiveObjects: 1.595200 ms CreateObjectMapping: 2.730600 ms MarkObjects: 14.771300 ms  DeleteObjects: 12.809200 ms)

Prepare: number of updated asset objects reloaded= 0
