{
    "name": "root",
    "gauges": {
        "TrafficLightBrain.Policy.Entropy.mean": {
            "value": 4.952271938323975,
            "min": 4.893324375152588,
            "max": 4.96355676651001,
            "count": 3
        },
        "TrafficLightBrain.Policy.Entropy.sum": {
            "value": 7527.45361328125,
            "min": 6508.12158203125,
            "max": 8239.50390625,
            "count": 3
        },
        "TrafficLightBrain.Environment.EpisodeLength.mean": {
            "value": 17.8625,
            "min": 17.557142857142857,
            "max": 17.8625,
            "count": 3
        },
        "TrafficLightBrain.Environment.EpisodeLength.sum": {
            "value": 1429.0,
            "min": 1229.0,
            "max": 1482.0,
            "count": 3
        },
        "TrafficLightBrain.Step.mean": {
            "value": 875995.0,
            "min": 872997.0,
            "max": 875995.0,
            "count": 3
        },
        "TrafficLightBrain.Step.sum": {
            "value": 875995.0,
            "min": 872997.0,
            "max": 875995.0,
            "count": 3
        },
        "TrafficLightBrain.Policy.ExtrinsicValueEstimate.mean": {
            "value": -5028.91796875,
            "min": -5370.369140625,
            "max": -5028.91796875,
            "count": 3
        },
        "TrafficLightBrain.Policy.ExtrinsicValueEstimate.sum": {
            "value": -402313.4375,
            "min": -406456.84375,
            "max": -370555.46875,
            "count": 3
        },
        "TrafficLightBrain.Environment.CumulativeReward.mean": {
            "value": -1796.6137870192529,
            "min": -53601.08987788913,
            "max": -1796.6137870192529,
            "count": 3
        },
        "TrafficLightBrain.Environment.CumulativeReward.sum": {
            "value": -143729.10296154022,
            "min": -4234486.100353241,
            "max": -133212.78354883194,
            "count": 3
        },
        "TrafficLightBrain.Policy.ExtrinsicReward.mean": {
            "value": -1796.6137870192529,
            "min": -53601.08987788913,
            "max": -1796.6137870192529,
            "count": 3
        },
        "TrafficLightBrain.Policy.ExtrinsicReward.sum": {
            "value": -143729.10296154022,
            "min": -4234486.100353241,
            "max": -133212.78354883194,
            "count": 3
        },
        "TrafficLightBrain.IsTraining.mean": {
            "value": 1.0,
            "min": 1.0,
            "max": 1.0,
            "count": 3
        },
        "TrafficLightBrain.IsTraining.sum": {
            "value": 1.0,
            "min": 1.0,
            "max": 1.0,
            "count": 3
        },
        "TrafficLightBrain.Losses.PolicyLoss.mean": {
            "value": 0.05416417265466104,
            "min": 0.05416417265466104,
            "max": 0.08435421359414856,
            "count": 2
        },
        "TrafficLightBrain.Losses.PolicyLoss.sum": {
            "value": 0.05416417265466104,
            "min": 0.05416417265466104,
            "max": 0.08435421359414856,
            "count": 2
        },
        "TrafficLightBrain.Losses.ValueLoss.mean": {
            "value": 63200274407.083336,
            "min": 54022843.458333336,
            "max": 63200274407.083336,
            "count": 2
        },
        "TrafficLightBrain.Losses.ValueLoss.sum": {
            "value": 63200274407.083336,
            "min": 54022843.458333336,
            "max": 63200274407.083336,
            "count": 2
        },
        "TrafficLightBrain.Policy.LearningRate.mean": {
            "value": 0.00026715334844888743,
            "min": 0.00026715334844888743,
            "max": 0.0002672334859221749,
            "count": 2
        },
        "TrafficLightBrain.Policy.LearningRate.sum": {
            "value": 0.00026715334844888743,
            "min": 0.00026715334844888743,
            "max": 0.0002672334859221749,
            "count": 2
        },
        "TrafficLightBrain.Policy.Epsilon.mean": {
            "value": 0.18905111250000003,
            "min": 0.18905111250000003,
            "max": 0.189077825,
            "count": 2
        },
        "TrafficLightBrain.Policy.Epsilon.sum": {
            "value": 0.18905111250000003,
            "min": 0.18905111250000003,
            "max": 0.189077825,
            "count": 2
        },
        "TrafficLightBrain.Policy.Beta.mean": {
            "value": 0.00445365051375,
            "min": 0.00445365051375,
            "max": 0.0044549834675,
            "count": 2
        },
        "TrafficLightBrain.Policy.Beta.sum": {
            "value": 0.00445365051375,
            "min": 0.00445365051375,
            "max": 0.0044549834675,
            "count": 2
        }
    },
    "metadata": {
        "timer_format_version": "0.1.0",
        "start_time_seconds": "1753295417",
        "python_version": "3.10.11 (tags/v3.10.11:7d4cc5a, Apr  5 2023, 00:38:17) [MSC v.1929 64 bit (AMD64)]",
        "command_line_arguments": "X:\\PROJECTS\\Traffiko\\venv\\Scripts\\mlagents-learn config.yaml --run-id=day4_1208 --torch-device=cuda --resume",
        "mlagents_version": "1.1.0",
        "mlagents_envs_version": "1.1.0",
        "communication_protocol_version": "1.5.0",
        "pytorch_version": "2.7.1+cu128",
        "numpy_version": "1.23.5",
        "end_time_seconds": "1753296354"
    },
    "total": 936.6718854000792,
    "count": 1,
    "self": 0.011247900081798434,
    "children": {
        "run_training.setup": {
            "total": 0.21546249999664724,
            "count": 1,
            "self": 0.21546249999664724
        },
        "TrainerController.start_learning": {
            "total": 936.4451750000007,
            "count": 1,
            "self": 0.02741370245348662,
            "children": {
                "TrainerController._reset_env": {
                    "total": 26.029669199953787,
                    "count": 1,
                    "self": 26.029669199953787
                },
                "TrainerController.advance": {
                    "total": 909.8473927975865,
                    "count": 1115,
                    "self": 0.027099700993858278,
                    "children": {
                        "env_step": {
                            "total": 904.7837737005902,
                            "count": 1115,
                            "self": 891.1983960000798,
                            "children": {
                                "SubprocessEnvManager._take_step": {
                                    "total": 13.565900900750421,
                                    "count": 1116,
                                    "self": 0.10040830180514604,
                                    "children": {
                                        "TorchPolicy.evaluate": {
                                            "total": 13.465492598945275,
                                            "count": 1059,
                                            "self": 13.465492598945275
                                        }
                                    }
                                },
                                "workers": {
                                    "total": 0.01947679976001382,
                                    "count": 1114,
                                    "self": 0.0,
                                    "children": {
                                        "worker_root": {
                                            "total": 787.3415696012089,
                                            "count": 1114,
                                            "is_parallel": true,
                                            "self": 23.701665199594572,
                                            "children": {
                                                "steps_from_proto": {
                                                    "total": 0.0014707999071106315,