{
    "name": "root",
    "gauges": {
        "TrafficLightBrain.Policy.Entropy.mean": {
            "value": 0.4971320629119873,
            "min": 0.46643710136413574,
            "max": 0.6942662596702576,
            "count": 45
        },
        "TrafficLightBrain.Policy.Entropy.sum": {
            "value": 298.7763671875,
            "min": 152.82369995117188,
            "max": 494.91204833984375,
            "count": 45
        },
        "TrafficLightBrain.Environment.EpisodeLength.mean": {
            "value": 55.875,
            "min": 40.0,
            "max": 58.0,
            "count": 45
        },
        "TrafficLightBrain.Environment.EpisodeLength.sum": {
            "value": 447.0,
            "min": 205.0,
            "max": 747.0,
            "count": 45
        },
        "TrafficLightBrain.Step.mean": {
            "value": 522455.0,
            "min": 500498.0,
            "max": 522455.0,
            "count": 45
        },
        "TrafficLightBrain.Step.sum": {
            "value": 522455.0,
            "min": 500498.0,
            "max": 522455.0,
            "count": 45
        },
        "TrafficLightBrain.Policy.ExtrinsicValueEstimate.mean": {
            "value": 12.597981452941895,
            "min": -10.871136665344238,
            "max": 39.04939651489258,
            "count": 45
        },
        "TrafficLightBrain.Policy.ExtrinsicValueEstimate.sum": {
            "value": 100.78385162353516,
            "min": -119.58250427246094,
            "max": 351.444580078125,
            "count": 45
        },
        "TrafficLightBrain.Environment.CumulativeReward.mean": {
            "value": 125.00370979309082,
            "min": -59.04423300425211,
            "max": 132.5573341846466,
            "count": 45
        },
        "TrafficLightBrain.Environment.CumulativeReward.sum": {
            "value": 1000.0296783447266,
            "min": -708.5307960510254,
            "max": 1060.4586734771729,
            "count": 45
        },
        "TrafficLightBrain.Policy.ExtrinsicReward.mean": {
            "value": 125.00370979309082,
            "min": -59.04423300425211,
            "max": 132.5573341846466,
            "count": 45
        },
        "TrafficLightBrain.Policy.ExtrinsicReward.sum": {
            "value": 1000.0296783447266,
            "min": -708.5307960510254,
            "max": 1060.4586734771729,
            "count": 45
        },
        "TrafficLightBrain.IsTraining.mean": {
            "value": 1.0,
            "min": 1.0,
            "max": 1.0,
            "count": 45
        },
        "TrafficLightBrain.IsTraining.sum": {
            "value": 1.0,
            "min": 1.0,
            "max": 1.0,
            "count": 45
        },
        "TrafficLightBrain.Losses.PolicyLoss.mean": {
            "value": 0.07607989537063986,
            "min": 0.056539564374058195,
            "max": 0.07607989537063986,
            "count": 10
        },
        "TrafficLightBrain.Losses.PolicyLoss.sum": {
            "value": 0.07607989537063986,
            "min": 0.056539564374058195,
            "max": 0.07607989537063986,
            "count": 10
        },
        "TrafficLightBrain.Losses.ValueLoss.mean": {
            "value": 2001.5214131673176,
            "min": 1654.7168731689453,
            "max": 2662.902099609375,
            "count": 10
        },
        "TrafficLightBrain.Losses.ValueLoss.sum": {
            "value": 2001.5214131673176,
            "min": 1654.7168731689453,
            "max": 2662.902099609375,
            "count": 10
        },
        "TrafficLightBrain.Policy.LearningRate.mean": {
            "value": 0.00010472819009062498,
            "min": 0.00010472819009062498,
            "max": 0.000111707687764125,
            "count": 10
        },
        "TrafficLightBrain.Policy.LearningRate.sum": {
            "value": 0.00010472819009062498,
            "min": 0.00010472819009062498,
            "max": 0.000111707687764125,
            "count": 10
        },
        "TrafficLightBrain.Policy.Epsilon.mean": {
            "value": 0.134909375,
            "min": 0.134909375,
            "max": 0.137235875,
            "count": 10
        },
        "TrafficLightBrain.Policy.Epsilon.sum": {
            "value": 0.134909375,
            "min": 0.134909375,
            "max": 0.137235875,
            "count": 10
        },
        "TrafficLightBrain.Policy.Beta.mean": {
            "value": 0.0017519778124999998,
            "min": 0.0017519778124999998,
            "max": 0.0018680701625,
            "count": 10
        },
        "TrafficLightBrain.Policy.Beta.sum": {
            "value": 0.0017519778124999998,
            "min": 0.0017519778124999998,
            "max": 0.0018680701625,
            "count": 10
        }
    },
    "metadata": {
        "timer_format_version": "0.1.0",
        "start_time_seconds": "1752817058",
        "python_version": "3.10.11 (tags/v3.10.11:7d4cc5a, Apr  5 2023, 00:38:17) [MSC v.1929 64 bit (AMD64)]",
        "command_line_arguments": "X:\\PROJECTS\\Traffiko\\venv\\Scripts\\mlagents-learn config.yaml --run-id=1719 --torch-device=cuda --resume",
        "mlagents_version": "1.1.0",
        "mlagents_envs_version": "1.1.0",
        "communication_protocol_version": "1.5.0",
        "pytorch_version": "2.7.1+cu128",
        "numpy_version": "1.23.5",
        "end_time_seconds": "1752819450"
    },
    "total": 2392.12825400001,
    "count": 1,
    "self": 0.008448500011581928,
    "children": {
        "run_training.setup": {
            "total": 0.17534109999542125,
            "count": 1,
            "self": 0.17534109999542125
        },
        "TrainerController.start_learning": {
            "total": 2391.944464400003,
            "count": 1,
            "self": 0.4673640006221831,
            "children": {
                "TrainerController._reset_env": {
                    "total": 27.848195300000953,
                    "count": 1,
                    "self": 27.848195300000953
                },
                "TrainerController.advance": {
                    "total": 2363.465024599369,
                    "count": 20207,
                    "self": 0.4334614018443972,
                    "children": {
                        "env_step": {
                            "total": 2340.906487600587,
                            "count": 20207,
                            "self": 2201.0361406019365,
                            "children": {
                                "SubprocessEnvManager._take_step": {
                                    "total": 139.52692629926605,
                                    "count": 20207,
                                    "self": 1.657411599502666,
                                    "children": {
                                        "TorchPolicy.evaluate": {
                                            "total": 137.86951469976339,
                                            "count": 19835,
                                            "self": 137.86951469976339
                                        }
                                    }
                                },
                                "workers": {
                                    "total": 0.3434206993842963,
                                    "count": 20206,
                                    "self": 0.0,
                                    "children": {
                                        "worker_root": {
                                            "total": 2273.9581002986815,
                                            "count": 20206,
                                            "is_parallel": true,
                                            "self": 191.3978792001435,
                                            "children": {
                                                "steps_from_proto": {
                                                    "total": 0.0010018000029958785,