{
    "name": "root",
    "metadata": {
        "timer_format_version": "0.1.0",
        "start_time_seconds": "1752856705",
        "python_version": "3.10.11 (tags/v3.10.11:7d4cc5a, Apr  5 2023, 00:38:17) [MSC v.1929 64 bit (AMD64)]",
        "command_line_arguments": "X:\\PROJECTS\\Traffiko\\venv\\Scripts\\mlagents-learn config.yaml --run-id=1719 --resume --torch-device=cuda",
        "mlagents_version": "1.1.0",
        "mlagents_envs_version": "1.1.0",
        "communication_protocol_version": "1.5.0",
        "pytorch_version": "2.7.1+cu128",
        "numpy_version": "1.23.5",
        "end_time_seconds": "1752856773"
    },
    "total": 68.25233390001813,
    "count": 1,
    "self": 0.01095210001221858,
    "children": {
        "run_training.setup": {
            "total": 0.17553870001574978,
            "count": 1,
            "self": 0.17553870001574978
        },
        "TrainerController.start_learning": {
            "total": 68.06584309999016,
            "count": 1,
            "self": 0.0005078999965917319,
            "children": {
                "TrainerController._reset_env": {
                    "total": 21.75546939999913,
                    "count": 1,
                    "self": 21.75546939999913
                },
                "TrainerController.advance": {
                    "total": 46.067265699995914,
                    "count": 14,
                    "self": 0.0003204000531695783,
                    "children": {
                        "env_step": {
                            "total": 46.066608099936275,
                            "count": 14,
                            "self": 45.541186999937054,
                            "children": {
                                "SubprocessEnvManager._take_step": {
                                    "total": 0.5252102000231389,
                                    "count": 15,
                                    "self": 0.0012814000365324318,
                                    "children": {
                                        "TorchPolicy.evaluate": {
                                            "total": 0.5239287999866065,
                                            "count": 15,
                                            "self": 0.5239287999866065
                                        }
                                    }
                                },
                                "workers": {
                                    "total": 0.00021089997608214617,
                                    "count": 13,
                                    "self": 0.0,
                                    "children": {
                                        "worker_root": {
                                            "total": 8.767604199965717,
                                            "count": 13,
                                            "is_parallel": true,
                                            "self": 3.194328699930338,
                                            "children": {
                                                "steps_from_proto": {
                                                    "total": 0.0006099000165704638,
                                                    "count": 1,
                                                    "is_parallel": true,
                                                    "self": 0.00032980000833049417,
                                                    "children": {
                                                        "_process_rank_one_or_two_observation": {
                                                            "total": 0.0002801000082399696,
                                                            "count": 2,
                                                            "is_parallel": true,
                                                            "self": 0.0002801000082399696
                                                        }
                                                    }
                                                },
                                                "UnityEnvironment.step": {
                                                    "total": 5.572665600018809,
                                                    "count": 13,
                                                    "is_parallel": true,
                                                    "self": 0.0022746000613551587,
                                                    "children": {
                                                        "UnityEnvironment._generate_step_input": {
                                                            "total": 0.004592600016621873,
                                                            "count": 13,
                                                            "is_parallel": true,
                                                            "self": 0.004592600016621873
                                                        },
                                                        "communicator.exchange": {
                                                            "total": 5.560260200029006,
                                                            "count": 13,
                                                            "is_parallel": true,
                                                            "self": 5.560260200029006
                                                        },
                                                        "steps_from_proto": {
                                                            "total": 0.005538199911825359,
                                                            "count": 13,
                                                            "is_parallel": true,
                                                            "self": 0.002865699876565486,
                                                            "children": {
                                                                "_process_rank_one_or_two_observation": {
                                                                    "total": 0.0026725000352598727,
                                                                    "count": 26,
                                                                    "is_parallel": true,
                                                                    "self": 0.0026725000352598727
                                                                }
                                                            }
                                                        }
                                                    }
                                                }
                                            }
                                        }
                                    }
                                }
                            }
                        },
                        "trainer_advance": {
                            "total": 0.0003372000064700842,
                            "count": 13,
                            "self": 0.00022809996153227985,
                            "children": {
                                "process_trajectory": {
                                    "total": 0.00010910004493780434,
                                    "count": 13,
                                    "self": 0.00010910004493780434
                                }
                            }
                        }
                    }
                },
                "TrainerController._save_models": {
                    "total": 0.24260009999852628,
                    "count": 1,
                    "self": 0.015050599991809577,
                    "children": {
                        "RLTrainer._checkpoint": {
                            "total": 0.2275495000067167,
                            "count": 1,